customer_tweet_id,customer_text,amazon_reply,created_at
320049,@AmazonHelp No option to reply for any email .. Please ask support manager to call me ASAP. Its urgent!!,"@192278 In that case, please share your details again from here: https://t.co/beaaDm0muc and we'll get in touch with you. ^ST",Mon Oct 09 03:29:51 +0000 2017
465078,"@AmazonHelp Half my order arrived on time, the other half SAT at a LOCAL facility for 2 days. They tried to deliver after hours to a business address (after assuring me they would deliver BEFORE end of day). 2nd time tonight. Now I have to call &amp; email the delivery dept direct",@225623 I certainly understand this may be frustrating. Will you confirm who the carrier is for this order: https://t.co/PHDn6N9uVd? ^LS,Fri Dec 01 04:05:41 +0000 2017
2350932,"@AmazonHelp My phone got stolen, and I used to have two-factor authentication. I don't live in the US, and my country (Chile) isn't listed on the ""call list"" WHAT CAN I DO!?",@679481 I'm sorry to hear you lost your phone. We can be reached by phone or e-mail by following this link: https://t.co/jzvkhdlrK5 ^AN,Mon Nov 13 17:42:07 +0000 2017
1772307,@115821 you highkey just pissed me off by delaying my order delivery a full month. why the fuck do ya gotta do this shit to me 😭,@532687 I'm sorry for the delayed delivery! Were you provided with an updated delivery date? ^AC,Wed Nov 08 01:47:38 +0000 2017
874519,Hey @115821 - my rubbish bin isn't my 'safe place'. Lucky it wasn't bin day! https://t.co/KRUTyrwCf1,@327623 Oh no! We'd like to look into this with you. Please click here: https://t.co/JzP7hlA23B so we can further assist. ^NM,Fri Oct 13 16:03:47 +0000 2017
2184684,"Strange @115850 
How can you enable Amazon pay check box and then credit card radio button at the same time and throw error when we press continue?
You take money from my Bank to @115823 in 2 minutes but to reverse it you need 15-17 days?

Thought you guys are very advanced https://t.co/hHcQQjcB8v",@639869 I understand your concern. Please get in touch with our support team here: https://t.co/rS49hgaADF so that we can assist you accordingly. ^MN,Thu Nov 09 16:14:57 +0000 2017
142806,"Oye, @116928, si el paquete que habéis dejado delante de la puerta de casa (aunque en Seguimiento del pedido dice, falsamente, que se le entregó a un residente) lo hubiese cogido cualquiera que pasase por allí, ¿qué habría pasado?","@148239 Hola Carlos, ¿nos podrías indicar si el producto es vendido por Amazon o por uno de nuestros vendedores externos? ^KA",Fri Nov 24 12:37:09 +0000 2017
1413421,@115821 Thanks for absolutely nothing. So much for Prime Membership and your guaranteed delivery date. Great job! https://t.co/Q8MBFJrey7,@448468 I am sorry that missed the guarantee date. Have you received your game today yet? ^DA,Sat Oct 28 19:47:18 +0000 2017
2201810,chegou meus livros @115821 te amo,"@643912 Só amor para você, Sarai 💖 Quais livros você recebeu hoje? ^LG",Thu Oct 19 14:21:30 +0000 2017
824078,@AmazonHelp AZNL is the delivery service.,@316301 Thanks for the info. Our team would like to look into this. Please send us your details here: https://t.co/L0tycF6x4k ^GG,Fri Oct 13 00:06:28 +0000 2017
2290859,"@AmazonHelp #JeffBezos , #flipcart . Order cancelled because of non delivery in stipulated time. Order on Amazon needs advance payment. Refund to take 2 weeks !! Amazing tactics Amazon !!","@665414 Sorry, you feel that way. Please reply to the email sent by our specialist team for further insight on your refund. ^VM",Tue Nov 14 09:00:34 +0000 2017
1151136,@AmazonHelp Got it working. Thx.,@390892 Thanks for the update! Please let us know if you need any further assistance. ^BH,Sun Oct 15 20:37:13 +0000 2017
324446,@AmazonHelp Please look at complaints registered for Order #407-4330002-1760315 @115850,@193286 Please don’t provide your order details as we consider them to be personal info. Our Twitter page is visible to public. ^JC,Sat Oct 07 15:35:58 +0000 2017
2964089,"@AmazonHelp Già fatto ma ho ottenuto un risultato: assolutamente no. Mi hanno risposto che per venerdì saranno consegnati, una settimana per avere dei prodotti già pagati e non due giorni lavorativi essendo cliente Prime. Pazzesco, assurdo e poco professionale.","@236677 Comprendo il tuo disappunto e mi dispiace. Da qui non posso verificare il tuo ordine, ma il nostro Servizio Clienti rimane a tua completa disposizione per qualsiasi ulteriore chiarimento: non esitare a ricontattarlo. ^EA",Wed Nov 29 21:49:12 +0000 2017
2052160,LOVE it when you pay for Prime and shit doesn't arrive when it says it will 🙃🙃🙃 @115821,@606902 I'm sorry to hear this! What was the delivery date given in your confirmation e-mail here: https://t.co/7R8P8hZQtW? ^KP,Wed Oct 18 23:37:26 +0000 2017
2869622,Amazonプライム会員なるか悩む(っ `-´ c)ﾏｯ‼,"@796880 |ω・)
ご検討いただきありがとうございます✨
特典の一覧を置いておきますね...! https://t.co/AbfeovjCgG YM https://t.co/gOSQal1SN8",Tue Nov 28 01:25:18 +0000 2017
1144082,"Per essere certo che non mi arrivi in tempi ragionevoli @115821 sta facendo fare il giro d'Italia al mio pacco
#noncicasco #nonmiiscrivoaprime",@389280 Hai riscontrato degli inconvenienti con la spedizione del tuo ordine? ^FS,Tue Oct 24 11:08:49 +0000 2017
1148723,@AmazonHelp If they would've been committed then it would actually have been a genuine product. The Samsung service center informed me that it's a fake,@390330 We will consider this as feedback and ensure to pass it on internally for improvements. ^RW,Wed Oct 25 03:53:28 +0000 2017
2880426,"Le principe, c'est d'acheter *un* cadeau de Noël au meilleur prix. Ben avec @115821 c'est pas forcément simple. https://t.co/f9oucvQwal","@799331 Bonjour, Est-ce que la date de livraison a changé ? ^SN",Tue Nov 28 07:56:45 +0000 2017
2945573,"@AmazonHelp Most recent tracking info. I have my doubts about that delivery time, considering. https://t.co/zLUJFZunDS",@223600 We'd like to look at this order with you and help the best we can! Please reach out to us by phone: https://t.co/hApLpMlfHN ^DD,Wed Nov 29 18:19:01 +0000 2017
2917189,"@AmazonHelp I just want to know what time it would leave the warehouse. No one is assuring me it's going to actually leave the warehouse today. That's my concern. The last time this happened, you guys were actually out of stock.","@807445 I'm sorry, we can't speculate on our warehouse shipping time-frames. It's not uncommon for an item to ship and be delivered the same day it's due, though. ^AM",Tue Nov 28 23:53:36 +0000 2017
2913146,@116875 que puedo hacer con las compras que hice si mi cuenta está suspendida?,"@806436 ¡Hola, Alfonso! Sin compartir información personal, ¿podrías informarnos si recibiste un correo con instrucciones sobre como accesar a tu cuenta de nuevo?. ^NB",Tue Nov 28 22:31:47 +0000 2017
99913,"Seriously annoyed that my mattress from @115821 hasn't arrived yet and tracking says ""wait a few days""",@137877 I'm so sorry for the wait! What was the original estimated delivery date? ^DY,Thu Nov 30 17:10:07 +0000 2017
2906573,"So @115830 left my delivery (which contained an expensive electronic item) in the garden, all day.. unsheltered! Oh and it rained. . . #nothappy #useyourhead #merryxmas https://t.co/zZCbNvd1Gq","@498268 I'm so sorry your parcel was left out in the rain! Is the item okay? Also, just to clarify, is the back garden not the safe place you selected? ^WJ",Tue Nov 28 20:05:55 +0000 2017
853920,"@AmazonHelp Yeah been a customer for many years and been let down SO MANY times , I know how it works.",@322823 Apologies - does your tracking indicate a delivery attempt ?  ^TD,Fri Oct 13 15:18:34 +0000 2017
820637,@AmazonHelp Okay! Will be waiting for that.👍🏻,"@315474 Awesome, definitely a great watch! :D ^HD",Thu Oct 12 22:21:13 +0000 2017
629585,Hey @AmazonHelp I ordered something on Sunday from my Prime account. Thought it would’ve been delivered already. Checked status and won’t be delivered until Saturday. Your CS rep claims I selected standard shipping. I didn’t. Why would I? Now I have to buy locally. Thanks.,@269139 I'm sorry to hear this. We expect items to arrive by 8 PM on the date shown at checkout. That date can also be found in your confirmation e-mail. Please let us know if we ever miss that date. ^LI,Wed Nov 22 15:34:47 +0000 2017
236164,@AmazonHelp There is no option not to auto renew because th payment got declined. I don't want to add a working card because I will be charged.,@172247 Hi Annabel- Might be best to speak with us directly and we can see what we can do for you: https://t.co/JzP7hlA23B ^NV,Sat Oct 07 12:45:03 +0000 2017
2299567,"Le jour J approche ! :)
J'espère que les dates sont bonnes @120533 😁
#YourName https://t.co/lChz8999DO","@667446 Bonjour, la date de sortie approche ;) Le nécessaire est fait pour vous livrer dans les délais indiqués sur votre compte. ^MH",Sun Nov 12 15:54:35 +0000 2017
2858113,dear @AmazonHelp - I’m not sure this is how I was meant to receive my moisturiser 🙈 what do I do about getting it sorted please? https://t.co/W0tW8ShS3S,@154204 I'm sorry for the trouble! Let's go over your available options here: https://t.co/JzP7hlA23B ^LL,Mon Nov 27 21:55:27 +0000 2017
874570,@AmazonHelp @115850  @115821 @115830 finally i blocked by amzn and i hv no way to contact amzn...i want my mony ....#chor_amazon https://t.co/elf3cVJ79v,@326597 We have responded to your query here; https://t.co/8DAc10S7ww. Please refer to the email sent by social media team. ^SY,Wed Oct 18 03:47:30 +0000 2017
1168499,Looks like the @118706 thought my @115821 box was actually a football. https://t.co/VA1nDtvwtv,"@394854 Terribly sorry for the damage, Matty! Looks like someone spiked this in the end zone! 😨 Were the contents damaged? ^JZ",Sun Oct 15 19:55:05 +0000 2017
107266,@AmazonHelp just received an email staying I have to send in Information of my address an so on  can you explain why this is? I've purchased from you  before with no hassle and now this?,"@139823 We don't have access to accounts over Twitter. However, you can reply to the e-mail you received with any questions. ^AJ",Thu Nov 30 21:11:39 +0000 2017
572839,"Had to cancel this order from @115850 on 28th Nov and it's been 5 days already with no update on my refund as well the 3k Amazon card voucher that I used. What's wrong with your #customerservice #amazon?!? My 30,000 is stuck! This is just unacceptable!! https://t.co/tN1uEyQWoy","@254616 Please don't provide your order details, we consider it to be personal information. Our page is visible to the public. (2/2) ^JS",Sun Dec 03 05:28:16 +0000 2017
1240390,@AmazonHelp It's just sad. People shouldn't waste money on prime services or membership. It's a scam.,"@151182 We try to deliver the packages as early as possible. It's rare that the estimates are rescheduled. An email has already been sent to you with a reply, please check it using this link here: https://t.co/NTkrxpsbHJ ^KA",Tue Nov 14 06:01:06 +0000 2017
1104500,@117795 thank u for allowing us people to feel more entitled then we already do I want my stuff now &amp; when I mean now I mean Sunday,@380638 W/out giving account info can you tell us what's going on? Did an order not arrive on time here: https://t.co/Y5jpI9gRhE? ^JM,Mon Oct 23 22:59:24 +0000 2017
2089246,Bunch of @115830 orders left outside and not been received. Tried complaining and emailing. Does anyone have a number?,@617605 Sorry to hear and thanks for highlighting. Can you request call back here: https://t.co/JzP7hlA23B? ^MC,Wed Nov 08 10:13:46 +0000 2017
1170200,Amazon just emailed me to let me know delivery on my pre-order of @13505's book will be delayed. Must have crushed that presale,"@395240 I'm sorry for the delay! Please keep us posted on your order's arrival, we want to ensure your receive it. ^EZ",Sun Oct 15 20:14:07 +0000 2017
292333,"@AmazonHelp Promotion is advertised here: https://t.co/t0E3aW4WTg

I purchased the ASUS 1080 Ti linked on that page, was told by a rep it isn't eligible","@185625 So sorry for the issues, Cody. I'm unable to see the promo on the page you provided. Can you link us to the promo directly? ^AD",Fri Oct 06 16:36:27 +0000 2017
1093241,Amazonからカメラ等届いたけど、一緒に注文したSDカードが入ってないよ😤電話も繋がらないし😤,@378006 ご迷惑をおかけしております。アマゾンが販売発送する商品であれば、注文履歴から交換のお手続きをいただくことにより商品を再度送らせていただきます。商品の返品&gt;付属品や特典が不足しているを選択、コメントに商品が入っていなかった旨を記載してください。ET,Sun Oct 15 04:27:25 +0000 2017
2437734,@AmazonHelp Useless,"@337608 We'd like to help, kindly share your details here: https://t.co/GIJyeYqKE0, and we'll reach out to you soon. ^MA",Sun Oct 29 16:01:10 +0000 2017
1891371,@115850 my orders 405-3303122-0102700 and 405-2724334-8547546 hasn't been delivered even though it has reached the destination.,"@564005 We ship the products to meet the estimates, could you please tell us if we've missed the estimated delivery date? 1/2^HN",Wed Oct 18 12:02:00 +0000 2017
1371412,MY PHONE CASE CAME IN AND ITS A 6S NOT A 6S+ FUCK YOU @115821,@439222 I'm sorry for the mix-up! You can view refund/replacement options with us here: https://t.co/QWDWOxot5y ^KP,Mon Nov 06 19:52:44 +0000 2017
2403967,Sto scoprendo cose fantastiche su @120540.. a questo punto bisogna solamente aspettare il #blackfriday2017,@691513 🎉. ^RP,Tue Nov 14 14:03:53 +0000 2017
1710134,@AmazonHelp I could not find any correspondence in regards to my case of delivery of marble piece in place of mobile https://t.co/htEVZqlLQt,@518120 Thank you for the confirmation. Our concern team is looking into it and we'll contact you as soon as we receive an update. ^AM,Thu Nov 09 10:30:58 +0000 2017
231753,@AmazonHelp Not at all. Haven't added at all,@171198 Let us check this out for you. Please drop your details here: https://t.co/nQrSan0COS and we'll reach out to you. ^VM,Wed Oct 04 03:21:58 +0000 2017
326717,"@AmazonHelp You tell me, i'm weak with tech https://t.co/mhP20nXAni",@193845 That appears to be an error on your console that you're using. You may explore return options here: https://t.co/fBHnnCmV5f ^JE,Sat Oct 07 16:33:49 +0000 2017
1235557,"@AmazonHelp Oi! Ainda não, isso que me preocupa.",@409802 Poderia nós enviar o link do livro que você comprou? ^DA,Wed Oct 25 18:36:47 +0000 2017
2953663,your service is useless @AmazonHelp,"@815514 Hey Jack, I'm so sorry for the poor experience you've had with us! Without providing account or personal details, could you tell us what the original issue is? ^AR",Wed Nov 29 18:09:35 +0000 2017
218099,@AmazonHelp I actually got my code late last night. Happy I got it but I should have received it earlier and I got it after putting in a request. Thanks,"@167997 Ok, glad you got the code, thanks. ^KM",Thu Oct 05 10:51:08 +0000 2017
347354,"@AmazonHelp No, I was not given a reason, nor would any makes sense. Secondly, you sent me a link to a warranty page, not anything about reviews.",@194382 Whoops! This link should do the trick: https://t.co/Ck6LoxwmPV ^JZ,Sun Oct 08 14:26:47 +0000 2017
1119618,@149473 @115850 track no. 69987244611. Its in same city from 22 Oct thn why it's getting deliver late by 27 . Supposed to b on 23,"@207973 Please don't provide your tracking details, we consider it to be personal information. Our page is visible to the public. ^KA",Tue Oct 24 05:19:21 +0000 2017
373286,"@AmazonHelp Person I spoke with was confused, didn't understand what was going on and just told me someone would get back to me.",@204453 I understand you frustration! We'll do everything we can. Please let us know if you need assistance in the mean time. ^HC,Mon Oct 09 00:28:18 +0000 2017
1226571,@AmazonHelp I already did that. Got a revert on mail but not on call.,"@404398 Please write back to the email you've received from our team, requesting for a call back and we'll get back to you. ^SQ",Thu Oct 26 00:12:21 +0000 2017
1723429,@115851 @7092 @115850 @AmazonHelp Nth apologetic email from @115850 but no solution. Utter waste of time. https://t.co/35mpj3FEFf,"@507510 We'd like to fix this for you, Sudhanshu. I'd request you to write to us using the registered email address or phone number.^JC",Tue Nov 07 08:18:07 +0000 2017
2668012,@115830 appear to have updated the app to make it impossible to contact anyone about your order.  Just in time for the Christmas rush....great work 👍🏻🖕🏻,@751552 Have you tried reaching us here: https://t.co/JzP7hlA23B ?^CD,Sun Nov 19 09:48:05 +0000 2017
1544573,@115821 As a prime member it is unacceptable that items promised to be delivered within two business days are not arriving on time.,@478417 I'm sorry for the wait! Did we miss the delivery date shown here: https://t.co/Y5jpI9gRhE? ^LJ,Sat Nov 04 05:14:25 +0000 2017
2318469,@115821 why do my orders disappear when an item goes out of stock but I don’t get a notification about it so I can order something else?,@672085 I'm sorry you didn't receive any notifications! Did you receive an e-mail from Amazon about your order? ^DD,Thu Oct 19 23:21:38 +0000 2017
113795,"@AmazonHelp Amazon video app won't play on @172 smart TV. All loads up OK but as soon as I choose a programme and press play, it just reverts back to the tv...can anyone help?",@141275 Hi. Has this just started happening or have you always had this issue? Is there any error message or just back to normal screen? ^NV,Thu Nov 23 16:21:43 +0000 2017
2094043,"@AmazonHelp Nel mio, vero e con prime, l'ordine risulta in consegna il 10 novembre.
Il quello simulato invece https://t.co/dczRI8YTwn",@207161 Contatta la nostra Assistenza cliccando qui: https://t.co/YtcS8zMWhk. ^MA,Wed Nov 08 11:01:53 +0000 2017
286354,@AmazonHelp Thanks for reply  but english version also do the job with hindi and bengali subs,@159201 You're welcome. We'll be sure to share your preference internally. ^VN,Fri Oct 06 14:50:01 +0000 2017
682477,"@AmazonHelp Order wrongly marked as delivered on 16-Oct, but, no update/delivery till now even  after repetitive complaints. Is there any support system still available in Amazon? #PatheticSupport","@282888 I understand that the issue has prolonged enough and I apologize for it. Please be assured that our team is actively working on this. For further information and updates, please revert to the latest email received from us. ^SK",Sat Nov 11 13:21:37 +0000 2017
2893163,"@AmazonHelp i use .com ... i have all of Saga Six Pack ""kindle edition"", except Saga Six Pack 7.",@801893 Thank you for confirming! I'm afraid we don't have access to this information. We suggest keeping an eye out online for any changes! ^AB,Tue Nov 28 15:30:18 +0000 2017
1343571,@AmazonHelp I’ve tried that! I’d happily print it myself but this is the page I keep getting when I ask to return it. Says I need to take it to a store. https://t.co/WKF1At4nvm,"@433357 I'm so sorry for the trouble. We'd like to help sort this out, please contact us here: https://t.co/JzP7hlA23B ^CO",Fri Oct 27 16:27:46 +0000 2017
206787,"@AmazonHelp Sí, esto lo llevo haciendo varias veces al día desde el jueves pasado. Estoy empezando a perder la paciencia.",@164973 ¿Qué te han indicado en nuestro Soporte al Cliente? ^JQ,Wed Oct 04 21:40:06 +0000 2017
745083,@AmazonHelp @115850 U r as competent as ur customer service on ph.,"@298115 We'd like to help, Amit. As requested earlier, please send us your details through the link shared earlier. ^MA",Wed Oct 11 17:23:33 +0000 2017
2931329,@AmazonHelp Nope. Like I said they never even knocked. It was royal mail. I did get my usual post and heard the letter box so went and checked to see if there was anything about Amazon but nothing. Used prime to do online Christmas shopping so it would be delivered.,"@810808 I am sorry to hear this - have you checked the tracking for RM to confirm they attempted delivery? If so, do you have issues collecting from the Sorting Office ? ^TD",Wed Nov 29 08:02:03 +0000 2017
2291866,@115850 what's this? Scam? Genuine? https://t.co/kiJeQLNt6q,"@369319 I get your concern. However, this isn't from Amazon. You can find the offers listed in our website. You can access our website or app for offers. ^JS",Sun Nov 12 11:53:28 +0000 2017
1071144,@115830 can you DM about an aftersales issue. Thanks,"@372768 Absolutely! Please DM us, using this here: ^AH https://t.co/1XyLaGkcaN",Mon Oct 23 15:58:30 +0000 2017
497290,@AmazonHelp https://t.co/O6Mf9WBWMR,"@233672 It looks like we don't have an estimated delivery date yet available for the product. Once a date is calculated, we will e-mail you with an update! ^AB",Fri Dec 01 19:01:18 +0000 2017
306558,@AmazonHelp https://t.co/fmgg5St9VX is unresponsive.. The maker is a month old and stopped working. We would like to have it replaced,@189193 Please reach us directly via phone or chat so we can go over available options with you: https://t.co/EKXRLsnxJu ^BV,Fri Oct 06 23:29:58 +0000 2017
281342,"@AmazonHelp What excuses your CCEs  give.  I've got sms for an early delivery, he is stuck on 9th Oct.",@183036 We deliver orders by 8 PM on the Estimated Delivery Date. I request you to kindly wait till the time and 1/2 ^SB,Fri Oct 06 14:21:59 +0000 2017
2663165,"@120540 come mai ho ordinato un libro il 6 novembre, che sarebbe dovto arrivare il 16 novembre ma non mi è ancora arrivato? Se vado negli ordini in corso dice : spedito... ma ho paura che il pacco non arrivi più.",@750512 Si tratta di un ordine spedito da Amazon o da un venditore Marketplace? Clicca qui: https://t.co/oGmhNDaGue per verificarlo. ^VE,Sun Nov 19 08:24:50 +0000 2017
1547229,@115830 Not sure how 3 days to deliver an item is considered Prime service. #badservice #nextdaydelivery,@479066 So sorry about the delay. We do aim to deliver by the delivery date given at the time the order was placed. ^KM,Sat Nov 04 07:30:21 +0000 2017
450733,@AmazonHelp Chronopost (171-9848344-0373941 le numéro de commande),"@221867 Nous ne manquerons pas de remonter cela, je vous prie également de le signaler à notre SAV via : https://t.co/hgIrz98cdI afin d'y remédier.
^KE",Thu Nov 30 21:53:58 +0000 2017
2399207,@AmazonHelp Do you mean email customer service or use the website to cancel the order. This loaded when I clicked on cancel order. https://t.co/G3p0hhRKvi,@690399 Try contacting us directly on a browser instead of the app. ^KM,Sat Nov 18 08:45:03 +0000 2017
2115621,@AmazonHelp  living in belgium I can pick amazon.de or .fr for a prime membership.  Is the movie / series selection and choice of languages based on my location or the country prime membership (.de or .fr) that I would pick? thanks,@623671 Hi! Neither nor. You will get access to https://t.co/fh7vpInAEG instead. ^AS,Wed Nov 08 14:51:47 +0000 2017
1051929,"@AmazonHelp Order 
202-0668226-2705165 is now over 10 days late for delivery. Please can you cancel and refund item. Many thanks.","@273534 Hi, we do not have access to your account via Twitter. You can cancel your order here: https://t.co/aaDyEz1VgE ^CR",Mon Oct 23 08:28:30 +0000 2017
2845580,@AmazonHelp had placd oneplus5t jst after its https://t.co/OQcCaKVDfX claim to deliver prepaid order to prime members in 3-4days but it hasnt reached yet,@791502 I'm sorry for the delay in delivering your order. Have you reported this to our support team here: https://t.co/vlvfJr4nN9? We'll be glad to help. ^MJ,Mon Nov 27 18:01:15 +0000 2017
437932,"One of the worst experience of selling on @115850. Item dispatched on 2nd November, rejected by buyer on 5th and for next 3 weeks nobody is aware where the hell returned package is. Lost my one month following up and lost so many buyers who will bear the cost of lost time?",@219032 I understand your concern regarding the delivery of the product. Apologies for the unpleasant experience. Please fill in your details here: https://t.co/beaaDm0muc and we'll get in touch with you at the earliest. ^SC,Sat Nov 25 05:38:54 +0000 2017
2459161,Is @115821 prime app really the only app that doesn't link from your phone to a smart TV?🤔 Get on your shit.,"@704274 Hello Ian - To connect to Smart Devices, we recommend using our Alexa app.  Here are some tips on how to connect the Alexa app to your Smart TV: https://t.co/7NMOzgH6jm ^KL",Wed Nov 15 06:21:16 +0000 2017
1366088,@AmazonHelp Ciao. Segnalato al servizio clienti sabato pomeriggio e casualmente sabato sera i tre pacchi che aspettavo sono stati danneggiati e non arriveranno più. Vostro corriere +++,@438019 Mi dispiace per l'accaduto! Posso chiederti chi era il corriere? ^MA,Mon Nov 27 11:45:29 +0000 2017
511716,@AmazonHelp There is no updated delivery date but it's Amazon Prints so it's not on that information,@237642 Thanks for your continued patience! Orders may be delayed for various reasons during Holiday peak times. You will receive an email containing tracking information when it ships. Sorry for the inconvenience. ^SH,Sat Dec 02 01:54:28 +0000 2017
2284193,@AmazonHelp no reason. Tried to get a refund on my shipping was told I had to wait until Tuesday to see if it gets delivered or not,@663792 I see. Thank you for confirming! Please allow us another opportunity to resolve this for you by phone or chat here: https://t.co/hApLpMlfHN. We want to make this right! ^SD,Sat Nov 11 16:17:04 +0000 2017
1249443,@AmazonHelp Friday 10/27,@203605 We will send you a confirmation e-mail once it ships. Let us know if you run into issues! ^EB,Thu Oct 26 03:36:50 +0000 2017
608016,@AmazonHelp « En transit »,@264519 Et quelle était la date prévue de la livraison de votre commande ? ^SB,Wed Nov 22 12:24:11 +0000 2017
1092429,@116316 Das ist schonmal was. Vielen lieben Dank :),@377790 Bitte 😊,Mon Oct 23 21:00:35 +0000 2017
806327,@AmazonHelp Yeah my package was suppose to arrive yesterday by 9pm now it says it might not come until tomorrow,"@312151 Sometimes delays can happen, but we want to make sure you receive your order! Let us know if it doesn't arrive by tomorrow! ^ME",Thu Oct 12 17:55:21 +0000 2017
2094046,"@AmazonHelp Perché dovrei contattare la vostra assistenza per un problema causato da voi e dipendente dal vostro scadente sistema di spedizioni? Io mi limiterò ad acquistare altrove d'ora in poi visto che, oggettivamente, mi discriminate.","@207161 Da Twitter non abbiamo modo di fare tutte le verifiche necessarie, per questo è necessario contattare il Servizio Clienti. ^CS",Wed Nov 08 11:32:47 +0000 2017
1554354,"Great customer service from Jürgen at @116316 , thanks!",@480784 Thanks 🙂 You are welcome. Kind regards ^TR,Sat Nov 04 11:11:32 +0000 2017
862505,@115850 @AmazonHelp #cheating  careless  orderd 5738 received 3738 replacement is also the same #AmazonEffect #bechoaurbhago https://t.co/TalRcEL43r,"@324801 Please don’t provide the order details, we consider it to be personal info. Our Twitter page is visible to public. 2/2 ^MA",Fri Oct 13 14:35:39 +0000 2017
1406098,I updated the card and they try to take the money agin but I already buy it before @AmazonHelp,@446836 Are you still seeing the payment revision message for your order after updating the card? ^KH,Mon Nov 13 13:23:40 +0000 2017
534144,"@AmazonHelp Juste marre de jouer au chat et souris ....
Pour moi c'est pas grave....Des offres y'en a partout mais au vu de la manière...Les 3 ou 4 retraits ""incompréhensibles"" d'amazon, on demandera le remboursement Justificatifs à l'appui...On le fera aujourdhui
Merci bon courage",@243713 Vous pouvez remplir ce formulaire : https://t.co/HtUowg2UGX afin de pouvoir consulter votre compte et remonter ces retraits au service concerné ^ME,Sat Dec 02 12:50:55 +0000 2017
2885683,@AmazonHelp Worst support by team. @8105 I want to file a complaint against this company. Kindly help me,@772338 I'm sorry to hear you've had a poor experience with us! May I inquire as to what the issue is? ^RO,Tue Nov 28 11:46:16 +0000 2017
668518,@AmazonHelp Yes,@279400 I am sorry to hear this. Can I ask have you been updated via email as to why the order is delayed please?^GA,Thu Nov 23 09:57:18 +0000 2017
510268,"@AmazonHelp Vu tous les tweets que je viens de lire, c'est inadmissible que Amazon prenne encore @120535 pour ses envois. Laissez nous le choix du transporteur au pire ...",@237233 Le choix du transporteur n'est malheureusement pas possible mais vos avis nous sont importants pour améliorer la qualité des services. Merci pour votre compréhension. ^MH,Sat Dec 02 00:30:47 +0000 2017
2772345,decepcionada com a @117086 nunca atrasava encomenda. aí comprei o som e a fúria doida pra procrastinar essa semana e já tá 3 dias sem chegar aqui em casa. enquanto um box q minha roommate comprou na Black Friday já tá aqui :|,"@774908 Olá. Me diga, qual a data de entrega indicada no e-mail de confirmação do pedido? Por favor, não compartilhe o número de pedido. ^CR",Mon Nov 27 00:29:58 +0000 2017
109831,@AmazonHelp Mi compra esta retenida desde el viernes pasado :(,@140388 Lamentamos los inconvenientes con tu pedido. Nos gustaría saber ¿Ya te has puesto en contacto con el transportista? En este enlace puedes encontrar la información de contacto de los transportistas: https://t.co/l2spuiwlpF. ^MZ,Thu Nov 23 22:04:50 +0000 2017
167936,"Qd tu a 4 fois @120533 au téléphone pour te dire que ta commande n'est pas envoyée car il manque encore un produit mais que tu ne peux pas l'annuler parce qu'elle est sur le point d'être expédié.
Et bah ça énerve un peu qd même.","@155066 Bonsoir Yann, désolée d'apprendre cela. La livraison de votre colis est prévue pour quand s'il vous plaît ? ^MA",Fri Nov 24 20:33:02 +0000 2017
2825625,@AmazonHelp Tell me reason why shouldn't we file a case in the consumer Court.,"@287440 We wouldn't be able to comment on that. However, we'd love to assist you regarding your order. Therefore, request you to use the link provided above to get in touch with us. Appreciate your understanding. ^AM",Mon Nov 27 14:28:46 +0000 2017
45525,@AmazonHelp Yep. Original estimate 27 October. New estimate 31 October. It's been 'in transit' since Friday....,"@126077 We'd like to take a closer look at the delivery with you. When you have a moment, contact us here: https://t.co/JzP7hlA23B ^RA",Wed Nov 01 16:53:57 +0000 2017
986352,"@115850 @115821 @AmazonHelp : outrageous!my uncle ordrd mobile # 405-5688067-2004349.D mobile was returned,but the amount was not refunded","@353765 Also, please don’t provide your order details as its personal information. Our Twitter page is visible to public. 2/2 ^RS",Sun Oct 22 11:11:31 +0000 2017
63959,@AmazonHelp That’s the customer care link itself which hasn’t helped at all. I was told that it would be delivered within two hours and it’s been more than 18 now.,"@130691 I’m sorry about this experience with your order delivery. I’d like to assist you, please fill this form: https://t.co/beaaDm0muc and I’ll contact you at the earliest ^RW",Thu Nov 30 08:05:00 +0000 2017
72014,初めてAmazon優秀やんって思った https://t.co/LMIusQLoOo,@132157 (お褒めいただき、恐縮でございます・・・)O o｡.(´ω`) ET,Thu Nov 30 09:54:44 +0000 2017
274053,Amazonのコンビニ支払いの仕方がわからない,@181484 こんにちは、Amazonです。お支払いの仕方がわからないとのことですが、詳しくおしえていただけますか？SK,Fri Oct 06 05:07:50 +0000 2017
877703,"@AmazonHelp In asking for help, Amazon disconnects the chat. Thanks. https://t.co/z0O2JdhOGL","@328046 Oh my! I'm sorry for this. Just to clarify, were you able to get back through to us? If not, can you tell us what's going on? ^AL",Fri Oct 20 18:41:43 +0000 2017
764758,A little annoyed my @115830 delivery was delivered this afternoon while I was at work and just left outside my front door! Any1 could have,"@302782 Terribly sorry about that, Tamsin! Are those instructions arranged as your safe space here? https://t.co/qlmL6Px359 ^JD",Wed Oct 11 21:53:09 +0000 2017
1272945,@AmazonHelp I requested for return my honor band 3 but my package not pick up and I contacted your customer care but I didn't get pick up,@417961 Apologies for the delay in the pickup. Please share your details here: https://t.co/GIJyeYqKE0 and I'll help. ^ZH,Mon Oct 16 07:09:56 +0000 2017
2127980,"@115821 could you please not use @3375. Stick with just USPS, UPS, and FedEX. Thanks!","@626476 Hi, Brenda! Thanks for reaching out. Are you having trouble with a delivery? We'd love to help! ^BL",Sat Nov 04 17:56:21 +0000 2017
2719470,@AmazonHelp @115850 pls help i have placed an order but still i have not received any order no on my no or on email pls help asap.,@763166 Apologies for the hassle. May I know if you have contacted our support team here: https://t.co/vlvfJr4nN9? ^BS,Mon Nov 20 08:01:41 +0000 2017
980691,@AmazonHelp 問い合わせ先が見つからず困っておりました。ありがとうございます。,@352525 とんでもないことでございます。どうぞよろしくお願いいたします。TN,Sat Oct 14 09:02:38 +0000 2017
2672272,Facing bad experience wid @115850 my odr getting delayed or cancel without any reason despite subscription of prime membership,@752406 Sorry for the hassle. Please report this to our support team here: https://t.co/vlvfJr4nN9 and we'll check this. ^HN,Tue Oct 31 10:55:24 +0000 2017
2460278,Hey @115821 I'd appreciate it if you would cancel my order for me😅😅😅😅😅😅😅,@704512 Thanks for reaching out to us! We don't have access to your account via Twitter. Please check here for returns/refunds: https://t.co/WYHOlCv0Ty ^MO,Sun Nov 26 18:40:07 +0000 2017
1605142,@AmazonHelp setting up a new echo dot and it won't accept my Canadian address and postal code for location.,@492403 Let's troubleshoot this in real time. Please call or chat with us here: https://t.co/8aLWUDKw7H ^BA,Sun Nov 05 02:00:10 +0000 2017
1445308,@AmazonHelp I wasn’t able to find the promo again or chose another book,"@455389 Have you tried reaching out directly to Audible regarding this? If not, click here: https://t.co/ZHxFfZRydG ^JA",Mon Oct 16 19:31:32 +0000 2017
714724,My signed copy of #TurtlesAllTheWayDown is not signed &amp; also the last 20 pages or so are glued together? @115821 wtf?,@290977 Sorry it arrived like this. Please get in touch with us directly to look into available options: https://t.co/wwV8Sk03wp ^CL,Tue Oct 10 23:37:27 +0000 2017
2882541,@AmazonHelp I can't see it anywhere at all.,"@799751 Hi Alana, when you click on the ""Track package"" button it will tell you which company delivered this. ^KK",Tue Nov 28 10:22:17 +0000 2017
1713805,沖縄で着る水着、１０月中旬に頼んだのに、その後に「この商品は11月4日からの配送です」って通知来て、終いには金曜日に輸送しましたって通知もきたのに、いまだに来ないってAmazonさん本当にやだ( ᐛ👐),"@519009 ご心配をおかけしております。お届け予定日を過ぎている場合、こちらからご連絡ください。https://t.co/J6YEizo6qC 
出品者が発送する商品の場合、出品者までご連絡ください。&gt; https://t.co/bpqWb4Zbe4 YM",Tue Nov 07 02:14:43 +0000 2017
1458046,@115821 when is it ever acceptable to leave a pkg here? https://t.co/0VQoEncOLE,@458408 I'm sorry your package was left there! Can you confirm who the carrier was for this delivery? https://t.co/Y5jpI9gRhE ^EZ,Thu Nov 02 20:29:26 +0000 2017
1117742,@AmazonHelp Oct 23rd,@383729 Thank you for the update. Is there a recent update from the carrier tracking? Late orders typically arrive the next day. ^GM,Tue Oct 24 04:53:10 +0000 2017
267329,@AmazonHelp amazon I ordered a package on September 14th and paid extra for shipping to get by the 18th. I still don't have the package!,@179725 I'm sorry we haven't delivered your package! What does the latest tracking show here https://t.co/Y5jpI9gRhE Keep us posted! ^LB,Thu Oct 05 23:52:44 +0000 2017
1066672,@AmazonHelp get this when trying to install flex any advice phone is Sony Xperia xz https://t.co/z77uOP8Azu,@371726 Uh-oh! Have you tried the troubleshooting steps listed here: https://t.co/RjydTNfpof Keep us posted! ^BN,Mon Oct 23 14:08:02 +0000 2017
2291167,@AmazonHelp そうさせて頂きますー！,@665470 お手数をおかけいたしますが、どうぞよろしくお願いいたします。HM,Sun Nov 12 10:28:00 +0000 2017
12540,"@AmazonHelp Message from Rahul from Social Media team.
Upon checking your order I see that issue is being handled by Executive Customer Relations team.","@118505 As requested, please respond on the requested email and our specialist team will reach out to you. ^HK",Sun Oct 29 04:22:08 +0000 2017
1700072,@AmazonHelp keep getting error redeeming code message when im trying to redeem my sonic forces preorder code. Help?,@515557 This item is not released until November 7th. Please let us know if you're not able to redeem it after it is released. ^JS,Mon Nov 06 20:42:05 +0000 2017
1292068,If they’re ‘here for me’ I think @AmazonHelp have fallen down the same  black hole that my parcel appears to have fallen down. https://t.co/NnLWBSf3mj,"@422157 We want to make sure you receive your order. If it doesn't arrive by 21:00, we'd like to help here: https://t.co/JzP7hlA23B ^RA",Sat Nov 25 20:20:55 +0000 2017
2843648,@AmazonHelp hi. Is the amazon depot in Queensway Croydon an 'FBA' location? I just joined as a seller and live 15 mins away. I wonder if I can bring my stock in myself??,@568028 Hello! That is a great question! Let's take a closer look into this in real time with you here: https://t.co/UdPkT5azbL ^JZ,Mon Nov 27 17:35:41 +0000 2017
2586334,@AmazonHelp Both items shipped two days ago &amp; I have yet to receive them 😩,@732849 I'm sorry your items are taking longer than expected to arrive! What is the most recent tracking information state? You can check here: https://t.co/Y5jpI9gRhE ^BN,Fri Nov 17 00:46:44 +0000 2017
1702204,@115823 Have tried so hard to verify my account and nothing works. Please help.,"@224133 We're here to help! Are you having trouble signing in to your account? If so, are you receiving any error messages? ^RA",Mon Nov 06 21:28:28 +0000 2017
226177,@115850 My last product nt delivrd. No action frm #CustomerCare aftr many complaints. Will not use amazon again. Terrible #CustomerExperience,"@214943 Apologies, Sumana. I’d like to assist you. Please fill this form: https://t.co/cllwXc2HeK and I’ll contact you soon. ^NK",Thu Oct 12 17:39:09 +0000 2017
2983656,@121284  I am an Echo  owner. I am extremely frustrated and would like to be contacted by some senior software person. Otherwise I am compelled to return the product. My Amazon account ID is __email__ it will also have my mobile number.,"@132155 We're extremely sorry for the unpleasant experience. You may reach out to our support team using the link provided here: https://t.co/2t6DQoUmNZ. We'll be glad to help.
Please don't provide your details, we consider it to be personal information.^AR",Thu Nov 30 05:06:18 +0000 2017
818202,@AmazonHelp Consistently. I would really prefer actual dates to “guaranteed” ones. No matter the cost.,@314885 I understand your frustration. Are you noticing this trend with a certain carrier: https://t.co/q4LAMZ3tbE? ^GG,Wed Oct 18 01:35:10 +0000 2017
819504,Also @AmazonHelp - @134825 ist schon a bissl nervig vong zustellservice - null benachrichtigung und jetzt kann ich keinens shop auswählen 😞,@315209 Gerne kannst du dich mal an unseren Kundenservice wenden. So vong Überprüfung her: https://t.co/ohyvGrpvrY ^SK,Thu Oct 12 21:51:34 +0000 2017
438682,"promis j’arrête ! ou pas 😜
@120533 https://t.co/6Fiqg552Ys",@219240 😲 ! Une chose est certaine c'est qu'on n'arrêtera pas de vous fournir le meilleur service de notre part 😉 . ^BR,Tue Oct 10 18:00:55 +0000 2017
1881648,@120533 MaJ : remboursement de la part d'Amazon.,@561522 Contactez s'il vous plaît notre service client pour qu'ils vous aident via https://t.co/hgIrz98cdI,Wed Oct 18 10:48:08 +0000 2017
1447950,Hey @AmazonHelp  once again my package is delayed. 3rd time in a row.  Is prime really worth it if my packages never get here in 2 days??,"@456015 I'm so sorry for the wait! Do the orders have the same carrier in common? If so, who is it? https://t.co/Y5jpI9gRhE ^MH",Thu Nov 02 16:31:41 +0000 2017
667679,"@AmazonHelp Tengo cuenta en la tienda de Estados Unidos y de Mexico con el mismo correo, pero el banco solo me manda el mensaje como en la imagen anterior",@279150 Por este medio no tenemos acceso a tu cuenta Daniel. Por favor entra en contacto con nuestro Servicio al Cliente por este enlace: https://t.co/eJXKURvpr8  ^JJ,Thu Nov 23 03:57:04 +0000 2017
2358902,"@AmazonHelp Sent, now please don't hide between the DM.",@681274 A member from our team will be reaching out to you personally within 12 hours to further investigate your issue. ^FJ,Mon Nov 13 22:17:27 +0000 2017
651527,@115821 How come every time I send an email to cust. support I get an auto-reply that you will contact me soon and never do?,@274948 Sorry to hear it- Have you tried to reach us via phone or chat for faster response? ^NV,Tue Oct 31 11:50:31 +0000 2017
2841861,"@115850 Was recharging my Airtel mobile number using Amazon Pay Balance (405-4894189-9128347).After recharging,I received an email stating recharge failed, amount refunded as Gift Card + Amazon Pay Balance.But I didn't receive the refunds.
Please check the screenshots,
Kaushik https://t.co/BUZTR1AEnY","@790721 We're sorry to know about the issues with recharge, Kaushik. Please reach out to us, here: https://t.co/vlvfJr4nN9 and we'll check this for you. Please don’t provide your details as we consider them to be personal info. Our Twitter page is visible to public. ^YP",Mon Nov 27 16:45:44 +0000 2017
1322933,@AmazonHelp They're saying today before 9pm but its being delivered to a business address which closes at 6pm,@428736 It may be delivered before the close of your office. Please let us know if you do not receive your parcel. ^MW,Fri Oct 27 10:07:06 +0000 2017
2977461,@116313 アマゾンにお気に入り登録した商品、在庫切れが多いような？、仕方ないから他のショップで探して購入してるけど、在庫切れ入荷するのかしないのか表示対応してほしいな～。,@821161 商品の入荷予定についてはご案内しておりませんが、ご意見については社内にて共有させていただきます。今後もより便利にご利用いただけるよう努めてまいりますので、よろしくお願いいたします。在庫状況の表示についてはこちらも合わせてご参照ください。https://t.co/MhIMJ48HHX ET,Fri Nov 17 03:10:26 +0000 2017
557034,@AmazonHelp Updated. Check.,"@250065 We have sent a correspondence to your registered email account, kindly check. ^MJ",Sun Dec 03 01:13:22 +0000 2017
2855207,"@115833 @AmazonHelp Guten Abend, meine Alexa aktiviert sich in den letzten paar Tagen immer wieder von selbst ohne das irgendwer das Aktivierungswort sagt. Ist auch bei Bekannten so. Woran liegt das?","@199875 Normal meldet sie sich nur wenn sie gefragt wird, oder wenn jemand (auch der TV) ein ähnliches Wort ausspricht. Wie man das Aktivierungswort ändert, kannst du hier nachlesen: https://t.co/vyzB3gZe0T ^BL",Mon Nov 27 20:31:00 +0000 2017
504977,"Los de @AmazonHelp @116875 se la rifaron, de verdad son geniales. Hoy me llegó una maravillosa sorpresa. Nos hicieron sentir como superhéroes. Gracias, de verdad gracias. Son geniales.","@235770 ¡Hola, Héctor! De verdad, nos alegra demasiado que te haya gustado la sorpresa 🙈😍 Tu satisfacción, es nuestro mayor premio, ¡linda tarde! ^LC",Fri Dec 01 20:41:44 +0000 2017
1006595,"@AmazonHelp
It hurts.... https://t.co/icC5E3j9cf",@324091 date. I have shared your experience as feedback with the concerned team for review. [2/2] ^HA,Sat Oct 14 13:23:23 +0000 2017
274229,@AmazonHelp Will you take necessary action against the person Mr Junaid,@171151 I understand your frustration and I'm sorry about this. Please reply to our email with your concern. ^HA,Fri Oct 06 10:26:20 +0000 2017
840893,@AmazonHelp Bien évidement et la procédure habituel suis cours mais je pense qu'un plainte auprès d'un procureur est nécessaire afin d'arrêter tout cela,@320059 Notre service client prendra le relais afin de résoudre le souci. ^MD,Fri Oct 13 11:58:28 +0000 2017
129656,@AmazonHelp @AmazonHelp please help me,@145227 Can you please mention about which contest you are referring to? ^SI,Fri Nov 24 05:44:00 +0000 2017
1302289,"@AmazonHelp We have community mailboxes, I was given a key for a parcel box, indicating my parcel was delivered, but there was nothing in the box.",@340283 That is interesting! Have you tired contacting us via phone or chat? If so what options where you provided? ^LS,Fri Oct 27 01:10:22 +0000 2017
1737604,"@AmazonHelp Nothing wrong if you do that b4 delivery date and make customers happy. But you have pre coded words like ""Estimated"".","@524525 I realize that, Dinesh. However, multiple factors lead up to the dates that are provided. I appreciate your patience. ^JC",Tue Nov 07 10:31:13 +0000 2017
2793029,"@AmazonHelp No, no me sale la opción. Lo último que me salió fue esto anoche. Pero nunca nadie toco 🤷🏻‍♂️ o algo. Ni me contactaron al numero que deje, ni nada. https://t.co/JJzrhSzdgM","@779462 Demo-Dog, dinos ¿Cuál es la fecha de entrega estimada indicada en el correo de confirmación del pedido? ^DS",Tue Nov 21 21:35:21 +0000 2017
538459,"@AmazonHelp @116875 hoy llega mi pedido, sin embargo ayer decía que llegaba el domingo y no lo podré recibir hoy, qué puedo hacer? Puedo recibirlo mañana domingo?","@244837 Hola Itze, si no puedes estar en la dirección de entrega para recibir tu pedido, realizaremos un nuevo intento de entrega el siguiente día laborable. También, puedes intentar contactar al transportista para coordinar la entrega. ^LG",Sat Dec 02 14:32:13 +0000 2017
2836887,"@115830 @AmazonHelp lost order and call to speak to your 'escalation team'. Spoken to in a disgusting, condescending manner and you put the phone down on me after I asked the operator to clarify what steps I need to take next. Disgusting customer service.","@789593 This is not at all the experience we expect to provide, I'm truly sorry! At the end of the call, you should've received an e-mail with a survey. The feedback goes to the rep's leadership. What does the tracking on the missing order display? We're here for you! ^JE",Mon Nov 27 15:33:04 +0000 2017
2431214,"why cant amazon accept my payment method, had my order declined 3 times now for seemingly no reason",@697876 So sorry to hear about the issues you're having with your order! Have you already contacted your bank to see if they have any information on the declines? You can also review some additional troubleshooting steps here: https://t.co/wCY7W9fDXG ^GS,Tue Nov 14 20:37:34 +0000 2017
422046,@AmazonHelp Pls do..,@215531 Our team will reach out to you soon. Appreciate your cooperation. ^MA,Tue Oct 10 15:34:38 +0000 2017
1136209,@AmazonHelp Plz resolve my issue..  I have no problem wid u..,"@387674 Sorry about the delivery delay. We'd like to investigate this, please share your details here: https://t.co/cQVomR1pWz. ^HA",Sun Oct 15 16:11:23 +0000 2017
215978,@AmazonHelp  I jus received a msg for refund success of INR.499/-  however it has not reflected in my bank account. Dis should have been done in October itself. Bloody cheap service as usual by @AmazonHelp,@167356 Apologies for the unpleasant experience you've had. We'd like to help. Kindly share your details here: https://t.co/cQVomR1pWz and we'll have this resolved at the earliest. ^KH,Wed Nov 22 12:23:47 +0000 2017
2754635,Para cuándo una rebajita en el nikkor 35mm 1.8? @116928,"@771025 Hola, Joan. Todas nuestras ofertas serán anunciadas en nuestra página web, te recomendamos estar atento a los productos que más te interesan. ^CB",Mon Nov 20 19:35:33 +0000 2017
1987006,"So fucking annoyed when @115821 offers a 1 day delivery, gives themselves up until 9pm to deliver, but still fails. Tip- don’t offer something you can’t guarantee.","@588167 Apologies, this is not the service we expect. Get in touch - https://t.co/hApLpMlfHN we'd like to discuss available options^TP",Wed Nov 08 07:21:06 +0000 2017
530044,@AmazonHelp please get the live chat and call centre people some training. Absolutely disgusting service.,"@242744 I apologize for the experience you had. We want to help. Without giving us any personal/account info, can you give us a little insight on the issue you are facing? ^BA",Sat Dec 02 09:38:44 +0000 2017
2946783,Um paperwhite com as specs do Oasis. Só quero isso @117086 😍,"@813918 Oi Anderson! Sempre estamos planejando novidades para te surpreender, sugiro ficar de olho no site. Grande abraço! ^AZ",Wed Nov 29 16:06:38 +0000 2017
2790414,@AmazonHelp “we’re sorry your package is late” is starting to become a regular occurrence despite being a #prime customer,"@778818 Are you currently waiting on an outstanding order? If you are, what is the current tracking status of the order here: https://t.co/ijxJ9jCwr9? ^JS",Tue Nov 21 20:17:14 +0000 2017
2335529,"ちゃんと見ないでホイホイ進んでしまって、Amazonのプライム会員になってしまった…いつのまにか…(；ω；)マジか…勿体ない…3900円…

でも、まあー、急いで買い物するときに役立つかもしれないと自分に言い聞かせています( ；∀；)1年だけプライム会員やろう… 笑",@675783 Amazonプライムのご利用をご希望でない場合、更新後でもキャンセルは可能です。会費ご請求後に特典のご利用がない場合は、会費を返金いたします。詳しくはヘルプページをご参照ください。https://t.co/9tQT1Jh8Tw SK,Fri Oct 20 02:38:22 +0000 2017
982303,"@115850 Courier: Ecom Express, Tracking #: 867051923. its a part of ORDER # 171-5359172-1521955
it is unable to find address, why?","@119798 Please don’t provide your order details, we consider them as personal information. Our Twitter page is visible to public.(2/2) ^VM",Sat Oct 14 08:53:27 +0000 2017
845671,@115850 heyy Amazon! doing great job..even on the day of diwali your parcel was delivered successfully on time..hope other rivals should also develop their delivery systems..,@321012 Glad to know that! :-) Happy Diwali! ^PR,Fri Oct 20 14:03:55 +0000 2017
109822,Je sens que c'est mort pour l'artbook de Persona 5 😥 Merci @120533,"@140385 Bonsoir, pouvez-vous nous expliquer davantage le souci je vous prie ? ^KE",Thu Nov 23 20:00:28 +0000 2017
707391,"@AmazonHelp Hello, I ordered a package and it was marked as delivered on Amazon, but it has not arrived in my mailbox. What do I do?","@289113 We are here to help, Travis! Here are some helpful tips on finding your package: https://t.co/fO9lbXDqE2 Keep us updated! ^HM",Tue Oct 10 19:22:52 +0000 2017
264788,@AmazonHelp Kindly check your records.,"@179074 I'm sorry, we haven't received your details yet. Kindly fill in the details again and we'll get back to you. ^EM",Tue Oct 10 07:55:04 +0000 2017
2874071,"@AmazonHelp I did this yesterday. Both on the phone for over an hour, and on the internet (here). I made a number of orders that were all due to arrive today, Tuesday the 28th, which I arranged to be off work to take delivery, but Amazon changed the delivery day to the 27th",@791507 Yikes! I'm sorry that happened. Can you provide info on who the carrier is: https://t.co/Y5jpI9gRhE ^LL,Tue Nov 28 04:42:06 +0000 2017
2279713,@115850  Waiting for refund for order # : ORDER # 408-6560878-8566768 . Its been 3 months.,"@662766 Apologies for the trouble. Have you reported this to our support team? If not, kindly report it here: https://t.co/rS49hgaADF. Please don't provide your order details, we consider it to be personal information. Our page is visible to the public. ^MO",Sat Nov 11 17:49:50 +0000 2017
535731,今日Amazonから荷物届くから受け取ってと旦那に頼まれて中身書いてなかったから開けずに置いといたら帰宅した旦那にプレゼントやったと言われて開けたらテンション荒ぶった。澪好きだし金箔入り！ダンボールはチビのオモチャになってるw https://t.co/5YHilVADp7,"@244116 |´-`)ﾁﾗｯ　Amazonをご利用いただきありがとうございます！
こんな素敵なプレゼントを贈る旦那さま、素敵です✨　段ボールもご活用いただけているようでよかったです(*´ー｀*) HM",Sat Dec 02 12:37:24 +0000 2017
1344539,"@AmazonHelp Yep we have literally tried everything possible, they are calling back tomorrow evening. Have only  had it since Feb! #fedupnow",@433545 Please keep us posted about the call.^CC,Fri Oct 27 18:57:03 +0000 2017
1355416,"@AmazonHelp Nope... 😔
It was a gift....","@436058 We'd like to take a closer look into this with you. When you have the chance, please ring us here: https://t.co/JzP7hlA23B ^HC",Fri Oct 27 19:22:57 +0000 2017
1916359,@AmazonHelp Ecom is asking to collect item from delivery hub!! Unexpected! Amazon is not taking any step even after sending multiple(1/2),@570800 Sorry for the hassle. Please report this to our support team here: https://t.co/vlvfJr4nN9 and we'll check this. ^HN,Wed Oct 18 12:45:45 +0000 2017
569147,"@AmazonHelp 昨日２日が配達予定日でした。問い合わせ方は存じております。もう暫く待ちますが…

ご丁寧にありがとうございます。",@253559 ご迷惑をお掛けし申し訳ございません。どうぞよろしくお願いいたします。TN,Sun Dec 03 03:08:35 +0000 2017
1379365,"@115850 da most shitty delivery system. So much for being a prime member,1 day delivery is nothing bt a marketing gimmick.#JumlebazAmazon","@441127 Sorry about the delay in the delivery, Athar. Have you reported this to our support team here: https://t.co/vlvfJr4nN9 ? ^MA",Mon Oct 16 15:17:35 +0000 2017
1452878,@AmazonHelp just got an email saying there has been a problem. So why do you advertise and why have I paid £5 for next day delivery?,"@457171 We'd be happy to look into this with you further, if you'll please phone us here: https://t.co/JzP7hlA23B Keep us posted! ^LB",Thu Nov 02 18:27:01 +0000 2017
2003921,sorry2say @115850 bt 1st tym m unsatisfied wid ur srvc.2 orders i hv made wid delvr date 24nov. both nt rcvd yet. https://t.co/1c94koszhp,@592571 My apologies for the delay in the delivery of your order. Please report this to our support team here : https://t.co/vlvfJr4nN9 and we'll sort this out for you. ^AS,Sat Nov 25 14:23:24 +0000 2017
1667785,"@AmazonHelp 6th November, today.  I imagine it’s fine and just isn’t out for delivery yet.",@507940 Please keep us updated on the delivery: https://t.co/aaDyEz1VgE. ^JJ,Mon Nov 06 11:54:14 +0000 2017
333182,"@AmazonHelp It's continually restarting, freezing and running crazy slow. I would get the fire TV box if it weren't so darn expensive.",@195357 Thanks for the info. Let's try some of these troubleshooting steps: https://t.co/O2c6Wu0sYZ and please keep us posted. ^GG,Sat Oct 07 21:07:20 +0000 2017
2829569,What the flip @115821 ? Your driver can’t bother to get out of their vehicle to deliver packages? #TisTheSeasonForThievin’ #disappointed #poorservice https://t.co/vT3qUNHiUO,"@787953 Hi, Carol! This is definitely not the experience we want our customers to have. Please take a moment to add some details to this link so that we can look into this further: https://t.co/TLi6NONjTP  ^SP",Mon Nov 27 12:10:16 +0000 2017
752881,"@AmazonHelp Si, tb puedo decirte un pedido reciente de la cuenta que no entra","@299941 Entiendo. ¿Recibes algún mensaje de error al intentar acceder a tu cuenta, César? ^LG",Wed Oct 11 14:31:04 +0000 2017
139081,@115830 spelling error on your website  'beautiful' is spelt incorrectly https://t.co/TMXceo2Bep,@147341 Thank you for your feedback Sarah. I will escalate this and I would like to personally thank you for bringing this to our attention.^GA,Fri Nov 24 10:38:10 +0000 2017
1525125,Amazonのサイト昨日から重いような気がすんだけど。,@473726 ご不便をおかけしております。お手数ですがPCサイトをご利用の場合はブラウザのキャッシュ削除や再起動、モバイルアプリをご利用の場合はアプリの再インストールをお試しください。 YM,Tue Oct 17 00:44:00 +0000 2017
1209839,@AmazonHelp I did 3 times and each time they said it would be the next delivery,"@404005 Oh my! Just to clarify, can you tell us who the courier is for this order? ^AL",Wed Oct 25 11:54:25 +0000 2017
2722654,@AmazonHelp It was from a third-party seller.,@763806 Has the seller confirmed that a replacement order has been sent? ^BZ,Mon Nov 20 12:16:56 +0000 2017
987778,"@AmazonHelp Und ich antworte gerne nochmal: Leute, ich bin kein Idiot.","@194202 Dann melde dich bitte mal über diesen Link bei uns, dem Amazon.de Social Media Team: https://t.co/cUDnC8mjd7 ^AN",Sun Oct 22 12:14:45 +0000 2017
1359083,@AmazonHelp @115821 @115850 Is it a good business to cheat gullible unsuspecting people. Where is the 'Trust'. Surely if u want u can stop this in ur platform.,@436436 I'm sorry for the disappointment. We'll work towards providing more accurate details with our listings. ^MJ,Sat Oct 28 08:03:28 +0000 2017
2406925,"Hello, @115850  &amp; @AmazonHelp 
Please Help. I am trying 5 time Add Money in Wallet but problems.
Please check.
@115821 
@115830","@414819 I understand your concern about the Amazon pay balance. Did you happen to report this to our support team? If no, please contact us here: https://t.co/vlvfJr4nN9 so we can assist you.^PJ",Tue Nov 14 14:54:18 +0000 2017
1382122,"Amazon配達遅くてイライラする
注文して3日経っても発送されないのなんで？？？",@441673 (2/2)なお、お届け予定日を過ぎている場合は、カスタマーサービスにて確認させていただきますので、こちらのリンクよりお問い合わせください。https://t.co/NtNAX37Sr4 ET,Sat Oct 28 06:50:09 +0000 2017
274471,@115850  https://t.co/gTRwxpvjFO,@159034 Our Twitter page is visible to the public. (4/4)^AU,Fri Oct 06 06:05:53 +0000 2017
746774,"Bonjour @AmazonHelp , Impossible de me connecter à mon compte depuis aujourd'hui. J'ai changé de mot de passe plusieurs fois mais rien https://t.co/V23HWAxO0R","@298523 Bonjour, désolée d'apprendre cela :/ je vous prie de contacter notre SAV via ce lien  https://t.co/hgIrz98cdI ^SN",Wed Oct 11 16:45:12 +0000 2017
1516076,@AmazonHelp I spoke w them immed and they offered no help. Only a refund and small credit. Could not reach driver bc of policy. Unacceptable.,@471750 We'd like to have a member of our team look at this a little more. Please provide your info here:: https://t.co/0nV0m2VAXn ^HS,Fri Nov 03 19:17:44 +0000 2017
1545213,@AmazonHelp わざわざリプライ頂き、ありがとうございます。既にサポートセンターに連絡済みで、ご対応頂いております。,@478580 さようでございましたか。引き続きカスタマーサービスでご対応させていただければと存じます。突然のリプライ失礼いたしました m(_ _)m HM,Sat Nov 04 06:57:14 +0000 2017
1899097,"@AmazonHelp ご丁寧にありがとうぎざいます。アプリの入れ直しはやってみたのですが、もう一度試してみます。
洋書のサンプルをDLしたところ、国内出版物を検索しても検出されなくなったのですが、何か設定が必要でしょうか？",@565987 ご質問の件につきましては、ご利用環境などをお伺いした上でご案内させていただきますので、誠に恐れ入りますが、先ほどご案内したリンクよりカスタマーサービスにお問い合わせください。TN,Tue Oct 31 03:34:43 +0000 2017
926365,@AmazonHelp with Amazon prime do I still get 20% off new games,@339804 Thanks for reaching out! The discount is still available for Prime members. More info here: https://t.co/Mk7PWqA4ZR ^GG,Fri Oct 13 19:08:40 +0000 2017
1972826,La agenda es preciosísima me quiero morir y es que encima me ha llegado hiper rápido 😍😍 gracias @116928 https://t.co/5qEmn5AHzr,"@584316 Tienes razón, Bipa la agenda está hermosa 🌸 Y lo más lindo es que te ha llegado muy rápido. ¡Que la disfrutes! 🌸 ^VL",Sun Nov 26 10:16:02 +0000 2017
2662757,"@AmazonHelp @115850 is this a joke now i get a email saying we are unable to search your account, can you please take this issue as a priority and fiz this",@750435 I understand your concern. Kindly reply to the latest correspondence sent by our team for further assistance. Appreciate your understanding. ^GD,Sun Nov 19 14:49:26 +0000 2017
2547073,@AmazonHelp solved,"@225842 Glad to hear that, Vinod. Happy shopping! :) ^NK",Thu Nov 16 15:10:11 +0000 2017
2710831,"@115821 No-rush shipping = rewards with Amazon restaurants. But Amazon Restaurants in my neighborhood are terrible. A different reward, perhaps?","@761151 Hey Karsten, thank you for reaching out! Currently, No-Rush rewards apply only to the specific product type or service indicated in the offer at checkout. You can learn more about these offers here: https://t.co/F0Ya0o384l ^AR",Mon Nov 20 02:08:37 +0000 2017
2602988,@AmazonHelp I'm not sure.i assumed they would be all the same courier.,@736628 I'm sorry about this. We want to be sure you are receiving your parcels when they are expected. Please reach out to us directly here so that we can take a look into this for you: https://t.co/JzP7hlA23B We'd like to help! ^ZW,Mon Nov 27 14:01:11 +0000 2017
275850,先に予約した一周年本とまとめてお届けしてよアマゾン！同じ到着予定日なのに！！,@181897 当サイトでは複数の配送センターにて商品を管理しているため、同時に注文したりお届け予定日が同じでも別の発送となることがございます。お手数ですが、個別のお受取りをお願いいたします。ET,Fri Oct 06 06:53:49 +0000 2017
1662630,@AmazonHelp ヤマト運輸に確認いたしました。今日解答がありました。配送の方は確実にうちのポストに投函したそうです。名前も憶えているとのことで、ポストには入れられたのは確かだと思います。受け取れなかったのは想像ですが、誰かが故意に抜き取ったからだと思います。とても残念です,@506979 恐れ入りますが、お受け取りいただだけていない場合は、カスタマーサービスにてご注文を確認のうえご対応させていただきます。繰り返しのご案内となり恐縮でございますが、よろしければ、先ほどご案内したリンクよりお問い合わせください。　SM,Tue Nov 07 10:35:22 +0000 2017
1180559,@AmazonHelp Last two months a slew of products damaged inside pristine shipping boxes. Some with sharp puncture marks all the way through.,@397667 I'm sorry to see we've disappointed you! Please reach us here: https://t.co/hApLpMlfHN so we can look into this. ^DG,Tue Oct 24 23:08:08 +0000 2017
852724,@115850 Sprt team sgested 2 cancel d order n place another 1.The eta told 2 me on call ws 48hrs.0 benefit of amzn pay.I'll miss dis sale.😞 https://t.co/xQjWW0SApI,"@322573 We'd like to help Kushagr, kindly share your details here: https://t.co/GIJyeYqKE0. ^MP",Tue Oct 17 13:24:38 +0000 2017
402569,"Me: No puedo estar gastando en pendejadas...

Also me: Mira un case barato para el iPhone en @116875 https://t.co/aPRTKPNKsO","@211236 A veces podemos dejarnos caer en la tentación. Además, puede salvarle la vida a tu teléfono. 😉📱 ^KS",Mon Oct 09 20:21:24 +0000 2017
513559,@AmazonHelp PM me?,"@238195 We'd love to look into this and escalate your feedback, but we're unable to do so via Twitter or PM. Please call, chat or e-mail us at the link ^DO provided, or you can avoid clicking a link by calling us directly at the phone number in the last message. ^CC",Sat Dec 02 00:27:19 +0000 2017
232692,"@AmazonHelp have and no response from you guys,finally i had to call and your supervisor told me to wait another 48 hrs. u guys are a poor joke","@159049 If you have shared your details, we must have sent our correspondence on your registered e-mail. Did you check that?^CB",Thu Oct 05 11:46:19 +0000 2017
1763842,@115830 Prime fail .... might be with you by Friday .... not really next working day is it? Don't promise if you can't deliver!  #fail #primefail #prime #AmazonPrime https://t.co/j0Z0mjpFb3,"@530639 Oh no! So sorry about that. When you can, please reach us here so we can look into this with you: https://t.co/JzP7hlA23B ^BL",Tue Nov 07 21:03:58 +0000 2017
1358102,"When @115830 Email saying your parcel will be here by 8pm.. It’s nearly 9pm and it’s not here, so much for ‘Amazon Prime’🖕🏼😭",@436632 I'm so sorry that your item hasn't arrived!  What is the current status? You can check that here: https://t.co/aaDyEz1VgE ^FR,Fri Oct 27 19:45:01 +0000 2017
2773107,"bonjour @120533, est-il possible de faire un achat sur la xbox one x en payant 4x sans frais pour une livraison en belgique ? merci","@775071 Bonjour, oui, c'est possible. Il suffit juste de respecter les conditions indiquées sur la page suivante : https://t.co/KN8fViY0Gv ^SB",Tue Nov 21 13:42:02 +0000 2017
721273,"@AmazonHelp Competitive Manufacturing Strategies. I very well remember, couldn't not find this book in India then, and therefore got a cousin who lived in US to order it from @115821. One more thing, the only shopping app that I have on my phone is @115850. Keep doing the great work!",@292654 Are you a scientist? 😜 Your love and support brings out the best in us. What genre do you prefer the most? ^HA,Mon Oct 16 10:36:58 +0000 2017
470819,"@AmazonHelp Yes, I wrote back.","@227098 Thank you for confirming. If you've replied to our email, you should've received a correspondence from us here: https://t.co/fYrzNInVt2, request you to check. ^MO",Fri Dec 01 18:34:56 +0000 2017
2817845,@115821 why does the vinyl have auto rip but the CD doesnt? https://t.co/MWpVhvp65Z,"@785469 Thanks for reaching out to our Social Media team! We're here to help! Just to confirm, is the CD shipped and sold by Amazon? You can confirm if it is eligible for AutoRip here: https://t.co/jWIK8Se2Ec. ^VB",Mon Nov 27 03:54:20 +0000 2017
235131,When @AmazonHelp says they’ll replace your lost parcel at no extra cost yet you still get a £1 charge from them... 🤔,"@171997 A £1.00 authorisation charge can happen at dispatch, even if it's no cost. The charge will fall off in a day or two. ^MJ",Thu Oct 05 13:28:26 +0000 2017
2948112,@AmazonHelp Well we’ll see what happens when they get home first!,@585744 Sounds good! We'll be here if you need us. ^KJ,Wed Nov 29 16:27:50 +0000 2017
46489,@115830 paid 4 nextday delivery only 2 b told after notifications all day saying that they r delivering 2day only 2 b told they cant deliv,@126320 I'm sorry you didn't receive your order. Did we specify why we were unable to deliver your order? ^CO,Wed Nov 01 16:11:43 +0000 2017
102883,@AmazonHelp They called be back twice with no caller id. They didn't legibly introduce who they were.,@138631 I'm sorry for the frustration! Were you able to try any of these tips: https://t.co/FDP0zxHBm8? ^SJ,Thu Nov 30 18:22:07 +0000 2017
837537,@118919 @115850 ordered for pre shaving foam.. but received shaving gel... fucking service,@319321 Sorry for the hassle Vanaraj. Please report this to our support team here: https://t.co/vlvfJr4nN9 and we'll check this. ^HN,Fri Oct 13 09:47:20 +0000 2017
517707,"@AmazonHelp You asked for my tracking information, how should i get it to you?","@239077 Thank you for the information you sent in your DM. If your order hasn't arrive by Sunday at 8 PM, please let us know: https://t.co/hApLpM3Ejd ^LR",Sat Dec 02 01:23:53 +0000 2017
2392639,@AmazonHelp Papuche ! Hommage à moi moche et méchant ! 😄,"@689001 Joli nom, il paraît plutôt calme ! Quel âge a-t-il ? ^ASZ",Tue Nov 14 11:10:51 +0000 2017
2869575,@AmazonHelp Roughly Thursday. Thanks for your help? :),"@796868 Thanks for letting us know! If a carrier delivery update was received, please allow for delivery by the date provided and keep us posted. I really hope this didn't cause too much of an inconvenience for you. ^QJ",Tue Nov 28 03:25:52 +0000 2017
1226517,@20433 . Les gens sont dingues. Un livreur d'Amazon s'est fait gazer lacrimo en livrant une cliente dans le patelin a côté...,"@407746 Bonjour, pouvez-vous nous donner plus de détails concernant cet incident, s'il vous plaît ? ^ASZ",Wed Oct 25 17:11:47 +0000 2017
918907,@115850 @AmazonHelp in trouble plz help need bill for invoice no IGHyd71527819315594 (jay parkash joshi) jan-2017 https://t.co/HF72O7BXTi,"@338138 Also, don’t provide your order details as its personal information. Our Twitter page is visible to public. 2/2 ^RS",Sat Oct 21 10:31:18 +0000 2017
1250159,I asked for replacement not refund you shitty @115850 how dare you to cancel the order without any prior information,@169505 Refund is initiated on your order as a replacement is not available. We've sent an email to your registered email for it. ^SF,Mon Oct 16 03:30:45 +0000 2017
469452,@115850 when will you tweet the winner list of the LG q6 quiz,@226784 We've escalated this to our team internally for an update. Kindly stay tuned. ^GK,Fri Dec 01 06:52:10 +0000 2017
2484016,"@AmazonHelp Replied , kindly provide the cashback","@709642 Thanks for doing that, Shriram. We'll check the details and provide an update soon. ^JC",Sat Nov 18 07:11:44 +0000 2017
2386062,"@AmazonHelp my order is delayed for more than a week, and customer care guy named ""varun av"" speaks damn rude. disappointed, good bye amazon",@687659 details here: https://t.co/beaaDm0muc and we'll have this addressed. (2/2) ^GK,Fri Oct 20 09:58:24 +0000 2017
2634736,"@AmazonHelp Ja, hat sich erledigt, ich musste synchronisieren. Danke.",@743820 Dann kann jetzt ja der entspannte Teil folgen :) Viel Spaß beim Spiel! ^AN,Fri Nov 17 19:38:39 +0000 2017
2494898,Thanks a lot @115821 for screwing up the last 3 Prime Orders. 1st had to cancel a dinner party Sat &amp; have no mask for Masquerade gala 2nite.,"@712090 Sorry to hear about all the issues. If you haven't already, reach out to us by phone or chat:  https://t.co/hApLpMlfHN ^CH",Mon Oct 30 00:33:56 +0000 2017
402188,Why is it always the important /urgent @115830 #prime deliveries that never make it by 9pm after waiting in all day? 👎,@211130 I am truly sorry for any missed deliveries! Does the status show reattempt for tomorrow here:https://t.co/uc4UmFqUQd ^TM,Mon Oct 09 19:58:55 +0000 2017
1302248,@AmazonHelp 届いてないのに配達完了になってるんですが、日本郵便に問い合せたらいいですか？,@424336 ご迷惑をおかけしております。お客様のかわりに配送業者に確認をとりご対応させていただきますので、お手数ですが先にお送りしたリンクよりカスタマーサービスにご連絡いただきますようお願いいたします。HM,Wed Oct 18 12:07:53 +0000 2017
1986325,@AmazonHelp Oh... Ihr habt aber wirklich für jeden was😀,@587989 Wir sind ja auch für alle da 😇✌ ^KM,Wed Oct 18 18:58:53 +0000 2017
1535370,Well every time i order something it dosent get here on time https://t.co/RzUEQLlC2m,"@321995 I'm sorry! So we can better assist, please contact us here: https://t.co/JzP7hlA23B ^WT",Tue Oct 17 02:23:22 +0000 2017
2958541,Hi @AmazonHelp I submitted a return request last week that needed seller review. Can you help me w/the status?,"@816566 We will do our best! We aren't able to view your account via Twitter, but what is the current status of your return shown here: https://t.co/hFnl9Usam7 ^AD",Wed Nov 29 20:05:27 +0000 2017
2534449,@AmazonHelp This is the first. I had another months ago saying someone attempted to hack my account. But this makes me nervous,"@182175 Are you able to log in this account? If so, please change the password. Keep us posted ^BD",Thu Nov 16 07:45:16 +0000 2017
1380593,@AmazonHelp My delivery date was just updated to a three day window without explanation. Incredibly frustrating.,@441365 I understand how frustrating this is. Have you reached us for your available options using ^SY's link? ^DW,Tue Nov 07 01:29:54 +0000 2017
234768,@AmazonHelp @115851 @115850 @10265 From 22nd September I m writing &amp; twitting but Amazon always reply that it will credit on 25sep then 28th then 1st then 3 then 5th Oct but,@171905 Sorry for any inconvenience. Please reply to our correspondence so that we could assist you accordingly. ^GS,Thu Oct 05 13:04:38 +0000 2017
2722631,@AmazonHelp @115830 @116324  useless. Your next day delivery doesn't work. You Cancelled my order so I booked for next day and you still didn't deliver or let me know it wasn't turning up. Wasted my weekend waiting and could of gone and got my shit myself. Cancelled prime,"@152965 Hi Nathan, I'm sorry to hear this. Were you advised why your order was cancelled? What was the estimated delivery date when you received your order confirmation? ^JC",Mon Nov 20 10:38:13 +0000 2017
2308297,Hey @115821 I’ve gotten used vinyls in better shape than this. Sad my after laughter looks bad. I love paramore on vinyl. https://t.co/hhVFz1GZCP,@595510 I'm sorry the vinyl came damaged! Was the order shipped by Amazon or a third-party seller: https://t.co/Y5jpI9gRhE? ^AR,Thu Oct 19 21:14:42 +0000 2017
2779160,"In ogni categoria che cerco sulle offerte prima o poi sbuca sempre un pacco di rotoli di carta igienica, #amazon ci stai dicendo qualcosa?",@776282 ehm... diciamo che diamo il giusto risalto alle priorità! 😜😎 ^RP,Tue Nov 21 16:12:37 +0000 2017
529037,"@AmazonHelp Hola, desde el jueves me actualizan el estado del pedido como “entrega hoy”, he intentado estar en casa para recibirlo, entiendo que Correos es responsable, pero a todos vosotros lo ofertáis como prime “envío un día” y no 3 o más","@242501 En este caso ¿ya has intentado contactar al transportista Alberto? Si no lo has intentado puedes encontrar la información de contacto en el siguiente enlace: https://t.co/4In6LjAR2N

Saludos.
^JL",Sat Dec 02 09:33:15 +0000 2017
754601,@AmazonHelp Ur rply didn't help at al.U r stil askng me 2 do a lot of arduous tasks instd of doing ur job. This is not the way to treat ur customers,@300380 We will be able to sort this issue for you only if you provide your details in the link sent by 'CB'. Please do the needful. ^SF,Sat Oct 14 02:49:25 +0000 2017
2419472,"@AmazonHelp I have done that team, and I didn't get anything other than sorry and time to wait, and I'm not interested in both, tell me some better solution?","@695086 Kindly reply to the email, we'll check this for you. ^SG",Sun Oct 29 13:41:31 +0000 2017
2959988,"@AmazonHelp I've tried Chrome, Firefox, and on my PC and Android phone.",@816941 Would you mind showing us what you're seeing?  ^AG,Wed Nov 29 20:30:05 +0000 2017
65899,@AmazonHelp Done,@131073 Please write to us via DM with your concern and we'll be glad to assist you with this right away. ^BV,Thu Nov 30 09:05:27 +0000 2017
379433,"Had an @115830 USB lightening cable for a month n it's packed in already, cba man😴",@206026 Apologies Lauren. Can you check replacement/refund options here: https://t.co/BjuXE6veDS Keep us posted. We'd like to help. ^PK,Mon Oct 09 06:15:28 +0000 2017
2318789,"@115821 @3375 @Walmart The most recent one was shipped USPS, but @3375 has screwed me over multiple times in the last decade (e.g., “we couldn’t find your house” - WTF?)... https://t.co/pae27qnVWc",@672154 I am sorry to hear this. Can I ask have you been in touch with the carrier and if so have they advised you the reason for the delay here?^GA,Sat Nov 25 15:39:54 +0000 2017
12556,"@115850 My friends are returning Amazon's return policy in India directly,
 they are cutting your pockets https://t.co/1h5lBnZGh9",@170829 We're sorry you feel this way. Please contact our support team here: https://t.co/vlvfJr4nN9 and we'll investigate this. ^ZH,Sat Oct 28 06:43:36 +0000 2017
21871,Yo @115830 stop putting my account on hold! I just got it off hold yesterday and it's already back on hold and orders cancelled wtf!?,"@120768 Sorry about that, have you received an email from an account specialist? ^KM",Wed Nov 01 07:56:57 +0000 2017
550499,@115830 not looking good as a prime customer next day delivery still no sign so why do i pay for this service ?,"@248244 I am sorry for your disappointment with this order! It is never our intention! Have we missed a delivery date quoted in your confirmation email? You can check here:  https://t.co/aaDyEz1VgE Let us know Karl, we are here to help! ^DJ",Sat Dec 02 19:01:31 +0000 2017
2604261,@AmazonHelp Any recent updates regarding the launch of amazon prime music in India?,@636815 Currently Amazon Prime Music is exclusively available on echo devices. ^EM,Fri Nov 17 09:16:09 +0000 2017
1406573,MY ONE DAY DELIVERY NEVER SHOWED UP @115830 YOU HAVE RUINED HALLOWEEN FOR ME. I HOPE YOURE PROUD OF YOURSELF. https://t.co/3HWapltxiw,@258476 Sorry for the frustration. We are here to help! Have we missed the delivery date shown here: https://t.co/aaDyEz1VgE ^AD,Sat Oct 28 18:32:04 +0000 2017
1366086,"@AmazonHelp Aspettavo 3 pacchi. Mi arriva la chiamata dal numero 0282950307. 2 squilli, non faccio tempo a rispondere. Consegna rimandata a lunedì.  Ottimo servizio!","@438019 Mi dispiace per l'inconveniente. Se non l'hai già fatto, segnala l'accaduto al nostro Servizio Clienti per una verifica approfondita, cliccando qui: https://t.co/uoGaE1P9fD. Buona giornata!

- Elisabetta",Sat Nov 25 12:31:13 +0000 2017
991010,@AmazonHelp ur delivery guy didn't call me &amp; I received a message saying I was not contactable!! Every time u prove u don't care abt custmr,"@184637 Sorry to know that, please connect with us here: https://t.co/TdDksLo6Mf and we'll check this out for you. ^MS",Sun Oct 22 13:01:10 +0000 2017
2336085,@AmazonHelp It says AMZL US,@675914 We'd like to look into this for you! Please fill out your info and details here: https://t.co/AYjNhYOiRW ^AH,Fri Oct 20 03:21:27 +0000 2017
812500,"@AmazonHelp Buenas tardes, se supone que hoy tendría que llegar el pedido, pues estaba en reparto. No ha venido nadie de ASM","@313574 Hola Andrés, lamentamos que continúen los inconvenientes con la entrega. ¿El transportista del pedido ya te ha dado alguna indicación de porqué no se ha entregado? ^MZ",Mon Nov 27 18:42:19 +0000 2017
2508094,"@AmazonHelp My password is working normally and I can sign-in and view Prime video, order goods and view my orders. It’s just the Music function that is sending an endless sing-in error cycle",@715038 I'm sorry you're still having trouble listening to music! Please delete the app and re-download it. Let us know if the problem continues! ^BN,Wed Nov 15 23:49:22 +0000 2017
1330234,@AmazonHelp I’ve already been in contact about this and been fobbed off. I usually recommend Amazon as having excellent customer service but recently I am really disappointed as the service delivered isn’t up to previous standards,"@430351 Apologies for the recent issues that you have encountered, please keep us posted on these deliveries. ^JJ",Sat Nov 11 10:18:01 +0000 2017
2923404,@115821 how long does it take to get a conformation?? I’m still waiting on one package to ship. Getting upset.,"@552394 Packages can ship close to, or even on, the delivery date. Keep us posted on its arrival! ^DG",Wed Nov 29 02:33:37 +0000 2017
301050,"Hey @116090: stop hiring random morons to deliver. Didn’t call me, left opened pkg in hallway in HUGE bag. #Unacceptable https://t.co/8xts6gkUx7",@187800 I'm sorry for the frustration! What carrier delivered the package? You can find that here: https://t.co/PyACxvY8Qo ^JF,Fri Oct 06 20:44:07 +0000 2017
2758150,@AmazonHelp Is any timeline? Should I cancel my order? Please let me know,@771844 The issue is being looked into and the team would connect with you shortly. If you do not wish to wait any longer you may cancel the order and place a new one. ^KK,Wed Nov 22 06:03:59 +0000 2017
418192,"@AmazonHelp あ、すみません自己解決しました。どうやら手数料数量がポイント分の金額を越えてたためっぽいです。
手数料等の金額詳細が最終ページで表れるため、カートに入れてる段階ではポイント分抑えれてる･･･と勘違いしておりました。","@214775 行き違いになり、失礼いたしました。問題解決についてお知らせいただき、ありがとうございます。
今後ともご利用の際に何かお困りのことやご不明点があれば、いつでもご遠慮なくお問い合わせください。 RI",Tue Oct 10 04:29:39 +0000 2017
2104264,@116928 ¿Tendréis disponible hoy el Xiaomi A1?,"@621226 Hola Markez, hemos realizado una búsqueda y tenemos estas opciones disponibles: https://t.co/vvcm5SNp0m. ❤ ^DA",Wed Nov 08 12:31:03 +0000 2017
1223049,"@AmazonHelp Je suis actuellement en train de discuter avec une conseillère.
Mais selon vos logiciels elle est déjà envoyée alors que c'est pas expédié","@406985 Entendu, merci de nous tenir informé de la situation, nous restons à votre disposition en cas de besoin.",Thu Nov 02 11:51:19 +0000 2017
230182,@AmazonHelp I just submitted the problem but if I do not hear anything by 1700 I am going to have to cancel my order and buy elsewhere sadly.Thank you.,"@170839 Ok, really sorry again about this. ^KM",Thu Oct 05 10:19:18 +0000 2017
804042,"@AmazonHelp This is first, all others can be downloaded.","@198853 The download feature is currently not available, please stay tuned for further updates on the download option for the title. ^RB",Thu Oct 12 17:05:23 +0000 2017
2824653,"@AmazonHelp @115850 Order ID- 405-1654839-4490746 picked up with wrong tracking details, please help! https://t.co/gWBZBPV96L","@786961 We'd like to take a closer look into this. Kindly fill in your details here: https://t.co/beaaDm0muc and we'll assist you accordingly. Please don't provide your order details, as we consider it to be personal information. Our Twitter page is public. ^AU",Mon Nov 27 08:46:39 +0000 2017
2405195,"@116875 muchachos, voy a hacer una compra pero tengo una duda, están ahí?","@691795 Hola Elnath, ¡claro! . ¿Cómo te podemos ayudar? ^MB",Tue Nov 14 14:51:56 +0000 2017
2884160,"@AmazonHelp Hi, is it possible to acquire a tax refund paper from Amazon for items purchased and intend to be shipped abroad?",@800066 Hello! You can find info on tax refund's here: https://t.co/NWh6bVxdzS.^CN,Tue Nov 28 11:00:41 +0000 2017
580655,@AmazonHelp Nothing at all it just said address is undeliverable. I really need it too which is what is more annoying than anything. I've been waiting over a week already for it. Decided to buy from you instead of local which I'm regretting now.,@256793 I'm sorry to hear that. Can I ask which carrier was used for the order? You can check here: https://t.co/aaDyEz1VgE ^TI,Sun Dec 03 11:51:58 +0000 2017
1665245,@AmazonHelp Dans le cas où vous auriez des doutes : https://t.co/mwadZb2MF4,@507413 Je comprends la situation. Avez-vous signalé cela à notre service après ventre pour mieux vérifier votre commande ? ^SB,Mon Nov 06 10:51:54 +0000 2017
247502,"Preordered 8-9 for delivery tomorrow, get email today, now not coming until 25th Oct, poor show @115830, Currys and John Lewis have stock https://t.co/pulsAIS7tk","@174803 Terribly sorry for the delay, Steven! Were you given an e-mail regarding the reason for the delay? ^JZ",Thu Oct 05 16:00:42 +0000 2017
2739433,"No se si te amo o te odio @116875, cada día compro algo 🤔","@767525 Hola Estefanía. 😃💚 Cuéntanos, ¿has hecho muchas compras este buen fin?
^DB",Mon Nov 20 15:52:58 +0000 2017
1127335,@AmazonHelp It was there but not in amazon account but on my mail id i have replied it too can you tell me any time limit,"@385787 Thanks for the heads-up. If you've reverted to our correspondence, we'll get back shortly. ^YP",Mon Oct 30 12:50:42 +0000 2017
2538856,@AmazonHelp vous etes pas compétent,"@389945 Bonjour, je suis désolée d'apprendre cela. Pouvez-vous m'expliquer davantage la situation rencontrée s'il vous plait ? ^SB",Thu Nov 16 10:05:27 +0000 2017
365219,@AmazonHelp Bought a note8 as per the terms and instructions I registered with galaxy app and within 4 days I should have got the coupon to redeem the,"@202516 We'd like to get this checked, could you help us with the link to this offer? ^MA",Sun Oct 08 19:51:31 +0000 2017
35928,@AmazonHelp Muito obrigada de verdade,"@123815 De nada. Caso precisar de informação adicional, é só perguntar 😉 ^LG",Wed Nov 01 13:56:15 +0000 2017
428597,@115850 ordered LED light with 2 roll of 50 meter each as written in description but received only one roll of 50 meter yellow https://t.co/Ar7f0dLhjp,@216941 here: https://t.co/3yqvLnyTxi selecting the appropriate reason and we'll have this reviewed internally. (2/2)^YP,Tue Oct 10 13:35:02 +0000 2017
132565,"@115850 I have had an unpleasant experience dealing with Amazon with reference to order no # 408-5217257-7653153, from delivery, to return pickup and now refund has been delayed a lot","@145908 Sorry for the trouble you have faced so far with the order. I understand how upsetting it could be. Please fill this form: https://t.co/beaaDm0muc and we'll have a closer look at your concern. Once you do the needful, our team will get back to you soon.^AR",Fri Nov 24 07:06:47 +0000 2017
317448,"@AmazonHelp @15673 Ach komisch, auf dem Smartphone geht’s wieder.","@191764 Versuch mal bitte einen Neustart aller Geräte. Sag uns dann anschließend bitte Bescheid, ob wieder alles funktioniert. Grüße ^MF",Sat Oct 07 08:49:14 +0000 2017
2735694,One day @115821 will hire delivery drives that can read an address label. One day... not today though.  😑,"@400341 It sounds like you had a bad experience, my apologies. Without providing any account information can you give us some more details? ^CH",Sun Nov 26 23:26:18 +0000 2017
1234212,"@115821 Why does ""same day delivery"" constantly turn into next day delivery after I place the order? Commitment issues?",@409483 Hi Clark. We'd like to help the best we can. Has the delivery date for your order changed? ^HC,Mon Oct 16 01:26:55 +0000 2017
2835692,"@AmazonHelp made an order, get completely wrong items, you can't honour my order or price I paid?! Absolute joke for a company your size!!!!",@789300 I am so sorry this happened! We'd like to make it right. Can you verify if the order was shipped by Amazon or a third-party seller on our site? You can check here: https://t.co/aaDyEz1VgE ^JY,Mon Nov 27 14:46:38 +0000 2017
2236369,Feels like I'm waiting forever for my vinyl of the new @399451 album from Amazon to be delivered https://t.co/BlpFyBEy9J,"@652194 The wait is the hardest part! If your order has already shipped, you may be able to listen to the album now through our Auto-Rip program if your order is eligible. Please go here to learn more: https://t.co/3V2a6qpysY ^MB",Fri Nov 10 18:35:38 +0000 2017
957539,@AmazonHelp I have submitted that.,"@347201 Thank you for confirming. If you have shared your details, our team will get back to you soon. ^AG",Sun Oct 22 06:38:38 +0000 2017
420986,@115850 This is the mail I got 2 days back. No action yet. #AmazonSucks https://t.co/UIVkbV8ftD,"@191575 Please don't provide your order details, as we consider them to be personal information. Our page is visible to the public. ^GK",Tue Oct 10 07:19:36 +0000 2017
2419106,"Fare la spesa su #amazonpantry?! Semplicemente semplice!
Grazie @120540! https://t.co/PwUZXnEqPO",@695008 ❤️ ^MA,Tue Nov 14 17:41:19 +0000 2017
998194,@AmazonHelp Already shared.!,@353516 Thanks for responding. Kindly wait and our team will contact you at the earliest. ^GD,Sun Oct 15 12:02:35 +0000 2017
2282995,"@AmazonHelp Eu já receeeeeebi TUDO, migs!","@144097 Eitaa, então o que está aguardando para começar a ler 🤷‍? ^MB",Thu Oct 19 19:09:49 +0000 2017
1943810,@AmazonHelp j'ai directement signalé au transporteur,@577901 Je vous invite à contacter notre service client via le lien suivant: https://t.co/qzuu0dgDXz afin de vous aider. ^ASZ,Wed Oct 18 16:32:26 +0000 2017
319432,@AmazonHelp Here is an open letter @115851 @amazonhelp since only 1 sided view on how one cannot move funds frm Amazon pay is being told to me. https://t.co/iYjthQJVML,@192169 We're sorry to know about the hassle. We've received your details. Our team is working on it and will revert to you on priority.^RS,Mon Oct 09 07:23:12 +0000 2017
893324,@AmazonHelp Via phone I was told to contact my bank. However the bank didn't make the charge so I'm out of $10,"@332123 Just to clarify, what shipping method is shown for your item? Did you start a Prime membership with this order? ^DW",Fri Oct 20 21:04:31 +0000 2017
1718249,This is not the way u can force a customer to purchase it from @115850 else u can't refund their money. Harrasement of customers 1/2 https://t.co/LWg5Ud5tB7,@164814 I''m sorry for the trouble. We've already replied to you here : https://t.co/HcyJRHPGCZ. ^PJ,Tue Oct 17 18:01:22 +0000 2017
1487301,Hi @115830 my parcel says it is due for delivery today. It's nearly 22.20hrs. Is it really coming today? I do need it tomorrow. Urgently.,"@465429 I'm sorry, our carriers stop delivering at 21:00. Has there been a recent tracking update here: https://t.co/aaDyEz1VgE? ^TH",Mon Oct 16 21:16:50 +0000 2017
612702,@AmazonHelp Gracias.,@219317 Cualquier consulta adicional no dudes en contactarnos. ^VL,Wed Nov 22 13:52:58 +0000 2017
140929,"Danke an @116316 !
Weil ich dieses Jahr noch nicht über 100€ bestellt habe, darf ich das Handy für 250€ nicht per Lastschrift bezahlen!

Find ich super!
#Kundenservice
#keinPrime",@147798 Leider können wir diese Entscheidung nicht ändern. Gründe hierfür: https://t.co/kkXAbASVDr Tut mir leid. Lieber Gruß ^TG,Fri Nov 24 12:02:04 +0000 2017
1544162,@AmazonHelp Already replied,@446017 We'll check and get back to you at the earliest. ^PS,Sat Nov 04 05:59:23 +0000 2017
99903,"@AmazonHelp Ich ruf mal bei euch an, weil DHL sagt, ich soll einfach bis Samstag warten, es sei nicht deren Problem...","@137876 Genau, mach das 👍 ^AW",Thu Nov 30 17:13:57 +0000 2017
180361,あたしもAmazonの箱から月を見てるわ。アサ https://t.co/ncqgS6jcqP,"@158420 (*ﾟﾛﾟ)ﾊｯ!! この視線の先には月が…!!　今日は月がキレイなんですね～
Amazon箱のご利用、ありがとうございますm(*-ω-)m RI",Wed Oct 04 11:35:41 +0000 2017
2753560,@AmazonHelp やった〜！(..◜ᴗ◝..),@770772 ( *• ̀ω•́ )b✨ YM,Tue Nov 21 01:47:29 +0000 2017
939517,@AmazonHelp @115817 But they didnt. Somehow @115821 system shows it as if it was picked up.,@342711 Thanks for the info. We'd like a second chance to look into this. Please contact us here: https://t.co/EKXRLsnxJu ^GG,Fri Oct 13 23:40:11 +0000 2017
1046077,@AmazonHelp No help from amazon so far.,"@366916 We'd like to know what went wrong, please drop in the details here: https://t.co/GIJyeYqKE0 and we'll reach out to you. ^MS",Mon Oct 23 12:03:53 +0000 2017
2543915,@AmazonHelp I restarted the firestick a couple days ago. It's been fine. Now I'm trying to watch some football and https://t.co/Q5KVx4Kv1Y,@382602 Just so I understand is it switching from football to Call the Midwife? ^AP,Sun Nov 19 17:44:37 +0000 2017
490657,"Hi @AmazonHelp I received an email saying my order had been delivered to a neighbour,when I went to go pick it up they have no knowledge of it at all. Also there was no advice note through my door, pretty rubbish all round really!",@231877 I'm sorry to hear your order is missing. We'd like to take a look into this with you and see what's going on. Please contact us by phone here: https://t.co/JzP7hlA23B ^VS,Fri Dec 01 16:22:11 +0000 2017
1953611,記憶にないけどいつのまにかAmazonプライム会員になってる,@579978 無料体験を利用されたことはありませんか？申し込み時にご案内しているように、自動更新設定を変更しない場合、期間終了後に本会員へ移行します。https://t.co/eVU96EyVoQ 意図しない登録のご様子ですが、よろしければ特典をご活用いただけたら幸いです。https://t.co/FJh7vAncqv RI,Thu Nov 16 11:46:37 +0000 2017
2074033,"@115821 @AmazonHelp @115786 @115787 Amazon your logistics services are complete trash, the shipping information is incorrect and innacurate. It’s now 12:55am and still no xb1x",@613406 Sorry to hear that Tom. Amazon Logistics delivers until 9pm tonight. ^RS,Wed Nov 08 08:54:35 +0000 2017
1760384,"@AmazonHelp Sure. I ordered a lot of 24 of an item, and I keep being sent 1 of the item.","@529830 Thanks for confirming! Since this requires account access, please contact here: https://t.co/233GuUIPkP for a full review. ^TM",Wed Nov 08 15:08:45 +0000 2017
2863340,@AmazonHelp もちろん同一アカウントです。Amazon側では残高表示が出ますが、プライムナウのアプリ上では表示が出ません。,"@795365 何度もお手数おかけしておます。
一度アカウントのご登録状況確認し、ご案内をさせていただければと存じます。
よろしければ、下記URLよりカスタマーサービスにご連絡ください。
https://t.co/bwBU0NvYIn TY",Mon Nov 27 23:50:00 +0000 2017
1208717,"@AmazonHelp No, imagino que debo comunicarme directamente con ellos. Gracias por la recomendación de seguridad pero me va el riesgo 😜","@403795 Recomiendo contactarlos para verificar si todo está correcto, en caso de asistencia adicional estamos a tu disposición. ^AZ",Wed Oct 25 10:38:59 +0000 2017
968679,"@AmazonHelp U R required to give cashBack of Rs 50, as per your offer. It is effecting your credibility, as all others are also not got such cashBack",@349942 and we'll look into it. (2/2)^AU,Sat Oct 14 06:44:14 +0000 2017
2472378,"@AmazonHelp So many times recently. What is this? Instructions say ""leave in greenhouse"". Why is this so difficult all of a sudden?!! Is this an ideal place for your driver to leave my parcel? 😤 https://t.co/Ps6IKxUxs7",@216638 I'm sorry to see how your item was left. Was the item damaged in any way? Have you reported this to us directly via the Contact Us link? ^SA,Wed Nov 15 11:53:08 +0000 2017
629521,@AmazonHelp J’ai 3 commandes que j’ai passer hier matin. Toutes en prime avec « livraison garanti le 22 novembre avant 20h » elle sont même pas expédié. Cela serre à rien de proposer du prime dans ce cas 😩,@269132 Avez-vous signalé ce retard d'expéditon à notre service client pour en vérifier la cause ? ^KD,Wed Nov 22 15:32:05 +0000 2017
611196,"@115821 @115830  @AmazonHelp As a student with a dying laptop I ordered a new Dell inspirion off of your site believing in your good customer service. Instead what has happened is that I firstly received duracell batteries, and when asked for a replacement then received...",@265290 Sorry to hear about this issue. Have you contacted us here:  https://t.co/JzP7hlA23B to see what options we have available?^MI,Wed Nov 22 12:55:51 +0000 2017
2212125,@AmazonHelp Dear sir last 13 day 30 email but not solve problam...,"@523966 That's odd. I'd like to take a closer look into this, please share your details on the link here: https://t.co/GIJyeYqKE0 and we'll get back to you soon. ^PS",Fri Nov 10 05:42:35 +0000 2017
392197,@115830 excellent use of packaging again... not bad for the environment at all... MASSIVE box https://t.co/dl6ETLbJry,@208869 Thanks for bringing this to our attention! Feedback can be left directly to our Packaging team here: https://t.co/fxgZ6hTrFA ^JO,Mon Oct 09 16:32:42 +0000 2017
763609,@115850 @AmazonHelp will take my Consumer Complain back and trust Amazon again. Atleast u can give me a 300rs gc for my inconvenience. Pls https://t.co/mgBH6aX4J7,@215402 Please don't provide your order details as we consider it personal information. Our twitter page is visible to public. ^SQ,Wed Oct 11 21:15:26 +0000 2017
1576334,@115821 @AmazonHelp What rubbish service is this on chat your agent said i will get refund and on email ur agent sorry not possible? Wtf? https://t.co/FtxP4gjewi,@485651 We'd like to take a closer look into your refund issue. Please fill out this form: https://t.co/GIJyeYqKE0. ^AM,Sat Nov 04 18:07:51 +0000 2017
678300,@115821 I added my amount to the amazon pay and when i tries to checkout it add more than the total money. No way find where it justify the extra amount added. I need my amazon pay balance return to my account. Tell me the way.Its just a fake way to add money to account.,@281822 Apologies you had the problem with adding money to pay balance. You may reach out to support team here: https://t.co/vlvfJr4nN9. We’ll look into it. ^SB,Sun Nov 19 09:45:09 +0000 2017
546499,@115821 what ever happened to guaranteed 2 day prime shipping? Everything is late these days.,@247076 I'm sorry for the frustration! We aim to meet our delivery dates. Do you have a current order which missed the intended delivery date stated in your order confirmation e-mail? ^AC,Sat Dec 02 17:12:56 +0000 2017
1179698,Hey @115821 your delivery guy decided to leave the boxes for the entire building in our office.  Guess I'm the delivery guy now? https://t.co/zwSWiN8Nc8,@397440 I'm so sorry to see this! We want your orders secure. Can you let us know the carrier who delivered these items? ^EB,Tue Oct 24 21:23:08 +0000 2017
2520579,密林primeのタイムセールに乗じて、7Dmk2用のバッテリーを2コ購入,@717939 ご利用ありがとうございます|ω・).SK,Thu Nov 16 01:18:33 +0000 2017
495876,ya mañana sabré si mi paquete que pedí de @115821 esta a salvo y completo en la casa de la tia @22757 :D,"@233276 Esperamos que todo salga bien con tu paquete, Alonso. 😊 Mantennos al tanto de cualquier novedad . ^ES",Fri Dec 01 18:09:23 +0000 2017
598057,"After a week of using it, I can happily say the @115833 was one of the best purchases I’ve made this year.",@261773 Fantastic! Glad to hear that you're enjoying your Echo! 😊^AB,Sun Dec 03 19:52:26 +0000 2017
20463,"@AmazonHelp Since how much time I wait
For your action...??","@120469 Sorry about the stretch, Kaushal. Please reply to the email sent to you. Once we receive your reply, we'll check &amp; assist.^SV",Fri Oct 27 17:19:01 +0000 2017
742396,@amazonhelp this url is broken on your site: https://t.co/nL5ldDxRB2 — needed for this: https://t.co/dD4Yvm02Pb,@297514 Cab you please provide a link to the page where this button is located? We'd like to look further into it. ^WJ,Wed Oct 11 14:28:44 +0000 2017
2115530,@AmazonHelp Canada Post,@367685 Thanks for confirming! Have you tried these steps to locate your package: https://t.co/w3V3KfHfOH? ^HC,Wed Nov 08 17:15:37 +0000 2017
1751558,"I will, but I think I better shift to @115937 or @118702 cause @115821 seems not interested in supporting customers after sale and favouring seller all the time. Last time some seller sold me expired product , n still he is selling at amazon. Shame ! https://t.co/Nu97T5bxFB",@525433 Could you please confirm if you have shared your details using the secured link provided in the previous correspondence?2/2^RI,Tue Nov 07 17:56:13 +0000 2017
163524,"@AmazonHelp Yep and yet again it's been ""delayed"" after the first one was ""damaged in transit"" this was meant to be sent to me as an apology. Still no laptop, Prime customer, keep getting offered an extra month of Prime as compensation (great example of Prime so far?!?) Insulting.",@153824 Please complete the form here: https://t.co/tkLCr7DNil and someone from our team will be in touch to look into this.^PK,Mon Nov 27 07:28:22 +0000 2017
179931,@115850 order id 406-0875156-9923538 i cancelled it as its taking forever to come nd you guys ask for pick up from home date.. #shitamazon,@158355 I'm sorry for the inconvenience. We'd like to look into it and work on it. (1/3)^AP,Wed Oct 04 10:25:47 +0000 2017
22146,@AmazonHelp I did not see any email. I only had to call again. Now I see it is rescheduled for pickup tomorrow 2nd Nov.,@120778 please respond to the email so that we can assist you accordingly. (2/2)^SU,Wed Nov 01 11:33:02 +0000 2017
2540298,@AmazonHelp もちろんです✨,@722369 ありがとうございますっ (人´∀｀o）✨　SM,Thu Nov 16 11:40:38 +0000 2017
909892,"@115850 Would like to report a wrong delivery. Ordered Micro-USB cables for my parents, got TypeC cables instead # 403-6079381-8826765 1/2","@336123 Please don't provide your order details, we consider it to be personal information. Our page is visible to the public.(2/2)^SF",Sat Oct 21 06:02:43 +0000 2017
155113,@AmazonHelp Update: the parcel's still not here but I have https://t.co/3sdf9I4dPD,@151574 Has the tracking been updated? You can see that information here: https://t.co/aaDyEz1VgE ^GP,Fri Nov 24 17:42:17 +0000 2017
1916368,@80 @116928 @130687 ¿Conocen en @116928 el lamentable servicio de entrega de paquetes que dan por culpa de @80? cc @130687 @115821 #fail https://t.co/AL1PkTKIWi,"@570802 Hola Toni, sentimos lo ocurrido. ¿Has contactado a @130687 mediante estes dados: https://t.co/n9FNM34tKe? ^DA",Wed Oct 18 14:22:59 +0000 2017
312990,@AmazonHelp  https://t.co/Zu0qMvIX5G,"@190746 You must have received a correspondence from us, request you to check the same. ^SH",Sat Oct 07 07:50:29 +0000 2017
1627795,@AmazonHelp It’s a business address. You know it closes at five.,@323707 I'm so sorry! Has your tracking been updated with a new delivery date? You can view it here: https://t.co/aaDyEz1VgE ^TK,Tue Oct 17 12:50:29 +0000 2017
410495,"@AmazonHelp I haven't ordered her, I just noticed that when buying from Warehouse Deals with 2-Day Shipping the estimate is the 16th. Is this accurate?","@178543 Yes! Our Prime 2-day shipping refers to transit time, as some items may need additional processing.  ^HC",Mon Oct 09 23:54:12 +0000 2017
1268924,"Well played @115821! blocked my account after adding 425$ bcz of address verification &amp; you guys asking me to fax my details,Seriously! https://t.co/FIXtWELTqq",@417118 Please send on the requested details via fax. You can use free fax services online.^CD,Mon Oct 16 06:11:35 +0000 2017
181309,@AmazonHelp Yes I’ve tried that. What should I do next?,@158577 We can make sure this is escalated to our Technical team. When you have time give us a call. We're available 24/7 here: https://t.co/hApLpMlfHN ^EP,Sat Nov 25 01:20:04 +0000 2017
124058,"@115830
Ordered item on Prime
 Dispatched 22nd to get to me next day (that’s what you promised)

But, You sent it Royal Mail for a 24th to 27th Delivery, and if I don’t get it by Tuesday 28th to contact you?

So what happened to your Prime Guarantee?","@143744 I'm sorry it hasn't arrived! To clarify, is there a delay message in Your Orders: https://t.co/BQmcNXViiI? ^SJ",Fri Nov 24 01:26:30 +0000 2017
627710,"@132703 la aptitud del repartidor(según su tienda) y la actitud de la recepcionista de la tienda en Martorell dejan mucho que desear.
De un paquete de 24 horas de @116928  se va a convertir en uno de 72horas.
Conseguirán que anulen el pedido.
La hora que es ,sin noticias https://t.co/y2tWx24r0U","@268662 Hola Fran, lamento cualquier molestia ocasionada. ¿El pedido en cuestión era gestionado por Amazon o por un vendedor independiente? ^KS",Wed Nov 22 15:11:27 +0000 2017
480488,"Hey @115821, please explain why I am paying for Prime’s 2 day shipping when I am getting 5 day shipping #Amazon https://t.co/d2STAEeAnA","@229189 Hello MJ, sorry you have not received your order. We'd like to assist! What was the delivery date provided in your order confirmation email? ^TE",Fri Dec 01 13:19:42 +0000 2017
2957042,@AmazonHelp The carrier is AMZCA,@816254 We'd like to have a member of our team look into this for you. Please provide your order and contact info here: https://t.co/0wfl81e0un ^AG,Thu Nov 30 02:03:30 +0000 2017
1264468,@AmazonHelp any update please share timeline in what time my replacement reach my home,"@416100 Once we receive the details, we will get back to you the latest by 12 hours. Appreciate your patience. ^BS",Fri Oct 27 12:39:27 +0000 2017
1623922,"@AmazonHelp @497410 Gut zu wissen, dass man solche Mails melden kann. Danke! Werde ich in Zukunft auch direkt machen.",@497411 Immer wieder gerne! ^DW,Sun Nov 05 23:28:51 +0000 2017
386753,"@115821 music @AmazonHelp most the songs keep Stuttering :(  ""War (Remastered)"" by U2 on Amazon Music. https://t.co/7Au0VSQWfY https://t.co/nAiQNtzvhN",@207562 I'm sorry the audio is skipping! Have you tried restarting the app as well as your modem/router? That usually helps! ^TK,Mon Oct 09 13:03:08 +0000 2017
1755084,@AmazonHelp Just 3 days after this month will end 🤔,@528569 I understand your love for music :) It will be expanded to other devices and platforms in the future. Please stay tuned! ^BS,Mon Nov 27 02:52:52 +0000 2017
1826199,"@AmazonHelp i cald ur custmr executive,he is denying for d replacement but u can check d screen shots dat i ws assured a replacement if d ordr get cncld",@419257 We can't gain access to your account details via Twitter and help you with a resolution here. As you've confirmed providing 1/2 ^KA,Wed Oct 18 05:32:39 +0000 2017
765713,"@AmazonHelp No, I find your customer service menu on the app very confusing and can't work out how to send an email. I keep ending up on a chat with a robot that wants me to give it my phone number when I can't speak on the phone right now.",@303000 You can send us an e-mail via our website if you go to the following link:  https://t.co/JzP7hlA23B ^KI,Sat Nov 25 09:00:44 +0000 2017
2922645,Placed a Prime Now order for a few random things I needed... Literally they used this huge bag for this one sheet of stickers. Amazon is so wasteful. https://t.co/XWiaSi0nqG,@808817 We strive to improve. Please provide more detailed feedback here: https://t.co/9QXcxpa4i6 ^BA,Wed Nov 29 01:47:04 +0000 2017
1270999,@115850 can I pay for my COD order using Amazon pay?,@417583 I'm afraid you'll not be able to pay using pay balance at the time of delivery. For detail refer here: https://t.co/oNCBzNnYig ^SG,Thu Oct 26 14:11:56 +0000 2017
2431121,"@AmazonHelp La capture d'écran suivante provient de Firefox (les précédentes provenaient de Chrome), on dirait que c'est un design différent qui est appliqué sous Chrome (voir la couleur du titre et le design du bouton) https://t.co/d8K18vlCcb",@697863 Il s'agit bien d'un souci d'affichage du navigateur et non une erreur graphique sur le site. Merci quand même de nous l'avoir signalé. ^MH,Tue Nov 14 21:11:22 +0000 2017
1278685,Uhhhh how can I cancel an order I placed??? @115821,"@182076 Hi! You can learn how to do this, here: https://t.co/YHgBUwzYag ^RL",Mon Oct 16 08:16:02 +0000 2017
1209843,@AmazonHelp Information sent. If you are going to ask for 24-48 hours to resolve please don't bother contacting me. I am sick of hearing that.,"@182930 I understand waiting could be tiresome. Since the details are shared, we'll update on this shortly. Appreciate your patience.^BS",Wed Oct 25 11:29:34 +0000 2017
1234092,@AmazonHelp my parcel said it was delivered and signed for by me yesterday but i wasn't in. I can't find the parcel - can you help please?,"@406724 Oh my! Please check this out https://t.co/B56WdxESbk
Please keep us updated. ^LL",Wed Oct 25 14:07:55 +0000 2017
236674,@AmazonHelp Toujours pas de réponse de votre part.... :(.  Connaissez-vous l’expression “service client” ?,@172362 J'informe de suite la personne en charge ^SN,Fri Oct 06 10:45:09 +0000 2017
544418,"@AmazonHelp Pone esto ""Vendido por Linkmart y gestionado por Amazon""","@246482 Te agradecemos la información, Verónica. Para lograr revisar con mayor detalle lo que esta sucediendo con la devolución, te sugerimos contactar a nuestro departamento de Servicio al Cliente en el siguiente enlace: https://t.co/OjvUxwnzPe. ^AA",Sat Dec 02 16:46:09 +0000 2017
1405313,@AmazonHelp What is the differnece between prime reading and unlimited? Which one is free for prime members without additional services? 1/2,@172901 Kindle Unlimited is an extra subscription that gives you access to a large catalog of Kindle titles: https://t.co/KI1R1WQ6RC ^TH,Sat Oct 28 18:26:20 +0000 2017
222708,"@AmazonHelp This link is not opening either, page can't be loaded error is getting displayed",@169201 Sorry for the trouble you've had. Could you please help us with the screenshot of the error you're facing. ^MM,Mon Oct 02 04:54:51 +0000 2017
1556266,"@AmazonHelp Shouldn't the courier and shipping dept be held responsible and made to bear the loss ?
#BeyondDisgusted",@481170 I get you being upset. Please use the link that was provided earlier to respond. Appreciate your understanding. ^NK,Sat Nov 04 12:22:44 +0000 2017
1020110,"@AmazonHelp sorted the payment now. Although the gift card, it appeared in my orders, now it's gone, and the balance is not there","@361380 We'd like to look into this with you. When you have a moment, please contact us by phone or chat here: https://t.co/qy3J24VGxb ^AC",Sat Nov 25 17:41:26 +0000 2017
105138,"@AmazonHelp I did! It's like, partially frozen. The top part I can see that it's still working but the must charge icon just won't go away and it takes up half of the screen. Do you think it's good to just leave it charged though it's already ""green""?",@139222 Mhm that is strange! We would like to troubleshoot this with you in real time. Please contact us via phone or chat here: https://t.co/hApLpMlfHN ^LS,Thu Nov 30 18:26:56 +0000 2017
680360,@115821 The live chat customer service is horrible. Some of your black Friday deals expired prematurely. Shouldn't be terribly hard to fix. Where can I just send an email?,"@282336 Hi, you can contact us directly via e-mail at any stage via the following link:  https://t.co/hApLpMlfHN ^KI",Sat Nov 25 07:35:24 +0000 2017
1768977,@AmazonHelp Can you clarify how you know it is a video? Thx for info,@531842 you're firs tweet you said you were watching #Snowden? ^AS,Wed Oct 18 06:52:35 +0000 2017
1246371,"@115821 Very very fraud, 
Online shopping &amp; online payment 
Even not received the product 
402-9266837-9705148
Payment done online too","@415450 Please don't provide your order details, we consider it to be personal information. Our page is visible to public.(2/2)^RI",Thu Oct 26 14:46:38 +0000 2017
162074,@AmazonHelp The screen shots are self explanatory 😂.. today Garmin vivoactive 3 gps shows 16934. But when you click on it it changes to 24005. https://t.co/67OJwMAoB9,@153417 Could you please help us with the link of the exact product so we can check it from our end? ^NR,Sat Nov 25 19:06:40 +0000 2017
1259415,@AmazonHelp 追跡は出来ておりますので今のところ個別の案内は不要です。ただ、当日配送翌日配送と煽っておいて実際来るのは夜中とかは、予定が全く立てられずに困惑する上、こういう無茶を押し付ける荷主にも安請け合いしてしまう荷受けにもそれに従ってしまう配達員にも辟易するのでやめてほしいです。,@415077 ご不便をおかけし誠に申し訳ございません。このたびご迷惑をおかけしたことを真摯に受け止め、今後のサービス改善に努めて参ります。 EK,Tue Oct 17 07:02:22 +0000 2017
1153754,@AmazonHelp Déjà fait c'est loin d'être la première fois. Quand ça arrive trop souvent il faudrait peut-être songer à dédommager...,@391451 Notre service client prendra le relais pour investiguer les circonstances de ce retard. ^MA,Tue Oct 24 18:19:24 +0000 2017
131795,Amazon primeは神ってわかんだね https://t.co/AdoMa0VrAg,@145716 （´-`）.｡oO ( ぜひお楽しみくださいませ～ )HM,Fri Nov 24 07:02:32 +0000 2017
2799365,"Amazon知らん間にプライム会員なってて3,900円〜💸〜さよなら〜","@781025 (2/2)有料会員移行後に特典のご利用が無ければ、キャンセル・返金を承る事も可能です。詳細はこちら&gt; https://t.co/wdPTbEDae7  
プライム特典の一覧はこちらをご参照ください&gt; https://t.co/Abfeov20S6  YM",Tue Nov 21 16:18:44 +0000 2017
1437454,@AmazonHelp Computer says no,@453687 Thanks for the update. Please call us by selecting Contact Us via the link ^GR provided. Keep us posted on the outcome. ^CO,Thu Nov 02 15:48:19 +0000 2017
1390969,@AmazonHelp I have done so but Still I Don't hope anything to be done from your side As I know how useless you guys are,@120538 We'll be sure to get back to you with an update soon. ^HA,Sat Oct 28 12:01:45 +0000 2017
2962796,When @115821’s 2 day delivery turns into 3 days.............. 🙄,@817543 I'm sorry for the wait! Have we missed the delivery date provided in our order confirmation e-mail? ^WT,Wed Nov 29 21:23:04 +0000 2017
2347732,"@116928 pedi hace unos dias un pedido con prime, ponia que llegaba hoy, son casi las 6 de la tarde y sigue en reparto",@678730 Hola Adam. Lamento escuchar el inconveniente. ¿Te has puesto en contacto con el transportista para confirmar los detalles de la entrega de tu paquete? ^DB,Mon Nov 13 16:48:51 +0000 2017
727903,@115850  I wanna know about my amazon pay balance.. I placed order on 8 Oct,@294377 You may view the pay balance here: https://t.co/0cdBoIkvMH ^AK,Wed Oct 11 06:45:26 +0000 2017
2511615,"Que raro que @116875 no se haya cobrado el juego, creo que ya les jalaron los pelos por entregarlos un día antes u.u","@715856 ¡Hola, Raúl! Sin compartir información personal, ¿puedes darnos más detalles sobre lo ocurrido con el juego?. ^NB",Wed Nov 15 22:52:30 +0000 2017
602326,@AmazonHelp pls help DM :(,"@262972 Hi, We're sorry for the inconvenience! We want to make sure we’re providing the best solution for you. In this case, we recommend you to contact our Customer Support, please click the following link: https://t.co/qGpkDwGRhX ^HC",Sun Dec 03 21:40:47 +0000 2017
1509279,@115850 This is not done. I was looking forward to receive my Echo speaker today as I am leaving for some other place tomorrow morning. The delivery guys number is neither reachable nor he came for delivery.  What am I supposed to do now. It was a gift for someone else. https://t.co/qb7ALLmdvO,"@470324 Please don't provide your order details, we consider it to be personal information. Our page is visible to the public. (3/3) ^PJ",Fri Nov 03 14:09:46 +0000 2017
1354488,"@AmazonHelp Thanks for getting back to me, it was supposed to be delivered yesterday via one day delivery, but still hasn't shown up","@435865 Has a new delivery date been provided for the order, Danika? You can check here: https://t.co/aaDyEz1VgE ^LA",Fri Oct 27 18:49:22 +0000 2017
2724452,@115830 @AmazonHelp I’ve just had two orders delivered to a neighbour however they only left the neighbours name and not door number. How am I able to guess who the person is who has my parcels?,"@615233 Hi, Aaron! I'm very sorry that you've had this experience.  We'd love to help!  Please reach out to us via phone or chat so that we can look into this together: https://t.co/JzP7hlA23B ^SP",Mon Nov 20 11:25:49 +0000 2017
968713,@AmazonHelp 「プライスマーケット本店Web事業部」というお店でコーヒー豆を買ったのですが、Webから問い合わせても「ゆうパックの伝票番号がない」との返答で拉致があかないです。郵便局は番号がないと調査しようがないということです。,@349958 重ねてのご案内となりますが、出品者にお問い合わせいただいても問題が解決しない場合、カスタマーサービスにお問い合わせください。どうぞよろしくお願いいたします。ET,Sun Oct 22 06:15:55 +0000 2017
787910,@AmazonHelp I sent an email on the 8th of October with a request for info and was told I'd get a response in 6 hours. I got nothing!,@201484 Sorry to hear. Have you checked your spam/junk folder? ^PK,Thu Oct 12 10:22:20 +0000 2017
1742701,Pas très écolo le carton pour un jeu de switch @120533 https://t.co/a3o1CXppze,"@525684 Bonjour, je suis désolée pour cela😓
Vous avez la possibilité d'évaluer l'emballage via: https://t.co/Kfvpoov9cD  ^FT",Tue Nov 07 14:09:27 +0000 2017
2047348,Há @117086 Eu já falei o quanto te amo hoje? https://t.co/EDj8JsmePb,"@605496 O amor é mútuo, Rennan! 🙈 Você já conferiu nossos novos produtos? ^CR",Wed Oct 18 22:59:42 +0000 2017
1232892,Awful service provided by @115850 tried to cancel &amp; arrange for pickup of a product thrice but everytime request was cancelled. #Shame https://t.co/fcZaYnXrmY,@409160 I'm sorry to know about the delay in pick up. Please reach out to us here: https://t.co/vlvfJr4nN9 we'd like to help. ^SG,Wed Oct 25 17:17:19 +0000 2017
1570865,@AmazonHelp Danke für nichts mal wieder... https://t.co/MTxRV3P9mA,@484393 Guten Morgen! Oje 😟 Magst du dich bitte bei uns melden: https://t.co/IZA9YnmZyZ ^TG,Tue Oct 17 05:58:32 +0000 2017
2935771,@AmazonHelp @116928 cual de todas las versiones que me han dado?,@811646 ¿Nos podrías indicar la última instrucción que ellos te han indicado? ¿Nos podrías indica si el producto es vendido por Amazon o por uno de nuestros vendedores externos? ^KA,Wed Nov 29 11:30:01 +0000 2017
805540,@AmazonHelp it looks like I have an errant charge on my Amazon account. Can you direct me toward the right person to contact?,@311953 We're sorry for the unexpected charge! Was this from a recent purchase or subscription fee: https://t.co/Y5jpI9gRhE? ^WM,Thu Oct 12 17:32:53 +0000 2017
2936664,"@AmazonHelp Hello. I'm trying to log on to Amazon in my library but can't. ""The owner of https://t.co/vWVKORx4Y8 has configured their website improperly..."" I wanted to cancel Prime + Kindle subscriptions. Can you help?",@811832 Sorry to hear about the issue with the Libraries computer. We're unable to access your account via twitter. Are you able to access the cancel subscription link here: http:https://t.co/a4Yc9lKczA? Can you check another browser perhaps? ^MI,Wed Nov 29 11:13:58 +0000 2017
156819,@AmazonHelp Still awaiting some real help here. Hope help is on the way. One of those few customers who doesn't mind being patient but this does not mean waiting for eternity dear @115850,@152014 Apologies for the delay in resolving this or you. We are working on your issue and will get back to you soon with an update. Do appreciate your patience. ^VH,Sun Nov 26 15:08:03 +0000 2017
1105740,@115850 hey amazon are u not interested to give me refund??,"@380947 We don't know the reasons about your return, please elaborate. ^MJ",Sun Oct 15 08:26:21 +0000 2017
439253,@AmazonHelp I'm wrongly buying a washing machine on offer period I place my order cancellation on the same time but till date I'm not received my money.,"@219321 I understand your query is regarding refund, request you to contact us here https://t.co/rS49hgaADF and we'll assist you. ^VH",Wed Oct 11 03:39:55 +0000 2017
2475976,@121284 still no any confirmation about refund or exchange my watch,"@701315 Just to cross-check, did you drop your details over the link shared earlier. We can guide you accordingly.",Wed Nov 15 14:02:26 +0000 2017
172241,@AmazonHelp Time delivering it just so they can meet an empty house every day then give me a refund when it goes undelivered,@156250 I'm truly sorry for the inconvenience. This is not the experience we want you to have! We'd like to help if we can. Please reach out to us here so we can share options with you: https://t.co/hApLpMlfHN ^MO,Sat Nov 25 00:46:07 +0000 2017
590853,Creo que estoy enamorado de @116875 por que todo lo que he pedido siempre llega tan rápido 😍,"@259762 Hola Lalo. 😁Nos esforzamos para entregar lo más rápido posible los pedidos de nuestros clientes.🏃📦 Cuentános, ¿qué compraste?🤔 ^HC https://t.co/nnQEHdS7ND",Sun Dec 03 16:37:42 +0000 2017
1439490,"@amazonhelp Hi, I accidentally signed up to Prime and would like to cancel except it only says ""your Prime membership will be active soon""?",@135047 We'd be more than happy to take a look at this with you. Please reach out to us here: https://t.co/JzP7hlA23B. ^AX,Thu Nov 02 11:07:39 +0000 2017
431605,@AmazonHelp Haja coração!Seria meu sonho ? 😍😍😂😂,"@217609 O sonho dos fãs das Crônicas de Nárnia 💖 Você já leu todos os livros da saga, Priscila? ^LG",Tue Oct 10 18:07:45 +0000 2017
885363,@AmazonHelp 24 hours team..how much time do you require for a call back @115851,"@330228 We've sent a correspondence to your registered account, request you to check. ^MA",Sat Oct 14 14:28:59 +0000 2017
570007,"@AmazonHelp Package status says received, but i didnt get it, Amazon told me to call in a police report, i did. Amazon got the police report number, told me they would contact the police to verify the report, that was Nov 3rd, i get told they will call monday, 4 mondays in a row and nothing",@253801 A member of our team would like to look into this experience for you. Can you please provide your order details here: https://t.co/vgYzd1iVFe? ^ST,Sun Dec 03 03:44:39 +0000 2017
2940288,@115830 some great overkill on the boxing and packaging! Kinda got my hopes up it would be something amazing! https://t.co/baoRc4TRfR,@812628 Sorry for any troubles caused! You can leave your feedback for the packaging of this order here: https://t.co/YsujUWLJtP ^TH,Wed Nov 29 13:19:13 +0000 2017
2336800,Amazon注文してコンビニ受取だとプライム会員でも通常発送になるのか。。,"@676111 アマゾンです。対象商品であれば店頭受取(コンビニ受取)でもお急ぎ便がご利用可能でございます。
お急ぎ便について→https://t.co/eypjvfTR8E ET",Fri Oct 20 03:41:52 +0000 2017
288244,"@115850 Complaint: My One+5 delivery delayed by 2 days now. Have tried customer care with no respite, despite being a PRIME customer.",@184662 We would like to help you. Please share your details with us here: https://t.co/GIJyeYqKE0. We'll get in touch shortly. ^CB,Wed Oct 11 09:38:40 +0000 2017
2434188,"@AmazonHelp Just wanted to show you all that , you need to block such seller. This is really a bad experience with @115821",@698516 I understand your concern. I'll forward your feedback to the team concerned for review. Appreciate your understanding. ^HD,Sun Oct 29 20:22:54 +0000 2017
1742673,"@AmazonHelp Hi Amazon, my package is late was originally expected by 30th of October, still no sign of it. Where can I speak with someone?",@525680 Sorry to hear this - what is the latest order status :  https://t.co/Y5jpI9gRhE  ^TD,Tue Nov 07 14:15:39 +0000 2017
2628834,@715660 $108 was taken out my account for amazon prime and i didn't sign up for none of that shit,@742458 I'm sorry about the unexpected expense! You can cancel your Prime membership for a refund: https://t.co/NfFEaumGk7 Please let us know if we can help with anything else! ^PF,Fri Nov 17 17:25:12 +0000 2017
2634823,"@AmazonHelp Aún no, pero eso va a cambiar en muy poco tiempo, por eso me ha encantado, gracias!",@743837 ¡Hola Daniel! ¡Que emoción! Nosotros también nos preparamos para ver alguna de las nuevas opciones 😍 ¿Cuéntanos has visto alguna otra película o serie que te guste disponible en el catalago? ^PC https://t.co/gFNs25513J,Fri Nov 17 19:27:01 +0000 2017
353266,"@115817 @115821 how do I complain about these wank shites? Didn't even attempt delivery or bother telling me, had to chase them myself.",@199981 Please reach out to us here so we can contact them together and get this sorted:  https://t.co/hApLpMlfHN ^JZ,Sun Oct 08 13:17:18 +0000 2017
350603,@115850 how could u cancel ky order without my permission.. 😤,@199415 I'm sorry the order got canceled. Please report this to our support team here: https://t.co/vlvfJr4nN9. ^HA,Sun Oct 08 09:15:36 +0000 2017
352825,"It gives me this message, however when I click update nothing happens. @115850 @AmazonHelp https://t.co/hMIbecmUsV",@176636 I'm sorry for the trouble. Could you reinstall your app and see if the issue still persists? ^AU,Sun Oct 08 11:18:50 +0000 2017
1177170,"Disappointed in @115821. This is the 3rd attempt is shipping this frame. Each time, no packing other than 1 sheet of paper. #crushed #broken https://t.co/GdelML2AqH",@396885 I'm truly sorry the frame has arrived damaged! Please call us so we can escalate this issue: https://t.co/hApLpMlfHN ^SH,Wed Oct 25 00:00:30 +0000 2017
51598,@AmazonHelp I checked again. I have uploaded the video to youtube. Its playing here. Is their any location restriction.,@127581 Thanks for flagging this. We'll have this reviewed internally. ^SQ,Wed Nov 01 18:23:55 +0000 2017
1592070,@AmazonHelp Order that was supposed to be here Friday somehow went to the wrong post office (in another state). No ETA on when items will arrive.,"@203058 I'm sorry for this inconvenience! When you can, please reach us via phone or chat here: https://t.co/CYqkdUakWJ ^SJ",Sun Nov 05 00:57:52 +0000 2017
2149535,"@AmazonHelp Ok but when placing an order, your site always tells you if the item is eligible for P.O. box delivery or not. My order was processed and went through with no issues",@631759 We're here to help &amp; would like to look into this with you by phone or chat. Please contact us here: https://t.co/hApLpMlfHN ^SE,Thu Nov 09 00:45:05 +0000 2017
856935,@AmazonHelp .com. It was supposed to ship last week. Now it's listed as unknown.,"@323490 Strange! Could you let us know if the book is coming from us or a seller on our site? We'd love to help, but need more info!^MT",Fri Oct 13 14:38:00 +0000 2017
453177,"@AmazonHelp No worries, it’s been solved, thank you!",@222524 Thanks for keeping us updated! I'm glad to hear you got it resolved! ^BN,Thu Nov 30 22:58:42 +0000 2017
1603309,@115850 Y is this happening when I select the size it's 2697 and when I say by its 4067 https://t.co/98i4sxRtLw,"@492050 That's unusual, kindly connect with our support team here: https://t.co/HQhpS2qeEd. We'll look into it. ^PS",Sun Nov 05 07:19:40 +0000 2017
20449,@AmazonHelp I am already still awaiting since 12.10.2017 for your solution. But no any satisfied resolution provide from Amazon side.,@120469 Apologies for the ordeal Kaushal. Please share your details here: https://t.co/GIJyeYqKE0 and I'll get back to you. ^HN,Thu Nov 02 12:09:04 +0000 2017
836451,"@115830 I pre-ordered one in August and then I did next day delivery for the second, neither have arrived.",@319104 Is there any info showing on their tracking via this link? : https://t.co/aaDyEz1VgE ^RL,Sat Oct 14 11:49:24 +0000 2017
431162,"@4031 @115821 sir like it has duped me, scam is over 900 crore. They send empty packet and keep d money too like they did wid me. HELP https://t.co/JGzDG8kgq6",@217522 Kindly ensure to submit the form once you have shared your details. (2/2) ^CB,Tue Oct 10 14:52:16 +0000 2017
1153237,@115821 I need to message you regarding a supposed driver of yours. I believe they are not working for you and using your name. Pls follow,@357770 Hi Mark! We can look into this with you here: https://t.co/JzP7hlA23B ^WT,Sun Oct 15 17:33:37 +0000 2017
1131313,@AmazonHelp 48 hrs have passed. No response or resolution,"@322303 I get you being upset, Anil. You may check the messages sent by our team here: https://t.co/8DAc10S7ww and keep us posted. ^NK",Thu Oct 26 18:17:43 +0000 2017
659415,@AmazonHelp your customer service to those with disabilities is horrendous and you should be ashamed. I'm wheelchair bound. 1 of/,@277018 I'm so sorry for the poor experience. I would like to have someone from my team look into this more with you. Please fill your details out here: https://t.co/tQhCtbF8zX and someone will be in touch. ^AY,Wed Nov 22 23:20:25 +0000 2017
2889221,"@AmazonHelp A priori rien chez moi, je n’y suis pas mais ma mère n’a rien réceptionné et rien dans la boîte. On a demandé aux voisins, rien. Si quelqu’un réceptionne un colis de valeur... qu’est-ce qui l’oblige à être honnête et à le rendre le ? 😭","@801075 Si le suivi indique que le colis est livré et que malgré les recherches vous ne le trouvez pas, il faut le signaler à notre service client pour ouvrir une enquête auprès du transporteur et avoir le nom de la personne ayant reçu votre colis.^ASZ",Wed Nov 29 19:17:39 +0000 2017
1439089,@AmazonHelp I had raised a ticket for merging my Amazon account and author page. Is it possible?,"@152508 I understand your concern, please contact us here: https://t.co/rS49hgaADF so that we can assist you accordingly. ^MN",Thu Nov 02 12:00:46 +0000 2017
380561,@AmazonHelp さっきヤマトにもカスタマーサービスにも電話したんですけど繋がらなかったです😡😡😡,@206271 ご迷惑をおかけしております。先程のリンクよりアクセスしていただきますと、お電話の平均待ち時間が表示されます。カスタマーサービスよりお電話いたしますので、電話番号を入力のうえボタンを押してお待ちください。 RI,Mon Oct 09 08:47:55 +0000 2017
861880,@115821 Rolling on 30 minutes with customer service call centre and still no resolution. Rep has no idea what to do #thinklikeacustomer,"@324651 I'm sorry to hear about this, Claudia!! Please keep us posted on the options that are provided to you. ^HM",Fri Oct 13 14:19:52 +0000 2017
2424519,@117795 parcels are not coming next day #whyamipayingforprime,@405078 I'm sorry your orders aren't arriving as expected! What was the delivery dates given in the confirmation emails? ^AH,Tue Nov 14 18:47:50 +0000 2017
1324544,@115821 I’m being charged for kindle unlimited even though my amazon account says I don’t have a subscription. How do I get a refund?,"@429082 Hi Clare, please contact us here so we can look into it further:  https://t.co/JzP7hlA23B ^AT",Fri Oct 27 10:38:58 +0000 2017
946581,"@AmazonHelp vale gracias 
este solo quiero saber cuando confirmas un devolución, te dan el dinero o un producto nuevo","@344466 Si solicitaste la devolución, recibirás un reembolso del valor de la compra. ^LG",Sat Oct 21 21:22:34 +0000 2017
2840267,"@AmazonHelp I have read that communication. It is of no help. No one is even trying to understand, why i complained","@790384 Please reply to the email with appropriate understanding, we will check and connect with you. ^RW",Tue Nov 28 07:43:01 +0000 2017
348635,@AmazonHelp Any date?,"@198992 We do not have any update as of now. Hence, kindly wait. ^HR",Sun Oct 08 11:33:22 +0000 2017
2816310,@AmazonHelp Thanks!,"@785118 You're welcome, we're here to help! ^CR",Mon Nov 27 03:48:00 +0000 2017
2530726,"@AmazonHelp comprei 1 kindle e mandei entregar num endereço diferente do endereço de cobrança, e até hoje a pessoa q receberia o kindle não recebeu, pq?","@624553 Rosa, nós não temos acesso à sua conta através do Twitter. Você já contatou ao SAC? ^VL",Mon Oct 30 10:33:45 +0000 2017
1274985,勝手にAmazonプライム会員になっていた,@418451 Amazonプライム無料体験をご利用ではありませんか？その場合、自動更新設定をオフにしていないと30日後に有料会員へ移行します。年会費請求時より特典未使用であれば、キャンセルと同時に返金いたします。 https://t.co/B5d8ID3epv  SM,Mon Oct 16 07:38:03 +0000 2017
2151935,@AmazonHelp Any advice on how to resolve this as yet?,"@632369 Truly sorry for the delayed response, Bonnie! After the initial set-up, you should be able to disable Drop-in from the settings section and after selecting the device. Learn more about Drop-in here: https://t.co/UhjLMVHi0l ^JE",Wed Nov 29 19:19:54 +0000 2017
1279005,@AmazonHelp Ça va pour l’instant il est prévu pour demain .... avant 20h (mais j attendrais pas jusqu’à la fermeture des magasins pour l’avoir 😉),@419286 Le nécessaire est fait pour que vous le receviez dans les délais. N'hésitez pas à nous tenir au courant. ^MH,Thu Oct 26 16:56:37 +0000 2017
1718661,@AmazonHelp Order cancelled. Purchased elsewhere with delivery today. Some much for being a valued prime member,@520356 I'm really sorry for the experience Arthur. ^AT,Tue Nov 07 07:51:40 +0000 2017
333146,@115821 Why are there no contact details for Amazon UK? Such poor service.,"@195349 I'm sorry for any trouble, Nick! We're available via Phone/Chat/E-mail here: https://t.co/JzP7hlA23B. I hope this helps. ^EZ",Sat Oct 07 19:31:24 +0000 2017
439244,"@115850 never expected such pathetic delivery experience.Tracking #: 216237019191, please help if you can.
@118702 @122599 @4030",@219320 Please don’t provide your details as we consider them to be personal information. Our Twitter page is public. ^SA 2/2,Wed Oct 11 09:00:21 +0000 2017
2760375,@AmazonHelp The original date was October 11- 25th,@772354 Was it sold directly by Amazon or a marketplace seller? ^PK,Tue Nov 21 07:19:06 +0000 2017
440322,@AmazonHelp Does you sorry can solve my problem. @115850 @AmazonHelp,@219482 I understand your concern. Please respond to the email you've received from us for further issues. ^YP,Fri Oct 27 13:34:50 +0000 2017
2338675,@115850 Amazon is cheater. selling things over MRP selling rupees 35 book on price of 218,@676548 That's strange. Have you reported this to our support team here: https://t.co/vlvfJr4nN9 ?,Fri Oct 20 06:23:19 +0000 2017
1140906,"This is 'unpossible', today is 24th,@115850 shows delivered on 25th Oct,2017 https://t.co/dHbf9ensPq",@388553 Looks like a technical glitch. Just to confirm is the package delivered ? ^AS,Tue Oct 24 14:42:23 +0000 2017
380712,"@AmazonHelp Yes, I explained","@206304 I'm sorry for the delay, Delvin. Please keep us posted on delivery. ^FD",Mon Oct 09 15:50:48 +0000 2017
2254391,@AmazonHelp @118706 The replacement package is damage also and open. I give up. https://t.co/KVD8JsnvaY,"@656687 I'm sorry your item arrived open! If you have time, please reach us by phone or chat so we go over our available options with you: https://t.co/hApLpMlfHN ^LR",Thu Nov 16 03:21:31 +0000 2017
269143,"昨夜注文したのに未だ支払いメールが来ない(≡ε≡；)
Amazon忙しいのかな？",@180174 Amazonです。番号は出荷準備がされ次第の発行となりますので、心待ちにされているところ恐れ入りますがお届け予定日を目安におまちくださいませ。なお、発行済みの場合は注文履歴、アカウントサービス内のメッセージセンターからもご確認ができます。SK,Fri Oct 06 00:42:11 +0000 2017
19166,@115850 True it is. Getting Amazon Echo Plus way before the expected delivery date (3rd Jan) https://t.co/ZGAzI3gnD5,"@449294 We prefer to get things done early, so that we can offer you more. Would love to hear from you once you've received it. ^EM",Sun Oct 29 07:58:03 +0000 2017
1651535,"I think @115830 Logistics must be one of the slowest carrier services out there, never had a package arrive before about 4pm...","@280452 Sorry for the frustration, David! Most couriers do deliveries until 21:00. Please keep us posted! ^JZ",Tue Oct 17 14:24:00 +0000 2017
1489178,@AmazonHelp les trois ont été expédié  et deux ont été automatiquement retourné,@465882 Avez-vous signalé cet incident à notre SAV? Vous a-t-on expliqué le motif de ces retours s'il vous plaît?,Fri Nov 03 08:52:29 +0000 2017
366498,@AmazonHelp I’d like to undo an accidental cancellation of an order @ can’t find the option. Could you do it if I tell you the order # ?,"@202807 I'm sorry, Raghav! Once an order has been canceled you can not reinstate it. Please place the order again. ^JZ",Sun Oct 08 20:35:14 +0000 2017
553360,@AmazonHelp I was originally suppose to get it Thursday November 30th then it said yesterday then it said today and I still haven't gotten it https://t.co/uIe1uNy3T1,@249052 We'd like to look into available options. Please reach out to us here: https://t.co/hApLpMlfHN ^RR,Sat Dec 02 23:55:38 +0000 2017
1035535,@117795 terrible service!! So disappointing Order was never delivered.Driver was rude.Finally got some assistance from nice CSR,"@364940 I'm sorry for the poor experience! When you called, were we able to get everything taken care of? ^BH",Mon Oct 23 01:22:46 +0000 2017
2212038,"Hi @115821, your delivery service sucks.  Can you give Prime members a @115817 delivery option? At least they know what they are doing.",@646519 I'm sorry there have been delivery issues. We'd like to help. What's going on with your current order? ^MG,Fri Nov 10 04:41:37 +0000 2017
437977,why is amazon prIME NOT WORKING how am i supposed to watch a film I’ve seen 5 times before to forget real life struggles &amp; responsibilities,@219046 I'm sorry for the trouble! Could you tell us more about what you're experiencing? Are you getting an error message? ^GL,Tue Oct 10 17:51:02 +0000 2017
1495598,@116316 @10114 Was ist denn aus dem Steelbook zu Battlefront II bei geworden? Wird mir in meiner Bestellung nicht mehr angezeigt. 🤔,"@467262 Hi! Meinst du, dass dir die Bestellung in deinem Kundenkonto nicht mehr angezeigt wird? ^AS",Fri Nov 03 11:44:57 +0000 2017
1007834,Amazonプライム会員なんて登録した覚えないのに請求きてるよ！！なんでよ！！3900えん。。返金してほしいよ〜😢,@358488 無料体験を利用されたことはありませんか？申し込み時にご案内しているように、設定を変更しない場合、期間終了後に本会員へ移行します。年会費請求後にに特典のご利用がなければ、キャンセル手続き後に返金いたします。 https://t.co/JrKFIybs6n RI,Thu Oct 12 09:45:59 +0000 2017
1890590,"@AmazonHelp It would be nice if you read my tweet before, I am saying that my account is LOCKED. Can you please read what I stated above and not give me some bullshit answer back, thanks.","@563805 Please use skip sign in option, on the link previously provided. ^TP",Sun Nov 26 08:51:12 +0000 2017
2609240,"@706738 @120540 Allora non sono l'unico a cui capitano. A gennaio non rinnoverò Prime, negli ultimi mesi 5 spedizioni con ritardi. Che senso ha pagare pure un abbonamento se poi non funziona il servizio? p.s. tra l'altro a me capitato sempre con il loro corriere interno (Amazon Logistics) 😑","@743821 Ciao Alex, mi dispiace per l'inconveniente. Permettici di verificare la situazione da te descritta. Clicca su questo link https://t.co/YqSLjWtQtI e inserisci i dati richiesti, sarai ricontattato via e-mail, dal mio Team, quanto prima. A presto! ^MP",Fri Nov 17 19:23:10 +0000 2017
878832,@AmazonHelp Why are you repeate once sentences. I just want solution. So provide mobile on 18 October any How?,@328642 We'll work on it and email you regarding this. I request you to please wait for an update. ^NR,Tue Oct 17 22:31:10 +0000 2017
969824,"@AmazonHelp i have done that twice already..if you still need me to provide my details, you are not really good at your job",@350165 An email has already been sent with a reply. Kindly check it from the link shared here: https://t.co/NTkrxpsbHJ ^HR,Tue Oct 24 08:20:51 +0000 2017
2367974,AMZL US delivery service sucks. Can you imagine it’s directly under the amazon umbrella and it continuously delays my packages? WHY am I paying for prime?,@552377 On no! Did we miss a delivery for a recent order? You can check here: https://t.co/Y5jpI9gRhE ^AY,Mon Nov 13 23:16:13 +0000 2017
2504828,Hi @115830. Thanks for my Prime delivery today. Who pays for a replacement letterbox please? https://t.co/tLLnGGpdrW,"@714306 I'm so sorry about the damage to your letterbox, Dave! Can you reach out to us via phone here so that we can look into this with you?  https://t.co/JzP7hlA23B ^GS",Wed Nov 15 20:08:36 +0000 2017
1387090,"@AmazonHelp Hi. The adviser said they will try to get delivery today to my work address. Fingers crossed.
They did offer me 30 days free prime as compensation which was very kind.","@442763 Glad to hear it, keep us posted if you need any further assistance. ^KI",Mon Nov 20 07:22:22 +0000 2017
2777346,@AmazonHelp Problème réglé :),"@559935 Super, ravi de l'apprendre ^KD",Tue Nov 21 19:22:16 +0000 2017
2514040,@AmazonHelp I’ve had a parcel delivered according to your tracker but no item was deliver anychance you can help ?,"@716358 Hi, sorry to hear this. Take a look at the following link as it might help you locate the parcel: http:https://t.co/lcIviyIte1 ^CR",Mon Oct 30 07:45:33 +0000 2017
1152724,@AmazonHelp That worked. Thanks!,"@283086 No problem, that's what we do! Thanks for letting us know and have a great rest of your day. ^EM",Tue Oct 24 17:08:03 +0000 2017
1222981,@AmazonHelp I contacted your employee chat several times and called your payroll department.  I got nowhere. Help would be appreciated.,@406980 Sorry to hear this - please complete this form so a Specialist can investigate : https://t.co/R55eEQwSEs ^TD,Thu Nov 02 11:52:59 +0000 2017
2493660,@115825 Hi!  Wann kann man denn die Neue Staffel Lucifer bei Euch ansehen? LG,"@711838 Auf Englisch ist sie schon verfügbar: https://t.co/HTun3oZGUE Sobald es weiter Infos gibt, geben wir dies bekannt. Lieben Gruß ^NW",Wed Nov 15 18:29:34 +0000 2017
1005114,@AmazonHelp Not interested in your apologies at all   Time to take some serious action 😡,"@353496 I understand your concern. We definitely want to look into it. To get it resolved, please reply to the same email. ^OS",Mon Oct 16 15:27:25 +0000 2017
130769,@115850 @132994 ne ayya exchange pettu ra🙏🙏,"@145521 The list of used products accepted under the Exchange Offer program is dependent on our buyback partners and hence is dynamic according to the pincodes and sellers. Further, we'll work on your feedback. ^GK",Fri Nov 24 06:38:09 +0000 2017
1965788,@AmazonHelp Here is my reply.. Thank you for ruining my Diwali by claiming false commitments.. It was my mistake to order something from you.. https://t.co/W5vU6xy0N1,@582673 Sorry for the hassle. Please report this to our support team here: https://t.co/vlvfJr4nN9 and we'll check this. ^HN,Thu Oct 19 13:58:49 +0000 2017
2935775,@AmazonHelp @116928 También me dijo que me llamarían de correos para quedar para recojeros el producto y se pasaron sin llamar,@811646 Te informo que no tenemos acceso a la cuenta. Entonces en este caso tienes que entrar en contacto con el servicio al cliente en el siguiente enlace: https://t.co/yUdBaXIHo2. ^NP,Wed Nov 29 11:49:52 +0000 2017
2603012,@AmazonHelp why am I not getting next day delivery when I pay for it with Prime? I need something urgently and need to wait til Thursday now.,@736630 Hello. This Help page gives details on how our Shipping and Delivery dates are calculated: https://t.co/e2CV3I9RvC ^DO,Sun Nov 26 21:00:18 +0000 2017
1159244,"Hi @AmazonHelp came home this evening to a card saying ""parcel safe behind bin photo taken for proof"" but guess what? No parcel. Imagine leaving a delivery in the street in inner city Liverpool all day!!!","@392707 Oh no! I'm so sorry to hear about your missing parcel! Have you checked the other areas listed here: https://t.co/AyfdnzIwd4
Let us know! ^MW",Sat Nov 25 18:46:18 +0000 2017
1173873,"@AmazonHelp Please cancel my Order# 402-2908878-9776322
It's not yet shipped by Seller..have also placed a cancellation request with Seller","@396102 Please don't provide your order details, we consider it personal info. Our Twitter page is visible to public. ^NR 2/2",Tue Oct 24 20:18:47 +0000 2017
77611,"@AmazonHelp Are you really from Amazon.. I have given my order number and you just can't reach to me.. #Amazed

You just doing fraud with Indians... and show yourself clean with your fake database.","@133290 As informed earlier, we won't be able to access your account details over twitter. The only way we can check your details is when we receive them via secured link shared earlier. Kindly do the needful and we'll help you at the earliest. ^HS",Wed Nov 29 14:35:27 +0000 2017
703020,"@115850 Please roll out all the Alexa Echo features for indian users too. Voice training, identification of multiple users, traffic - these are must.","@287928 Thousands of Indian &amp; global developers are bringing more than 10,000 skills to customers in India. We'll add them soon. ^KA",Thu Nov 23 17:06:33 +0000 2017
351117,"@AmazonHelp Tutto ok, Chrome compilava automaticamente con una password vecchia (sbagliata). 😁",@199537 Grazie per averci aggiornato! Siamo contenti che tutto si sia risolto! Buona giornata. 😊 ^ZC,Sun Oct 08 12:45:49 +0000 2017
83443,@AmazonHelp can the “customers who bought items in your basket” be turned off when I’m items saved for later on the app. It gets in the way.,"@134331 Hey, are you referring to the 'Your recommendations' items displayed on the app, or 'customers who purchased this item also purchased these items' ? ^TP",Wed Nov 29 12:54:17 +0000 2017
2909162,Minhas aquisições da #BlackFriday chegaram! @117086 foi extremamente ágil nessa… https://t.co/U8zBU2nOIK,"@805434 Olá, Camila! Me diga, você já sabe qual livro vai ler primeiro?. 🤔📚💕 ^NB",Tue Nov 28 20:47:02 +0000 2017
547927,"@AmazonHelp I've reported something a few weeks ago, waiting on a response. Nothing . I called, the rep was EXTREMELY nice, but because my issue was kindle related, sent me to community help. I've sent two more emails, the last LAST Friday, with no response.","@247486 Sorry to hear that, Jessica. Please reach out to us here: https://t.co/hApLpMlfHN for real time assistance. Thank you. ^AP",Sat Dec 02 18:33:56 +0000 2017
1895476,@115821 My package wasn't delivered and I can't find a phone number to call customer service! What is the number for customer service?,"@564975 Hi, have you been able to check with close neighbors or safe places: https://t.co/gUfzkPAAhI ^TS",Wed Oct 18 12:21:30 +0000 2017
530001,@AmazonHelp THERES MORE !!!! @115830 https://t.co/JRdxSl5ghg,"@242735 Hi James, please get in touch via the link provided by ^FJ &amp; we'll be able to look into this for you. ^TS",Sat Dec 02 09:45:19 +0000 2017
2466405,@AmazonHelp Didn't arrive.,@428166 I'm sorry you haven't received it! We'd like to see what we can do to help so please reach us here: https://t.co/hApLpMlfHN ^DD,Sun Oct 29 22:29:07 +0000 2017
2391862,@AmazonHelp Oui parfait,"@688858 Je suis ravi d'apprendre que nos services sont à la hauteur de vos attentes.
^ARC",Tue Nov 14 10:34:58 +0000 2017
2880479,@AmazonHelp Useless,"@799341 We want to help you as much as possible, please contact us directly by clicking the following link: https://t.co/JzP7hlA23B.^BZ",Tue Nov 28 08:39:12 +0000 2017
2837004,I wish @115830 had a 'do not leave with neighbours' option. I would rather get my parcels from the post office than knock on random doors.,"@139715 Hey, you can assign your own safe place to your order so all your future parcels will be left there and not with a neighbour. You can find more info about it here: https://t.co/eISP3ti6wH ^MA",Mon Nov 27 15:23:53 +0000 2017
71890,Bonjour @120533 je voudrais savoir si un jour vous comptez mettre comme moyen de paiement la carte Maestro ? Merci beaucoup,"@132129 Bonjour, je vous remercie pour votre suggestion, nous ne manquerons pas de remonter cela. Pour le moment les moyens de paiements acceptés sur notre site sont disponible sur la page suivante : https://t.co/AAffAeIkaw
^ARC",Thu Nov 30 10:06:16 +0000 2017
2468559,I am addicted to @115821 #Prime bad! Things are showing up left and right and I have no idea what I bought! LOVE it 🎄🎄🎄🎄🎄🎄🎄🎄🎄,@706253 I am so happy to hear you are enjoying our service Jay:) Happy shopping!!🎄🎄,Tue Nov 21 15:04:21 +0000 2017
1438578,El 100% de envíos que me ha hecho @116928 con @130687 han sido con problemas. ¿Hasta cuándo? Me buscaré otros sitios de compra.,@453862 Lamento esta experiencia. Recuerda que puedes reportar cualquier incidente con Servicio al Cliente. ^VL,Thu Nov 02 10:41:17 +0000 2017
873728,@AmazonHelp what's your return policy on wireless routers?,@327439 Thanks for reaching out! You can find our return policy here: https://t.co/8pD1f0CseB ^DG,Fri Oct 20 20:38:16 +0000 2017
898378,@AmazonHelp Amazon.in,"@333332 Please don't provide your order details, as we consider it to be personal information. Our Twitter page is public.​ 3/3 ^RD",Sat Oct 21 07:15:45 +0000 2017
2159508,何じゃこりゃーAmazonプライム試してないぞ！詐欺ですか！？,@634288 失礼いたします。以前当サイトをお使いの際に、お急ぎ便等プライム特典をご利用になったことはございませんか？無料体験にお申し込みいただくとメールでその旨お知らせいたします。メッセージセンターよりご確認ください。https://t.co/V95RkdSY3j RI,Sun Nov 05 08:21:48 +0000 2017
816997,@AmazonHelp Only winners ? and what is the date for next announcement,@191566 Please click here: https://t.co/Sb5MX1m29U to view more details on winner's announcement date. ^HD,Thu Oct 12 20:54:10 +0000 2017
503500,@AmazonHelp Got a messsge saying it would come between now and 4th dec this has happened with 2 orders in one week on prime.,"@235325 Thank you for the information! Were you able to reach out to us using the link provided by ^HM? If so, what were you advised? ^AL",Fri Dec 01 20:21:43 +0000 2017
2700856,Ordered something on @115821 prime for next day delivery yet it’s now coming in 1-2 days. What am I paying for exactly? 😐😐😐,"@135790 I'm sorry for the wait. To confirm, did you receive a new delivery date? ^CO",Sun Nov 19 20:24:40 +0000 2017
2631401,@AmazonHelp is it normal for your delivery driver to open my front door &amp; drop in a parcel (for the house next door) without even knocking?,"@743036 I'm so sorry! We'd like to escalate this, if you'll provide as much information as possible, including the order number, here: https://t.co/tILmboHjPD Someone will be in touch soon. Thank you for letting us know about this. ^LB",Fri Nov 17 18:17:26 +0000 2017
2580519,@AmazonHelp Yup already tried that,@731406 We'd like to take a closer look at this with you. Please reach out to us at your earliest convenience here: https://t.co/Q7Ftz6nj80 ^LJ,Thu Nov 16 22:39:40 +0000 2017
