customer_tweet_id,candidate,customer_text,gold_intent,predicted_intent,confidence,gold_escalate,predicted_escalate,predicted_escalation_reason,reply,agent_reply_source,historical_evidence,judge_prompt,helpfulness,intent_fit,grounding,factual_safety,escalation_appropriateness,professionalism,overall_pass,failure_reason,judge_status,judge_error
1547229,Generic,@115830 Not sure how 3 days to deliver an item is considered Prime service. #badservice #nextdaydelivery,delivery_delay,delivery_delay,0.2975253511059119,no,False,none,I'm sorry you're experiencing this issue. Please provide the relevant order details so we can better understand the problem and determine the appropriate next steps.,fallback,"[{""customer_tweet_id"": 1760384, ""customer_text"": ""@AmazonHelp Sure. I ordered a lot of 24 of an item, and I keep being sent 1 of the item."", ""amazon_reply"": ""@529830 Thanks for confirming! Since this requires account access, please contact here: https://t.co/233GuUIPkP for a full review. ^TM"", ""similarity"": 0.32393366595049766}, {""customer_tweet_id"": 2514040, ""customer_text"": ""@AmazonHelp I’ve had a parcel delivered according to your tracker but no item was deliver anychance you can help ?"", ""amazon_reply"": ""@716358 Hi, sorry to hear this. Take a look at the following link as it might help you locate the parcel: http:https://t.co/lcIviyIte1 ^CR"", ""similarity"": 0.18377001246176797}, {""customer_tweet_id"": 2602988, ""customer_text"": ""@AmazonHelp I'm not sure.i assumed they would be all the same courier."", ""amazon_reply"": ""@736628 I'm sorry about this. We want to be sure you are receiving your parcels when they are expected. Please reach out to us directly here so that we can take a look into this for you: https://t.co/JzP7hlA23B We'd like to help! ^ZW"", ""similarity"": 0.17958547417151874}]","You are evaluating an AI customer-support response.

Do NOT assume that a response is good merely because it resembles a
historical response.

Evaluate whether the candidate response actually addresses the customer's
message and whether its claims are supported by the supplied historical
evidence.

CUSTOMER MESSAGE:
@115830 Not sure how 3 days to deliver an item is considered Prime service. #badservice #nextdaydelivery

HISTORICAL EVIDENCE:
Historical example 1
Similarity: 0.32393366595049766

Customer:
@AmazonHelp Sure. I ordered a lot of 24 of an item, and I keep being sent 1 of the item.

Amazon reply:
@529830 Thanks for confirming! Since this requires account access, please contact here: https://t.co/233GuUIPkP for a full review. ^TM

Historical example 2
Similarity: 0.18377001246176797

Customer:
@AmazonHelp I’ve had a parcel delivered according to your tracker but no item was deliver anychance you can help ?

Amazon reply:
@716358 Hi, sorry to hear this. Take a look at the following link as it might help you locate the parcel: http:https://t.co/lcIviyIte1 ^CR

Historical example 3
Similarity: 0.17958547417151874

Customer:
@AmazonHelp I'm not sure.i assumed they would be all the same courier.

Amazon reply:
@736628 I'm sorry about this. We want to be sure you are receiving your parcels when they are expected. Please reach out to us directly here so that we can take a look into this for you: https://t.co/JzP7hlA23B We'd like to help! ^ZW

CANDIDATE:
Generic

CANDIDATE RESPONSE:
I'm sorry you're experiencing this issue. Please provide the relevant order details so we can better understand the problem and determine the appropriate next steps.

ESCALATION DECISION MADE BY THE SYSTEM:
False

ESCALATION REASON:
none


Score each response from 1 to 5 on:

1. helpfulness
   1 = does not help the customer
   3 = somewhat useful
   5 = directly useful and addresses the issue

2. intent_fit
   1 = clearly misunderstands the customer's issue
   3 = partially addresses it
   5 = directly addresses the customer's issue

3. grounding
   1 = unsupported or contradicts the historical evidence
   3 = partly consistent with evidence
   5 = clearly grounded in the historical evidence

4. factual_safety
   1 = invents facts, policies, actions, or guarantees
   3 = mostly safe but somewhat assumptive
   5 = makes no unsupported claims

5. escalation_appropriateness
   1 = escalation decision is clearly inappropriate
   3 = debatable
   5 = clearly appropriate

6. professionalism
   1 = poor/unprofessional
   3 = acceptable
   5 = clear, concise, professional support language

Also provide:

overall_pass:
true only if the response is reasonably helpful, safe, relevant,
and appropriate for the situation.

failure_reason:
A short explanation if overall_pass is false.
Use an empty string if the response passes.


Return ONLY valid JSON in exactly this structure:

{
  ""helpfulness"": 1,
  ""intent_fit"": 1,
  ""grounding"": 1,
  ""factual_safety"": 1,
  ""escalation_appropriateness"": 1,
  ""professionalism"": 1,
  ""overall_pass"": false,
  ""failure_reason"": ""short explanation""
}",,,,,,,,,error,Model returned empty content.
1547229,Retrieval,@115830 Not sure how 3 days to deliver an item is considered Prime service. #badservice #nextdaydelivery,delivery_delay,delivery_delay,0.2975253511059119,no,False,none,"@529830 Thanks for confirming! Since this requires account access, please contact here: https://t.co/233GuUIPkP for a full review. ^TM",fallback,"[{""customer_tweet_id"": 1760384, ""customer_text"": ""@AmazonHelp Sure. I ordered a lot of 24 of an item, and I keep being sent 1 of the item."", ""amazon_reply"": ""@529830 Thanks for confirming! Since this requires account access, please contact here: https://t.co/233GuUIPkP for a full review. ^TM"", ""similarity"": 0.32393366595049766}, {""customer_tweet_id"": 2514040, ""customer_text"": ""@AmazonHelp I’ve had a parcel delivered according to your tracker but no item was deliver anychance you can help ?"", ""amazon_reply"": ""@716358 Hi, sorry to hear this. Take a look at the following link as it might help you locate the parcel: http:https://t.co/lcIviyIte1 ^CR"", ""similarity"": 0.18377001246176797}, {""customer_tweet_id"": 2602988, ""customer_text"": ""@AmazonHelp I'm not sure.i assumed they would be all the same courier."", ""amazon_reply"": ""@736628 I'm sorry about this. We want to be sure you are receiving your parcels when they are expected. Please reach out to us directly here so that we can take a look into this for you: https://t.co/JzP7hlA23B We'd like to help! ^ZW"", ""similarity"": 0.17958547417151874}]","You are evaluating an AI customer-support response.

Do NOT assume that a response is good merely because it resembles a
historical response.

Evaluate whether the candidate response actually addresses the customer's
message and whether its claims are supported by the supplied historical
evidence.

CUSTOMER MESSAGE:
@115830 Not sure how 3 days to deliver an item is considered Prime service. #badservice #nextdaydelivery

HISTORICAL EVIDENCE:
Historical example 1
Similarity: 0.32393366595049766

Customer:
@AmazonHelp Sure. I ordered a lot of 24 of an item, and I keep being sent 1 of the item.

Amazon reply:
@529830 Thanks for confirming! Since this requires account access, please contact here: https://t.co/233GuUIPkP for a full review. ^TM

Historical example 2
Similarity: 0.18377001246176797

Customer:
@AmazonHelp I’ve had a parcel delivered according to your tracker but no item was deliver anychance you can help ?

Amazon reply:
@716358 Hi, sorry to hear this. Take a look at the following link as it might help you locate the parcel: http:https://t.co/lcIviyIte1 ^CR

Historical example 3
Similarity: 0.17958547417151874

Customer:
@AmazonHelp I'm not sure.i assumed they would be all the same courier.

Amazon reply:
@736628 I'm sorry about this. We want to be sure you are receiving your parcels when they are expected. Please reach out to us directly here so that we can take a look into this for you: https://t.co/JzP7hlA23B We'd like to help! ^ZW

CANDIDATE:
Retrieval

CANDIDATE RESPONSE:
@529830 Thanks for confirming! Since this requires account access, please contact here: https://t.co/233GuUIPkP for a full review. ^TM

ESCALATION DECISION MADE BY THE SYSTEM:
False

ESCALATION REASON:
none


Score each response from 1 to 5 on:

1. helpfulness
   1 = does not help the customer
   3 = somewhat useful
   5 = directly useful and addresses the issue

2. intent_fit
   1 = clearly misunderstands the customer's issue
   3 = partially addresses it
   5 = directly addresses the customer's issue

3. grounding
   1 = unsupported or contradicts the historical evidence
   3 = partly consistent with evidence
   5 = clearly grounded in the historical evidence

4. factual_safety
   1 = invents facts, policies, actions, or guarantees
   3 = mostly safe but somewhat assumptive
   5 = makes no unsupported claims

5. escalation_appropriateness
   1 = escalation decision is clearly inappropriate
   3 = debatable
   5 = clearly appropriate

6. professionalism
   1 = poor/unprofessional
   3 = acceptable
   5 = clear, concise, professional support language

Also provide:

overall_pass:
true only if the response is reasonably helpful, safe, relevant,
and appropriate for the situation.

failure_reason:
A short explanation if overall_pass is false.
Use an empty string if the response passes.


Return ONLY valid JSON in exactly this structure:

{
  ""helpfulness"": 1,
  ""intent_fit"": 1,
  ""grounding"": 1,
  ""factual_safety"": 1,
  ""escalation_appropriateness"": 1,
  ""professionalism"": 1,
  ""overall_pass"": false,
  ""failure_reason"": ""short explanation""
}",1,1,1,5,1,3,False,Response does not address the customer's complaint about Prime delivery time.,success,
1547229,Agent,@115830 Not sure how 3 days to deliver an item is considered Prime service. #badservice #nextdaydelivery,delivery_delay,delivery_delay,0.2975253511059119,no,False,none,I'm sorry your package is delayed. Please check the current tracking status of your order for the latest delivery information.,fallback,"[{""customer_tweet_id"": 1760384, ""customer_text"": ""@AmazonHelp Sure. I ordered a lot of 24 of an item, and I keep being sent 1 of the item."", ""amazon_reply"": ""@529830 Thanks for confirming! Since this requires account access, please contact here: https://t.co/233GuUIPkP for a full review. ^TM"", ""similarity"": 0.32393366595049766}, {""customer_tweet_id"": 2514040, ""customer_text"": ""@AmazonHelp I’ve had a parcel delivered according to your tracker but no item was deliver anychance you can help ?"", ""amazon_reply"": ""@716358 Hi, sorry to hear this. Take a look at the following link as it might help you locate the parcel: http:https://t.co/lcIviyIte1 ^CR"", ""similarity"": 0.18377001246176797}, {""customer_tweet_id"": 2602988, ""customer_text"": ""@AmazonHelp I'm not sure.i assumed they would be all the same courier."", ""amazon_reply"": ""@736628 I'm sorry about this. We want to be sure you are receiving your parcels when they are expected. Please reach out to us directly here so that we can take a look into this for you: https://t.co/JzP7hlA23B We'd like to help! ^ZW"", ""similarity"": 0.17958547417151874}]","You are evaluating an AI customer-support response.

Do NOT assume that a response is good merely because it resembles a
historical response.

Evaluate whether the candidate response actually addresses the customer's
message and whether its claims are supported by the supplied historical
evidence.

CUSTOMER MESSAGE:
@115830 Not sure how 3 days to deliver an item is considered Prime service. #badservice #nextdaydelivery

HISTORICAL EVIDENCE:
Historical example 1
Similarity: 0.32393366595049766

Customer:
@AmazonHelp Sure. I ordered a lot of 24 of an item, and I keep being sent 1 of the item.

Amazon reply:
@529830 Thanks for confirming! Since this requires account access, please contact here: https://t.co/233GuUIPkP for a full review. ^TM

Historical example 2
Similarity: 0.18377001246176797

Customer:
@AmazonHelp I’ve had a parcel delivered according to your tracker but no item was deliver anychance you can help ?

Amazon reply:
@716358 Hi, sorry to hear this. Take a look at the following link as it might help you locate the parcel: http:https://t.co/lcIviyIte1 ^CR

Historical example 3
Similarity: 0.17958547417151874

Customer:
@AmazonHelp I'm not sure.i assumed they would be all the same courier.

Amazon reply:
@736628 I'm sorry about this. We want to be sure you are receiving your parcels when they are expected. Please reach out to us directly here so that we can take a look into this for you: https://t.co/JzP7hlA23B We'd like to help! ^ZW

CANDIDATE:
Agent

CANDIDATE RESPONSE:
I'm sorry your package is delayed. Please check the current tracking status of your order for the latest delivery information.

ESCALATION DECISION MADE BY THE SYSTEM:
False

ESCALATION REASON:
none


Score each response from 1 to 5 on:

1. helpfulness
   1 = does not help the customer
   3 = somewhat useful
   5 = directly useful and addresses the issue

2. intent_fit
   1 = clearly misunderstands the customer's issue
   3 = partially addresses it
   5 = directly addresses the customer's issue

3. grounding
   1 = unsupported or contradicts the historical evidence
   3 = partly consistent with evidence
   5 = clearly grounded in the historical evidence

4. factual_safety
   1 = invents facts, policies, actions, or guarantees
   3 = mostly safe but somewhat assumptive
   5 = makes no unsupported claims

5. escalation_appropriateness
   1 = escalation decision is clearly inappropriate
   3 = debatable
   5 = clearly appropriate

6. professionalism
   1 = poor/unprofessional
   3 = acceptable
   5 = clear, concise, professional support language

Also provide:

overall_pass:
true only if the response is reasonably helpful, safe, relevant,
and appropriate for the situation.

failure_reason:
A short explanation if overall_pass is false.
Use an empty string if the response passes.


Return ONLY valid JSON in exactly this structure:

{
  ""helpfulness"": 1,
  ""intent_fit"": 1,
  ""grounding"": 1,
  ""factual_safety"": 1,
  ""escalation_appropriateness"": 1,
  ""professionalism"": 1,
  ""overall_pass"": false,
  ""failure_reason"": ""short explanation""
}",,,,,,,,,error,Model returned empty content.
659415,Generic,@AmazonHelp your customer service to those with disabilities is horrendous and you should be ashamed. I'm wheelchair bound. 1 of/,other_general,other_general,0.2528120859885021,yes,False,none,I'm sorry you're experiencing this issue. Please provide the relevant order details so we can better understand the problem and determine the appropriate next steps.,fallback,"[{""customer_tweet_id"": 1554354, ""customer_text"": ""Great customer service from Jürgen at @116316 , thanks!"", ""amazon_reply"": ""@480784 Thanks 🙂 You are welcome. Kind regards ^TR"", ""similarity"": 0.3258271623013982}, {""customer_tweet_id"": 745083, ""customer_text"": ""@AmazonHelp @115850 U r as competent as ur customer service on ph."", ""amazon_reply"": ""@298115 We'd like to help, Amit. As requested earlier, please send us your details through the link shared earlier. ^MA"", ""similarity"": 0.32507690876538287}, {""customer_tweet_id"": 765713, ""customer_text"": ""@AmazonHelp No, I find your customer service menu on the app very confusing and can't work out how to send an email. I keep ending up on a chat with a robot that wants me to give it my phone number when I can't speak on the phone right now."", ""amazon_reply"": ""@303000 You can send us an e-mail via our website if you go to the following link:  https://t.co/JzP7hlA23B ^KI"", ""similarity"": 0.2824465106005523}]","You are evaluating an AI customer-support response.

Do NOT assume that a response is good merely because it resembles a
historical response.

Evaluate whether the candidate response actually addresses the customer's
message and whether its claims are supported by the supplied historical
evidence.

CUSTOMER MESSAGE:
@AmazonHelp your customer service to those with disabilities is horrendous and you should be ashamed. I'm wheelchair bound. 1 of/

HISTORICAL EVIDENCE:
Historical example 1
Similarity: 0.3258271623013982

Customer:
Great customer service from Jürgen at @116316 , thanks!

Amazon reply:
@480784 Thanks 🙂 You are welcome. Kind regards ^TR

Historical example 2
Similarity: 0.32507690876538287

Customer:
@AmazonHelp @115850 U r as competent as ur customer service on ph.

Amazon reply:
@298115 We'd like to help, Amit. As requested earlier, please send us your details through the link shared earlier. ^MA

Historical example 3
Similarity: 0.2824465106005523

Customer:
@AmazonHelp No, I find your customer service menu on the app very confusing and can't work out how to send an email. I keep ending up on a chat with a robot that wants me to give it my phone number when I can't speak on the phone right now.

Amazon reply:
@303000 You can send us an e-mail via our website if you go to the following link:  https://t.co/JzP7hlA23B ^KI

CANDIDATE:
Generic

CANDIDATE RESPONSE:
I'm sorry you're experiencing this issue. Please provide the relevant order details so we can better understand the problem and determine the appropriate next steps.

ESCALATION DECISION MADE BY THE SYSTEM:
False

ESCALATION REASON:
none


Score each response from 1 to 5 on:

1. helpfulness
   1 = does not help the customer
   3 = somewhat useful
   5 = directly useful and addresses the issue

2. intent_fit
   1 = clearly misunderstands the customer's issue
   3 = partially addresses it
   5 = directly addresses the customer's issue

3. grounding
   1 = unsupported or contradicts the historical evidence
   3 = partly consistent with evidence
   5 = clearly grounded in the historical evidence

4. factual_safety
   1 = invents facts, policies, actions, or guarantees
   3 = mostly safe but somewhat assumptive
   5 = makes no unsupported claims

5. escalation_appropriateness
   1 = escalation decision is clearly inappropriate
   3 = debatable
   5 = clearly appropriate

6. professionalism
   1 = poor/unprofessional
   3 = acceptable
   5 = clear, concise, professional support language

Also provide:

overall_pass:
true only if the response is reasonably helpful, safe, relevant,
and appropriate for the situation.

failure_reason:
A short explanation if overall_pass is false.
Use an empty string if the response passes.


Return ONLY valid JSON in exactly this structure:

{
  ""helpfulness"": 1,
  ""intent_fit"": 1,
  ""grounding"": 1,
  ""factual_safety"": 1,
  ""escalation_appropriateness"": 1,
  ""professionalism"": 1,
  ""overall_pass"": false,
  ""failure_reason"": ""short explanation""
}",,,,,,,,,error,Model returned empty content.
659415,Retrieval,@AmazonHelp your customer service to those with disabilities is horrendous and you should be ashamed. I'm wheelchair bound. 1 of/,other_general,other_general,0.2528120859885021,yes,False,none,@480784 Thanks 🙂 You are welcome. Kind regards ^TR,fallback,"[{""customer_tweet_id"": 1554354, ""customer_text"": ""Great customer service from Jürgen at @116316 , thanks!"", ""amazon_reply"": ""@480784 Thanks 🙂 You are welcome. Kind regards ^TR"", ""similarity"": 0.3258271623013982}, {""customer_tweet_id"": 745083, ""customer_text"": ""@AmazonHelp @115850 U r as competent as ur customer service on ph."", ""amazon_reply"": ""@298115 We'd like to help, Amit. As requested earlier, please send us your details through the link shared earlier. ^MA"", ""similarity"": 0.32507690876538287}, {""customer_tweet_id"": 765713, ""customer_text"": ""@AmazonHelp No, I find your customer service menu on the app very confusing and can't work out how to send an email. I keep ending up on a chat with a robot that wants me to give it my phone number when I can't speak on the phone right now."", ""amazon_reply"": ""@303000 You can send us an e-mail via our website if you go to the following link:  https://t.co/JzP7hlA23B ^KI"", ""similarity"": 0.2824465106005523}]","You are evaluating an AI customer-support response.

Do NOT assume that a response is good merely because it resembles a
historical response.

Evaluate whether the candidate response actually addresses the customer's
message and whether its claims are supported by the supplied historical
evidence.

CUSTOMER MESSAGE:
@AmazonHelp your customer service to those with disabilities is horrendous and you should be ashamed. I'm wheelchair bound. 1 of/

HISTORICAL EVIDENCE:
Historical example 1
Similarity: 0.3258271623013982

Customer:
Great customer service from Jürgen at @116316 , thanks!

Amazon reply:
@480784 Thanks 🙂 You are welcome. Kind regards ^TR

Historical example 2
Similarity: 0.32507690876538287

Customer:
@AmazonHelp @115850 U r as competent as ur customer service on ph.

Amazon reply:
@298115 We'd like to help, Amit. As requested earlier, please send us your details through the link shared earlier. ^MA

Historical example 3
Similarity: 0.2824465106005523

Customer:
@AmazonHelp No, I find your customer service menu on the app very confusing and can't work out how to send an email. I keep ending up on a chat with a robot that wants me to give it my phone number when I can't speak on the phone right now.

Amazon reply:
@303000 You can send us an e-mail via our website if you go to the following link:  https://t.co/JzP7hlA23B ^KI

CANDIDATE:
Retrieval

CANDIDATE RESPONSE:
@480784 Thanks 🙂 You are welcome. Kind regards ^TR

ESCALATION DECISION MADE BY THE SYSTEM:
False

ESCALATION REASON:
none


Score each response from 1 to 5 on:

1. helpfulness
   1 = does not help the customer
   3 = somewhat useful
   5 = directly useful and addresses the issue

2. intent_fit
   1 = clearly misunderstands the customer's issue
   3 = partially addresses it
   5 = directly addresses the customer's issue

3. grounding
   1 = unsupported or contradicts the historical evidence
   3 = partly consistent with evidence
   5 = clearly grounded in the historical evidence

4. factual_safety
   1 = invents facts, policies, actions, or guarantees
   3 = mostly safe but somewhat assumptive
   5 = makes no unsupported claims

5. escalation_appropriateness
   1 = escalation decision is clearly inappropriate
   3 = debatable
   5 = clearly appropriate

6. professionalism
   1 = poor/unprofessional
   3 = acceptable
   5 = clear, concise, professional support language

Also provide:

overall_pass:
true only if the response is reasonably helpful, safe, relevant,
and appropriate for the situation.

failure_reason:
A short explanation if overall_pass is false.
Use an empty string if the response passes.


Return ONLY valid JSON in exactly this structure:

{
  ""helpfulness"": 1,
  ""intent_fit"": 1,
  ""grounding"": 1,
  ""factual_safety"": 1,
  ""escalation_appropriateness"": 1,
  ""professionalism"": 1,
  ""overall_pass"": false,
  ""failure_reason"": ""short explanation""
}",,,,,,,,,error,No JSON object found in model response.
659415,Agent,@AmazonHelp your customer service to those with disabilities is horrendous and you should be ashamed. I'm wheelchair bound. 1 of/,other_general,other_general,0.2528120859885021,yes,False,none,I'm sorry you're experiencing this issue. Please provide the relevant order details so we can better understand the problem and determine the appropriate next steps.,fallback,"[{""customer_tweet_id"": 1554354, ""customer_text"": ""Great customer service from Jürgen at @116316 , thanks!"", ""amazon_reply"": ""@480784 Thanks 🙂 You are welcome. Kind regards ^TR"", ""similarity"": 0.3258271623013982}, {""customer_tweet_id"": 745083, ""customer_text"": ""@AmazonHelp @115850 U r as competent as ur customer service on ph."", ""amazon_reply"": ""@298115 We'd like to help, Amit. As requested earlier, please send us your details through the link shared earlier. ^MA"", ""similarity"": 0.32507690876538287}, {""customer_tweet_id"": 765713, ""customer_text"": ""@AmazonHelp No, I find your customer service menu on the app very confusing and can't work out how to send an email. I keep ending up on a chat with a robot that wants me to give it my phone number when I can't speak on the phone right now."", ""amazon_reply"": ""@303000 You can send us an e-mail via our website if you go to the following link:  https://t.co/JzP7hlA23B ^KI"", ""similarity"": 0.2824465106005523}]","You are evaluating an AI customer-support response.

Do NOT assume that a response is good merely because it resembles a
historical response.

Evaluate whether the candidate response actually addresses the customer's
message and whether its claims are supported by the supplied historical
evidence.

CUSTOMER MESSAGE:
@AmazonHelp your customer service to those with disabilities is horrendous and you should be ashamed. I'm wheelchair bound. 1 of/

HISTORICAL EVIDENCE:
Historical example 1
Similarity: 0.3258271623013982

Customer:
Great customer service from Jürgen at @116316 , thanks!

Amazon reply:
@480784 Thanks 🙂 You are welcome. Kind regards ^TR

Historical example 2
Similarity: 0.32507690876538287

Customer:
@AmazonHelp @115850 U r as competent as ur customer service on ph.

Amazon reply:
@298115 We'd like to help, Amit. As requested earlier, please send us your details through the link shared earlier. ^MA

Historical example 3
Similarity: 0.2824465106005523

Customer:
@AmazonHelp No, I find your customer service menu on the app very confusing and can't work out how to send an email. I keep ending up on a chat with a robot that wants me to give it my phone number when I can't speak on the phone right now.

Amazon reply:
@303000 You can send us an e-mail via our website if you go to the following link:  https://t.co/JzP7hlA23B ^KI

CANDIDATE:
Agent

CANDIDATE RESPONSE:
I'm sorry you're experiencing this issue. Please provide the relevant order details so we can better understand the problem and determine the appropriate next steps.

ESCALATION DECISION MADE BY THE SYSTEM:
False

ESCALATION REASON:
none


Score each response from 1 to 5 on:

1. helpfulness
   1 = does not help the customer
   3 = somewhat useful
   5 = directly useful and addresses the issue

2. intent_fit
   1 = clearly misunderstands the customer's issue
   3 = partially addresses it
   5 = directly addresses the customer's issue

3. grounding
   1 = unsupported or contradicts the historical evidence
   3 = partly consistent with evidence
   5 = clearly grounded in the historical evidence

4. factual_safety
   1 = invents facts, policies, actions, or guarantees
   3 = mostly safe but somewhat assumptive
   5 = makes no unsupported claims

5. escalation_appropriateness
   1 = escalation decision is clearly inappropriate
   3 = debatable
   5 = clearly appropriate

6. professionalism
   1 = poor/unprofessional
   3 = acceptable
   5 = clear, concise, professional support language

Also provide:

overall_pass:
true only if the response is reasonably helpful, safe, relevant,
and appropriate for the situation.

failure_reason:
A short explanation if overall_pass is false.
Use an empty string if the response passes.


Return ONLY valid JSON in exactly this structure:

{
  ""helpfulness"": 1,
  ""intent_fit"": 1,
  ""grounding"": 1,
  ""factual_safety"": 1,
  ""escalation_appropriateness"": 1,
  ""professionalism"": 1,
  ""overall_pass"": false,
  ""failure_reason"": ""short explanation""
}",,,,,,,,,error,Model returned empty content.
818202,Generic,@AmazonHelp Consistently. I would really prefer actual dates to “guaranteed” ones. No matter the cost.,delivery_delay,other_general,0.1862492883719764,yes,True,low_intent_confidence,I'm sorry you're experiencing this issue. Please provide the relevant order details so we can better understand the problem and determine the appropriate next steps.,fallback,"[{""customer_tweet_id"": 235131, ""customer_text"": ""When @AmazonHelp says they’ll replace your lost parcel at no extra cost yet you still get a £1 charge from them... 🤔"", ""amazon_reply"": ""@171997 A £1.00 authorisation charge can happen at dispatch, even if it's no cost. The charge will fall off in a day or two. ^MJ"", ""similarity"": 0.16939214794242338}, {""customer_tweet_id"": 65899, ""customer_text"": ""@AmazonHelp Done"", ""amazon_reply"": ""@131073 Please write to us via DM with your concern and we'll be glad to assist you with this right away. ^BV"", ""similarity"": 0.14911582567757062}, {""customer_tweet_id"": 2299567, ""customer_text"": ""Le jour J approche ! :)\nJ'espère que les dates sont bonnes @120533 😁\n#YourName https://t.co/lChz8999DO"", ""amazon_reply"": ""@667446 Bonjour, la date de sortie approche ;) Le nécessaire est fait pour vous livrer dans les délais indiqués sur votre compte. ^MH"", ""similarity"": 0.1281661511398022}]","You are evaluating an AI customer-support response.

Do NOT assume that a response is good merely because it resembles a
historical response.

Evaluate whether the candidate response actually addresses the customer's
message and whether its claims are supported by the supplied historical
evidence.

CUSTOMER MESSAGE:
@AmazonHelp Consistently. I would really prefer actual dates to “guaranteed” ones. No matter the cost.

HISTORICAL EVIDENCE:
Historical example 1
Similarity: 0.16939214794242338

Customer:
When @AmazonHelp says they’ll replace your lost parcel at no extra cost yet you still get a £1 charge from them... 🤔

Amazon reply:
@171997 A £1.00 authorisation charge can happen at dispatch, even if it's no cost. The charge will fall off in a day or two. ^MJ

Historical example 2
Similarity: 0.14911582567757062

Customer:
@AmazonHelp Done

Amazon reply:
@131073 Please write to us via DM with your concern and we'll be glad to assist you with this right away. ^BV

Historical example 3
Similarity: 0.1281661511398022

Customer:
Le jour J approche ! :)
J'espère que les dates sont bonnes @120533 😁
#YourName https://t.co/lChz8999DO

Amazon reply:
@667446 Bonjour, la date de sortie approche ;) Le nécessaire est fait pour vous livrer dans les délais indiqués sur votre compte. ^MH

CANDIDATE:
Generic

CANDIDATE RESPONSE:
I'm sorry you're experiencing this issue. Please provide the relevant order details so we can better understand the problem and determine the appropriate next steps.

ESCALATION DECISION MADE BY THE SYSTEM:
True

ESCALATION REASON:
low_intent_confidence


Score each response from 1 to 5 on:

1. helpfulness
   1 = does not help the customer
   3 = somewhat useful
   5 = directly useful and addresses the issue

2. intent_fit
   1 = clearly misunderstands the customer's issue
   3 = partially addresses it
   5 = directly addresses the customer's issue

3. grounding
   1 = unsupported or contradicts the historical evidence
   3 = partly consistent with evidence
   5 = clearly grounded in the historical evidence

4. factual_safety
   1 = invents facts, policies, actions, or guarantees
   3 = mostly safe but somewhat assumptive
   5 = makes no unsupported claims

5. escalation_appropriateness
   1 = escalation decision is clearly inappropriate
   3 = debatable
   5 = clearly appropriate

6. professionalism
   1 = poor/unprofessional
   3 = acceptable
   5 = clear, concise, professional support language

Also provide:

overall_pass:
true only if the response is reasonably helpful, safe, relevant,
and appropriate for the situation.

failure_reason:
A short explanation if overall_pass is false.
Use an empty string if the response passes.


Return ONLY valid JSON in exactly this structure:

{
  ""helpfulness"": 1,
  ""intent_fit"": 1,
  ""grounding"": 1,
  ""factual_safety"": 1,
  ""escalation_appropriateness"": 1,
  ""professionalism"": 1,
  ""overall_pass"": false,
  ""failure_reason"": ""short explanation""
}",,,,,,,,,error,Model returned empty content.
818202,Retrieval,@AmazonHelp Consistently. I would really prefer actual dates to “guaranteed” ones. No matter the cost.,delivery_delay,other_general,0.1862492883719764,yes,True,low_intent_confidence,"@171997 A £1.00 authorisation charge can happen at dispatch, even if it's no cost. The charge will fall off in a day or two. ^MJ",fallback,"[{""customer_tweet_id"": 235131, ""customer_text"": ""When @AmazonHelp says they’ll replace your lost parcel at no extra cost yet you still get a £1 charge from them... 🤔"", ""amazon_reply"": ""@171997 A £1.00 authorisation charge can happen at dispatch, even if it's no cost. The charge will fall off in a day or two. ^MJ"", ""similarity"": 0.16939214794242338}, {""customer_tweet_id"": 65899, ""customer_text"": ""@AmazonHelp Done"", ""amazon_reply"": ""@131073 Please write to us via DM with your concern and we'll be glad to assist you with this right away. ^BV"", ""similarity"": 0.14911582567757062}, {""customer_tweet_id"": 2299567, ""customer_text"": ""Le jour J approche ! :)\nJ'espère que les dates sont bonnes @120533 😁\n#YourName https://t.co/lChz8999DO"", ""amazon_reply"": ""@667446 Bonjour, la date de sortie approche ;) Le nécessaire est fait pour vous livrer dans les délais indiqués sur votre compte. ^MH"", ""similarity"": 0.1281661511398022}]","You are evaluating an AI customer-support response.

Do NOT assume that a response is good merely because it resembles a
historical response.

Evaluate whether the candidate response actually addresses the customer's
message and whether its claims are supported by the supplied historical
evidence.

CUSTOMER MESSAGE:
@AmazonHelp Consistently. I would really prefer actual dates to “guaranteed” ones. No matter the cost.

HISTORICAL EVIDENCE:
Historical example 1
Similarity: 0.16939214794242338

Customer:
When @AmazonHelp says they’ll replace your lost parcel at no extra cost yet you still get a £1 charge from them... 🤔

Amazon reply:
@171997 A £1.00 authorisation charge can happen at dispatch, even if it's no cost. The charge will fall off in a day or two. ^MJ

Historical example 2
Similarity: 0.14911582567757062

Customer:
@AmazonHelp Done

Amazon reply:
@131073 Please write to us via DM with your concern and we'll be glad to assist you with this right away. ^BV

Historical example 3
Similarity: 0.1281661511398022

Customer:
Le jour J approche ! :)
J'espère que les dates sont bonnes @120533 😁
#YourName https://t.co/lChz8999DO

Amazon reply:
@667446 Bonjour, la date de sortie approche ;) Le nécessaire est fait pour vous livrer dans les délais indiqués sur votre compte. ^MH

CANDIDATE:
Retrieval

CANDIDATE RESPONSE:
@171997 A £1.00 authorisation charge can happen at dispatch, even if it's no cost. The charge will fall off in a day or two. ^MJ

ESCALATION DECISION MADE BY THE SYSTEM:
True

ESCALATION REASON:
low_intent_confidence


Score each response from 1 to 5 on:

1. helpfulness
   1 = does not help the customer
   3 = somewhat useful
   5 = directly useful and addresses the issue

2. intent_fit
   1 = clearly misunderstands the customer's issue
   3 = partially addresses it
   5 = directly addresses the customer's issue

3. grounding
   1 = unsupported or contradicts the historical evidence
   3 = partly consistent with evidence
   5 = clearly grounded in the historical evidence

4. factual_safety
   1 = invents facts, policies, actions, or guarantees
   3 = mostly safe but somewhat assumptive
   5 = makes no unsupported claims

5. escalation_appropriateness
   1 = escalation decision is clearly inappropriate
   3 = debatable
   5 = clearly appropriate

6. professionalism
   1 = poor/unprofessional
   3 = acceptable
   5 = clear, concise, professional support language

Also provide:

overall_pass:
true only if the response is reasonably helpful, safe, relevant,
and appropriate for the situation.

failure_reason:
A short explanation if overall_pass is false.
Use an empty string if the response passes.


Return ONLY valid JSON in exactly this structure:

{
  ""helpfulness"": 1,
  ""intent_fit"": 1,
  ""grounding"": 1,
  ""factual_safety"": 1,
  ""escalation_appropriateness"": 1,
  ""professionalism"": 1,
  ""overall_pass"": false,
  ""failure_reason"": ""short explanation""
}",,,,,,,,,error,Model returned empty content.
818202,Agent,@AmazonHelp Consistently. I would really prefer actual dates to “guaranteed” ones. No matter the cost.,delivery_delay,other_general,0.1862492883719764,yes,True,low_intent_confidence,I'm sorry you're experiencing this issue. I've identified that this case should be reviewed by a human support agent. A support agent can review the order details and help with the next steps.,fallback,"[{""customer_tweet_id"": 235131, ""customer_text"": ""When @AmazonHelp says they’ll replace your lost parcel at no extra cost yet you still get a £1 charge from them... 🤔"", ""amazon_reply"": ""@171997 A £1.00 authorisation charge can happen at dispatch, even if it's no cost. The charge will fall off in a day or two. ^MJ"", ""similarity"": 0.16939214794242338}, {""customer_tweet_id"": 65899, ""customer_text"": ""@AmazonHelp Done"", ""amazon_reply"": ""@131073 Please write to us via DM with your concern and we'll be glad to assist you with this right away. ^BV"", ""similarity"": 0.14911582567757062}, {""customer_tweet_id"": 2299567, ""customer_text"": ""Le jour J approche ! :)\nJ'espère que les dates sont bonnes @120533 😁\n#YourName https://t.co/lChz8999DO"", ""amazon_reply"": ""@667446 Bonjour, la date de sortie approche ;) Le nécessaire est fait pour vous livrer dans les délais indiqués sur votre compte. ^MH"", ""similarity"": 0.1281661511398022}]","You are evaluating an AI customer-support response.

Do NOT assume that a response is good merely because it resembles a
historical response.

Evaluate whether the candidate response actually addresses the customer's
message and whether its claims are supported by the supplied historical
evidence.

CUSTOMER MESSAGE:
@AmazonHelp Consistently. I would really prefer actual dates to “guaranteed” ones. No matter the cost.

HISTORICAL EVIDENCE:
Historical example 1
Similarity: 0.16939214794242338

Customer:
When @AmazonHelp says they’ll replace your lost parcel at no extra cost yet you still get a £1 charge from them... 🤔

Amazon reply:
@171997 A £1.00 authorisation charge can happen at dispatch, even if it's no cost. The charge will fall off in a day or two. ^MJ

Historical example 2
Similarity: 0.14911582567757062

Customer:
@AmazonHelp Done

Amazon reply:
@131073 Please write to us via DM with your concern and we'll be glad to assist you with this right away. ^BV

Historical example 3
Similarity: 0.1281661511398022

Customer:
Le jour J approche ! :)
J'espère que les dates sont bonnes @120533 😁
#YourName https://t.co/lChz8999DO

Amazon reply:
@667446 Bonjour, la date de sortie approche ;) Le nécessaire est fait pour vous livrer dans les délais indiqués sur votre compte. ^MH

CANDIDATE:
Agent

CANDIDATE RESPONSE:
I'm sorry you're experiencing this issue. I've identified that this case should be reviewed by a human support agent. A support agent can review the order details and help with the next steps.

ESCALATION DECISION MADE BY THE SYSTEM:
True

ESCALATION REASON:
low_intent_confidence


Score each response from 1 to 5 on:

1. helpfulness
   1 = does not help the customer
   3 = somewhat useful
   5 = directly useful and addresses the issue

2. intent_fit
   1 = clearly misunderstands the customer's issue
   3 = partially addresses it
   5 = directly addresses the customer's issue

3. grounding
   1 = unsupported or contradicts the historical evidence
   3 = partly consistent with evidence
   5 = clearly grounded in the historical evidence

4. factual_safety
   1 = invents facts, policies, actions, or guarantees
   3 = mostly safe but somewhat assumptive
   5 = makes no unsupported claims

5. escalation_appropriateness
   1 = escalation decision is clearly inappropriate
   3 = debatable
   5 = clearly appropriate

6. professionalism
   1 = poor/unprofessional
   3 = acceptable
   5 = clear, concise, professional support language

Also provide:

overall_pass:
true only if the response is reasonably helpful, safe, relevant,
and appropriate for the situation.

failure_reason:
A short explanation if overall_pass is false.
Use an empty string if the response passes.


Return ONLY valid JSON in exactly this structure:

{
  ""helpfulness"": 1,
  ""intent_fit"": 1,
  ""grounding"": 1,
  ""factual_safety"": 1,
  ""escalation_appropriateness"": 1,
  ""professionalism"": 1,
  ""overall_pass"": false,
  ""failure_reason"": ""short explanation""
}",,,,,,,,,pending,
2663165,Generic,"@120540 come mai ho ordinato un libro il 6 novembre, che sarebbe dovto arrivare il 16 novembre ma non mi è ancora arrivato? Se vado negli ordini in corso dice : spedito... ma ho paura che il pacco non arrivi più.",delivery_delay,delivery_delay,0.2468723996910312,yes,False,none,I'm sorry you're experiencing this issue. Please provide the relevant order details so we can better understand the problem and determine the appropriate next steps.,fallback,"[{""customer_tweet_id"": 2609240, ""customer_text"": ""@706738 @120540 Allora non sono l'unico a cui capitano. A gennaio non rinnoverò Prime, negli ultimi mesi 5 spedizioni con ritardi. Che senso ha pagare pure un abbonamento se poi non funziona il servizio? p.s. tra l'altro a me capitato sempre con il loro corriere interno (Amazon Logistics) 😑"", ""amazon_reply"": ""@743821 Ciao Alex, mi dispiace per l'inconveniente. Permettici di verificare la situazione da te descritta. Clicca su questo link https://t.co/YqSLjWtQtI e inserisci i dati richiesti, sarai ricontattato via e-mail, dal mio Team, quanto prima. A presto! ^MP"", ""similarity"": 0.24480382143668472}, {""customer_tweet_id"": 2094043, ""customer_text"": ""@AmazonHelp Nel mio, vero e con prime, l'ordine risulta in consegna il 10 novembre.\nIl quello simulato invece https://t.co/dczRI8YTwn"", ""amazon_reply"": ""@207161 Contatta la nostra Assistenza cliccando qui: https://t.co/YtcS8zMWhk. ^MA"", ""similarity"": 0.1934604409883754}, {""customer_tweet_id"": 2964089, ""customer_text"": ""@AmazonHelp Già fatto ma ho ottenuto un risultato: assolutamente no. Mi hanno risposto che per venerdì saranno consegnati, una settimana per avere dei prodotti già pagati e non due giorni lavorativi essendo cliente Prime. Pazzesco, assurdo e poco professionale."", ""amazon_reply"": ""@236677 Comprendo il tuo disappunto e mi dispiace. Da qui non posso verificare il tuo ordine, ma il nostro Servizio Clienti rimane a tua completa disposizione per qualsiasi ulteriore chiarimento: non esitare a ricontattarlo. ^EA"", ""similarity"": 0.18295446461047313}]","You are evaluating an AI customer-support response.

Do NOT assume that a response is good merely because it resembles a
historical response.

Evaluate whether the candidate response actually addresses the customer's
message and whether its claims are supported by the supplied historical
evidence.

CUSTOMER MESSAGE:
@120540 come mai ho ordinato un libro il 6 novembre, che sarebbe dovto arrivare il 16 novembre ma non mi è ancora arrivato? Se vado negli ordini in corso dice : spedito... ma ho paura che il pacco non arrivi più.

HISTORICAL EVIDENCE:
Historical example 1
Similarity: 0.24480382143668472

Customer:
@706738 @120540 Allora non sono l'unico a cui capitano. A gennaio non rinnoverò Prime, negli ultimi mesi 5 spedizioni con ritardi. Che senso ha pagare pure un abbonamento se poi non funziona il servizio? p.s. tra l'altro a me capitato sempre con il loro corriere interno (Amazon Logistics) 😑

Amazon reply:
@743821 Ciao Alex, mi dispiace per l'inconveniente. Permettici di verificare la situazione da te descritta. Clicca su questo link https://t.co/YqSLjWtQtI e inserisci i dati richiesti, sarai ricontattato via e-mail, dal mio Team, quanto prima. A presto! ^MP

Historical example 2
Similarity: 0.1934604409883754

Customer:
@AmazonHelp Nel mio, vero e con prime, l'ordine risulta in consegna il 10 novembre.
Il quello simulato invece https://t.co/dczRI8YTwn

Amazon reply:
@207161 Contatta la nostra Assistenza cliccando qui: https://t.co/YtcS8zMWhk. ^MA

Historical example 3
Similarity: 0.18295446461047313

Customer:
@AmazonHelp Già fatto ma ho ottenuto un risultato: assolutamente no. Mi hanno risposto che per venerdì saranno consegnati, una settimana per avere dei prodotti già pagati e non due giorni lavorativi essendo cliente Prime. Pazzesco, assurdo e poco professionale.

Amazon reply:
@236677 Comprendo il tuo disappunto e mi dispiace. Da qui non posso verificare il tuo ordine, ma il nostro Servizio Clienti rimane a tua completa disposizione per qualsiasi ulteriore chiarimento: non esitare a ricontattarlo. ^EA

CANDIDATE:
Generic

CANDIDATE RESPONSE:
I'm sorry you're experiencing this issue. Please provide the relevant order details so we can better understand the problem and determine the appropriate next steps.

ESCALATION DECISION MADE BY THE SYSTEM:
False

ESCALATION REASON:
none


Score each response from 1 to 5 on:

1. helpfulness
   1 = does not help the customer
   3 = somewhat useful
   5 = directly useful and addresses the issue

2. intent_fit
   1 = clearly misunderstands the customer's issue
   3 = partially addresses it
   5 = directly addresses the customer's issue

3. grounding
   1 = unsupported or contradicts the historical evidence
   3 = partly consistent with evidence
   5 = clearly grounded in the historical evidence

4. factual_safety
   1 = invents facts, policies, actions, or guarantees
   3 = mostly safe but somewhat assumptive
   5 = makes no unsupported claims

5. escalation_appropriateness
   1 = escalation decision is clearly inappropriate
   3 = debatable
   5 = clearly appropriate

6. professionalism
   1 = poor/unprofessional
   3 = acceptable
   5 = clear, concise, professional support language

Also provide:

overall_pass:
true only if the response is reasonably helpful, safe, relevant,
and appropriate for the situation.

failure_reason:
A short explanation if overall_pass is false.
Use an empty string if the response passes.


Return ONLY valid JSON in exactly this structure:

{
  ""helpfulness"": 1,
  ""intent_fit"": 1,
  ""grounding"": 1,
  ""factual_safety"": 1,
  ""escalation_appropriateness"": 1,
  ""professionalism"": 1,
  ""overall_pass"": false,
  ""failure_reason"": ""short explanation""
}",,,,,,,,,pending,
2663165,Retrieval,"@120540 come mai ho ordinato un libro il 6 novembre, che sarebbe dovto arrivare il 16 novembre ma non mi è ancora arrivato? Se vado negli ordini in corso dice : spedito... ma ho paura che il pacco non arrivi più.",delivery_delay,delivery_delay,0.2468723996910312,yes,False,none,"@743821 Ciao Alex, mi dispiace per l'inconveniente. Permettici di verificare la situazione da te descritta. Clicca su questo link https://t.co/YqSLjWtQtI e inserisci i dati richiesti, sarai ricontattato via e-mail, dal mio Team, quanto prima. A presto! ^MP",fallback,"[{""customer_tweet_id"": 2609240, ""customer_text"": ""@706738 @120540 Allora non sono l'unico a cui capitano. A gennaio non rinnoverò Prime, negli ultimi mesi 5 spedizioni con ritardi. Che senso ha pagare pure un abbonamento se poi non funziona il servizio? p.s. tra l'altro a me capitato sempre con il loro corriere interno (Amazon Logistics) 😑"", ""amazon_reply"": ""@743821 Ciao Alex, mi dispiace per l'inconveniente. Permettici di verificare la situazione da te descritta. Clicca su questo link https://t.co/YqSLjWtQtI e inserisci i dati richiesti, sarai ricontattato via e-mail, dal mio Team, quanto prima. A presto! ^MP"", ""similarity"": 0.24480382143668472}, {""customer_tweet_id"": 2094043, ""customer_text"": ""@AmazonHelp Nel mio, vero e con prime, l'ordine risulta in consegna il 10 novembre.\nIl quello simulato invece https://t.co/dczRI8YTwn"", ""amazon_reply"": ""@207161 Contatta la nostra Assistenza cliccando qui: https://t.co/YtcS8zMWhk. ^MA"", ""similarity"": 0.1934604409883754}, {""customer_tweet_id"": 2964089, ""customer_text"": ""@AmazonHelp Già fatto ma ho ottenuto un risultato: assolutamente no. Mi hanno risposto che per venerdì saranno consegnati, una settimana per avere dei prodotti già pagati e non due giorni lavorativi essendo cliente Prime. Pazzesco, assurdo e poco professionale."", ""amazon_reply"": ""@236677 Comprendo il tuo disappunto e mi dispiace. Da qui non posso verificare il tuo ordine, ma il nostro Servizio Clienti rimane a tua completa disposizione per qualsiasi ulteriore chiarimento: non esitare a ricontattarlo. ^EA"", ""similarity"": 0.18295446461047313}]","You are evaluating an AI customer-support response.

Do NOT assume that a response is good merely because it resembles a
historical response.

Evaluate whether the candidate response actually addresses the customer's
message and whether its claims are supported by the supplied historical
evidence.

CUSTOMER MESSAGE:
@120540 come mai ho ordinato un libro il 6 novembre, che sarebbe dovto arrivare il 16 novembre ma non mi è ancora arrivato? Se vado negli ordini in corso dice : spedito... ma ho paura che il pacco non arrivi più.

HISTORICAL EVIDENCE:
Historical example 1
Similarity: 0.24480382143668472

Customer:
@706738 @120540 Allora non sono l'unico a cui capitano. A gennaio non rinnoverò Prime, negli ultimi mesi 5 spedizioni con ritardi. Che senso ha pagare pure un abbonamento se poi non funziona il servizio? p.s. tra l'altro a me capitato sempre con il loro corriere interno (Amazon Logistics) 😑

Amazon reply:
@743821 Ciao Alex, mi dispiace per l'inconveniente. Permettici di verificare la situazione da te descritta. Clicca su questo link https://t.co/YqSLjWtQtI e inserisci i dati richiesti, sarai ricontattato via e-mail, dal mio Team, quanto prima. A presto! ^MP

Historical example 2
Similarity: 0.1934604409883754

Customer:
@AmazonHelp Nel mio, vero e con prime, l'ordine risulta in consegna il 10 novembre.
Il quello simulato invece https://t.co/dczRI8YTwn

Amazon reply:
@207161 Contatta la nostra Assistenza cliccando qui: https://t.co/YtcS8zMWhk. ^MA

Historical example 3
Similarity: 0.18295446461047313

Customer:
@AmazonHelp Già fatto ma ho ottenuto un risultato: assolutamente no. Mi hanno risposto che per venerdì saranno consegnati, una settimana per avere dei prodotti già pagati e non due giorni lavorativi essendo cliente Prime. Pazzesco, assurdo e poco professionale.

Amazon reply:
@236677 Comprendo il tuo disappunto e mi dispiace. Da qui non posso verificare il tuo ordine, ma il nostro Servizio Clienti rimane a tua completa disposizione per qualsiasi ulteriore chiarimento: non esitare a ricontattarlo. ^EA

CANDIDATE:
Retrieval

CANDIDATE RESPONSE:
@743821 Ciao Alex, mi dispiace per l'inconveniente. Permettici di verificare la situazione da te descritta. Clicca su questo link https://t.co/YqSLjWtQtI e inserisci i dati richiesti, sarai ricontattato via e-mail, dal mio Team, quanto prima. A presto! ^MP

ESCALATION DECISION MADE BY THE SYSTEM:
False

ESCALATION REASON:
none


Score each response from 1 to 5 on:

1. helpfulness
   1 = does not help the customer
   3 = somewhat useful
   5 = directly useful and addresses the issue

2. intent_fit
   1 = clearly misunderstands the customer's issue
   3 = partially addresses it
   5 = directly addresses the customer's issue

3. grounding
   1 = unsupported or contradicts the historical evidence
   3 = partly consistent with evidence
   5 = clearly grounded in the historical evidence

4. factual_safety
   1 = invents facts, policies, actions, or guarantees
   3 = mostly safe but somewhat assumptive
   5 = makes no unsupported claims

5. escalation_appropriateness
   1 = escalation decision is clearly inappropriate
   3 = debatable
   5 = clearly appropriate

6. professionalism
   1 = poor/unprofessional
   3 = acceptable
   5 = clear, concise, professional support language

Also provide:

overall_pass:
true only if the response is reasonably helpful, safe, relevant,
and appropriate for the situation.

failure_reason:
A short explanation if overall_pass is false.
Use an empty string if the response passes.


Return ONLY valid JSON in exactly this structure:

{
  ""helpfulness"": 1,
  ""intent_fit"": 1,
  ""grounding"": 1,
  ""factual_safety"": 1,
  ""escalation_appropriateness"": 1,
  ""professionalism"": 1,
  ""overall_pass"": false,
  ""failure_reason"": ""short explanation""
}",,,,,,,,,pending,
2663165,Agent,"@120540 come mai ho ordinato un libro il 6 novembre, che sarebbe dovto arrivare il 16 novembre ma non mi è ancora arrivato? Se vado negli ordini in corso dice : spedito... ma ho paura che il pacco non arrivi più.",delivery_delay,delivery_delay,0.2468723996910312,yes,False,none,I'm sorry your package is delayed. Please check the current tracking status of your order for the latest delivery information.,fallback,"[{""customer_tweet_id"": 2609240, ""customer_text"": ""@706738 @120540 Allora non sono l'unico a cui capitano. A gennaio non rinnoverò Prime, negli ultimi mesi 5 spedizioni con ritardi. Che senso ha pagare pure un abbonamento se poi non funziona il servizio? p.s. tra l'altro a me capitato sempre con il loro corriere interno (Amazon Logistics) 😑"", ""amazon_reply"": ""@743821 Ciao Alex, mi dispiace per l'inconveniente. Permettici di verificare la situazione da te descritta. Clicca su questo link https://t.co/YqSLjWtQtI e inserisci i dati richiesti, sarai ricontattato via e-mail, dal mio Team, quanto prima. A presto! ^MP"", ""similarity"": 0.24480382143668472}, {""customer_tweet_id"": 2094043, ""customer_text"": ""@AmazonHelp Nel mio, vero e con prime, l'ordine risulta in consegna il 10 novembre.\nIl quello simulato invece https://t.co/dczRI8YTwn"", ""amazon_reply"": ""@207161 Contatta la nostra Assistenza cliccando qui: https://t.co/YtcS8zMWhk. ^MA"", ""similarity"": 0.1934604409883754}, {""customer_tweet_id"": 2964089, ""customer_text"": ""@AmazonHelp Già fatto ma ho ottenuto un risultato: assolutamente no. Mi hanno risposto che per venerdì saranno consegnati, una settimana per avere dei prodotti già pagati e non due giorni lavorativi essendo cliente Prime. Pazzesco, assurdo e poco professionale."", ""amazon_reply"": ""@236677 Comprendo il tuo disappunto e mi dispiace. Da qui non posso verificare il tuo ordine, ma il nostro Servizio Clienti rimane a tua completa disposizione per qualsiasi ulteriore chiarimento: non esitare a ricontattarlo. ^EA"", ""similarity"": 0.18295446461047313}]","You are evaluating an AI customer-support response.

Do NOT assume that a response is good merely because it resembles a
historical response.

Evaluate whether the candidate response actually addresses the customer's
message and whether its claims are supported by the supplied historical
evidence.

CUSTOMER MESSAGE:
@120540 come mai ho ordinato un libro il 6 novembre, che sarebbe dovto arrivare il 16 novembre ma non mi è ancora arrivato? Se vado negli ordini in corso dice : spedito... ma ho paura che il pacco non arrivi più.

HISTORICAL EVIDENCE:
Historical example 1
Similarity: 0.24480382143668472

Customer:
@706738 @120540 Allora non sono l'unico a cui capitano. A gennaio non rinnoverò Prime, negli ultimi mesi 5 spedizioni con ritardi. Che senso ha pagare pure un abbonamento se poi non funziona il servizio? p.s. tra l'altro a me capitato sempre con il loro corriere interno (Amazon Logistics) 😑

Amazon reply:
@743821 Ciao Alex, mi dispiace per l'inconveniente. Permettici di verificare la situazione da te descritta. Clicca su questo link https://t.co/YqSLjWtQtI e inserisci i dati richiesti, sarai ricontattato via e-mail, dal mio Team, quanto prima. A presto! ^MP

Historical example 2
Similarity: 0.1934604409883754

Customer:
@AmazonHelp Nel mio, vero e con prime, l'ordine risulta in consegna il 10 novembre.
Il quello simulato invece https://t.co/dczRI8YTwn

Amazon reply:
@207161 Contatta la nostra Assistenza cliccando qui: https://t.co/YtcS8zMWhk. ^MA

Historical example 3
Similarity: 0.18295446461047313

Customer:
@AmazonHelp Già fatto ma ho ottenuto un risultato: assolutamente no. Mi hanno risposto che per venerdì saranno consegnati, una settimana per avere dei prodotti già pagati e non due giorni lavorativi essendo cliente Prime. Pazzesco, assurdo e poco professionale.

Amazon reply:
@236677 Comprendo il tuo disappunto e mi dispiace. Da qui non posso verificare il tuo ordine, ma il nostro Servizio Clienti rimane a tua completa disposizione per qualsiasi ulteriore chiarimento: non esitare a ricontattarlo. ^EA

CANDIDATE:
Agent

CANDIDATE RESPONSE:
I'm sorry your package is delayed. Please check the current tracking status of your order for the latest delivery information.

ESCALATION DECISION MADE BY THE SYSTEM:
False

ESCALATION REASON:
none


Score each response from 1 to 5 on:

1. helpfulness
   1 = does not help the customer
   3 = somewhat useful
   5 = directly useful and addresses the issue

2. intent_fit
   1 = clearly misunderstands the customer's issue
   3 = partially addresses it
   5 = directly addresses the customer's issue

3. grounding
   1 = unsupported or contradicts the historical evidence
   3 = partly consistent with evidence
   5 = clearly grounded in the historical evidence

4. factual_safety
   1 = invents facts, policies, actions, or guarantees
   3 = mostly safe but somewhat assumptive
   5 = makes no unsupported claims

5. escalation_appropriateness
   1 = escalation decision is clearly inappropriate
   3 = debatable
   5 = clearly appropriate

6. professionalism
   1 = poor/unprofessional
   3 = acceptable
   5 = clear, concise, professional support language

Also provide:

overall_pass:
true only if the response is reasonably helpful, safe, relevant,
and appropriate for the situation.

failure_reason:
A short explanation if overall_pass is false.
Use an empty string if the response passes.


Return ONLY valid JSON in exactly this structure:

{
  ""helpfulness"": 1,
  ""intent_fit"": 1,
  ""grounding"": 1,
  ""factual_safety"": 1,
  ""escalation_appropriateness"": 1,
  ""professionalism"": 1,
  ""overall_pass"": false,
  ""failure_reason"": ""short explanation""
}",,,,,,,,,pending,
130769,Generic,@115850 @132994 ne ayya exchange pettu ra🙏🙏,return_replacement,return_replacement,0.88,no,False,none,I'm sorry you're experiencing this issue. Please provide the relevant order details so we can better understand the problem and determine the appropriate next steps.,fallback,"[{""customer_tweet_id"": 274471, ""customer_text"": ""@115850  https://t.co/gTRwxpvjFO"", ""amazon_reply"": ""@159034 Our Twitter page is visible to the public. (4/4)^AU"", ""similarity"": 0.12656951441563527}, {""customer_tweet_id"": 1723429, ""customer_text"": ""@115851 @7092 @115850 @AmazonHelp Nth apologetic email from @115850 but no solution. Utter waste of time. https://t.co/35mpj3FEFf"", ""amazon_reply"": ""@507510 We'd like to fix this for you, Sudhanshu. I'd request you to write to us using the registered email address or phone number.^JC"", ""similarity"": 0.10004226334403186}, {""customer_tweet_id"": 167936, ""customer_text"": ""Qd tu a 4 fois @120533 au téléphone pour te dire que ta commande n'est pas envoyée car il manque encore un produit mais que tu ne peux pas l'annuler parce qu'elle est sur le point d'être expédié.\nEt bah ça énerve un peu qd même."", ""amazon_reply"": ""@155066 Bonsoir Yann, désolée d'apprendre cela. La livraison de votre colis est prévue pour quand s'il vous plaît ? ^MA"", ""similarity"": 0.09572846798105826}]","You are evaluating an AI customer-support response.

Do NOT assume that a response is good merely because it resembles a
historical response.

Evaluate whether the candidate response actually addresses the customer's
message and whether its claims are supported by the supplied historical
evidence.

CUSTOMER MESSAGE:
@115850 @132994 ne ayya exchange pettu ra🙏🙏

HISTORICAL EVIDENCE:
Historical example 1
Similarity: 0.12656951441563527

Customer:
@115850  https://t.co/gTRwxpvjFO

Amazon reply:
@159034 Our Twitter page is visible to the public. (4/4)^AU

Historical example 2
Similarity: 0.10004226334403186

Customer:
@115851 @7092 @115850 @AmazonHelp Nth apologetic email from @115850 but no solution. Utter waste of time. https://t.co/35mpj3FEFf

Amazon reply:
@507510 We'd like to fix this for you, Sudhanshu. I'd request you to write to us using the registered email address or phone number.^JC

Historical example 3
Similarity: 0.09572846798105826

Customer:
Qd tu a 4 fois @120533 au téléphone pour te dire que ta commande n'est pas envoyée car il manque encore un produit mais que tu ne peux pas l'annuler parce qu'elle est sur le point d'être expédié.
Et bah ça énerve un peu qd même.

Amazon reply:
@155066 Bonsoir Yann, désolée d'apprendre cela. La livraison de votre colis est prévue pour quand s'il vous plaît ? ^MA

CANDIDATE:
Generic

CANDIDATE RESPONSE:
I'm sorry you're experiencing this issue. Please provide the relevant order details so we can better understand the problem and determine the appropriate next steps.

ESCALATION DECISION MADE BY THE SYSTEM:
False

ESCALATION REASON:
none


Score each response from 1 to 5 on:

1. helpfulness
   1 = does not help the customer
   3 = somewhat useful
   5 = directly useful and addresses the issue

2. intent_fit
   1 = clearly misunderstands the customer's issue
   3 = partially addresses it
   5 = directly addresses the customer's issue

3. grounding
   1 = unsupported or contradicts the historical evidence
   3 = partly consistent with evidence
   5 = clearly grounded in the historical evidence

4. factual_safety
   1 = invents facts, policies, actions, or guarantees
   3 = mostly safe but somewhat assumptive
   5 = makes no unsupported claims

5. escalation_appropriateness
   1 = escalation decision is clearly inappropriate
   3 = debatable
   5 = clearly appropriate

6. professionalism
   1 = poor/unprofessional
   3 = acceptable
   5 = clear, concise, professional support language

Also provide:

overall_pass:
true only if the response is reasonably helpful, safe, relevant,
and appropriate for the situation.

failure_reason:
A short explanation if overall_pass is false.
Use an empty string if the response passes.


Return ONLY valid JSON in exactly this structure:

{
  ""helpfulness"": 1,
  ""intent_fit"": 1,
  ""grounding"": 1,
  ""factual_safety"": 1,
  ""escalation_appropriateness"": 1,
  ""professionalism"": 1,
  ""overall_pass"": false,
  ""failure_reason"": ""short explanation""
}",,,,,,,,,pending,
130769,Retrieval,@115850 @132994 ne ayya exchange pettu ra🙏🙏,return_replacement,return_replacement,0.88,no,False,none,@159034 Our Twitter page is visible to the public. (4/4)^AU,fallback,"[{""customer_tweet_id"": 274471, ""customer_text"": ""@115850  https://t.co/gTRwxpvjFO"", ""amazon_reply"": ""@159034 Our Twitter page is visible to the public. (4/4)^AU"", ""similarity"": 0.12656951441563527}, {""customer_tweet_id"": 1723429, ""customer_text"": ""@115851 @7092 @115850 @AmazonHelp Nth apologetic email from @115850 but no solution. Utter waste of time. https://t.co/35mpj3FEFf"", ""amazon_reply"": ""@507510 We'd like to fix this for you, Sudhanshu. I'd request you to write to us using the registered email address or phone number.^JC"", ""similarity"": 0.10004226334403186}, {""customer_tweet_id"": 167936, ""customer_text"": ""Qd tu a 4 fois @120533 au téléphone pour te dire que ta commande n'est pas envoyée car il manque encore un produit mais que tu ne peux pas l'annuler parce qu'elle est sur le point d'être expédié.\nEt bah ça énerve un peu qd même."", ""amazon_reply"": ""@155066 Bonsoir Yann, désolée d'apprendre cela. La livraison de votre colis est prévue pour quand s'il vous plaît ? ^MA"", ""similarity"": 0.09572846798105826}]","You are evaluating an AI customer-support response.

Do NOT assume that a response is good merely because it resembles a
historical response.

Evaluate whether the candidate response actually addresses the customer's
message and whether its claims are supported by the supplied historical
evidence.

CUSTOMER MESSAGE:
@115850 @132994 ne ayya exchange pettu ra🙏🙏

HISTORICAL EVIDENCE:
Historical example 1
Similarity: 0.12656951441563527

Customer:
@115850  https://t.co/gTRwxpvjFO

Amazon reply:
@159034 Our Twitter page is visible to the public. (4/4)^AU

Historical example 2
Similarity: 0.10004226334403186

Customer:
@115851 @7092 @115850 @AmazonHelp Nth apologetic email from @115850 but no solution. Utter waste of time. https://t.co/35mpj3FEFf

Amazon reply:
@507510 We'd like to fix this for you, Sudhanshu. I'd request you to write to us using the registered email address or phone number.^JC

Historical example 3
Similarity: 0.09572846798105826

Customer:
Qd tu a 4 fois @120533 au téléphone pour te dire que ta commande n'est pas envoyée car il manque encore un produit mais que tu ne peux pas l'annuler parce qu'elle est sur le point d'être expédié.
Et bah ça énerve un peu qd même.

Amazon reply:
@155066 Bonsoir Yann, désolée d'apprendre cela. La livraison de votre colis est prévue pour quand s'il vous plaît ? ^MA

CANDIDATE:
Retrieval

CANDIDATE RESPONSE:
@159034 Our Twitter page is visible to the public. (4/4)^AU

ESCALATION DECISION MADE BY THE SYSTEM:
False

ESCALATION REASON:
none


Score each response from 1 to 5 on:

1. helpfulness
   1 = does not help the customer
   3 = somewhat useful
   5 = directly useful and addresses the issue

2. intent_fit
   1 = clearly misunderstands the customer's issue
   3 = partially addresses it
   5 = directly addresses the customer's issue

3. grounding
   1 = unsupported or contradicts the historical evidence
   3 = partly consistent with evidence
   5 = clearly grounded in the historical evidence

4. factual_safety
   1 = invents facts, policies, actions, or guarantees
   3 = mostly safe but somewhat assumptive
   5 = makes no unsupported claims

5. escalation_appropriateness
   1 = escalation decision is clearly inappropriate
   3 = debatable
   5 = clearly appropriate

6. professionalism
   1 = poor/unprofessional
   3 = acceptable
   5 = clear, concise, professional support language

Also provide:

overall_pass:
true only if the response is reasonably helpful, safe, relevant,
and appropriate for the situation.

failure_reason:
A short explanation if overall_pass is false.
Use an empty string if the response passes.


Return ONLY valid JSON in exactly this structure:

{
  ""helpfulness"": 1,
  ""intent_fit"": 1,
  ""grounding"": 1,
  ""factual_safety"": 1,
  ""escalation_appropriateness"": 1,
  ""professionalism"": 1,
  ""overall_pass"": false,
  ""failure_reason"": ""short explanation""
}",,,,,,,,,pending,
130769,Agent,@115850 @132994 ne ayya exchange pettu ra🙏🙏,return_replacement,return_replacement,0.88,no,False,none,I can help with your return or replacement request. Please provide the relevant order details so the next steps can be determined.,fallback,"[{""customer_tweet_id"": 274471, ""customer_text"": ""@115850  https://t.co/gTRwxpvjFO"", ""amazon_reply"": ""@159034 Our Twitter page is visible to the public. (4/4)^AU"", ""similarity"": 0.12656951441563527}, {""customer_tweet_id"": 1723429, ""customer_text"": ""@115851 @7092 @115850 @AmazonHelp Nth apologetic email from @115850 but no solution. Utter waste of time. https://t.co/35mpj3FEFf"", ""amazon_reply"": ""@507510 We'd like to fix this for you, Sudhanshu. I'd request you to write to us using the registered email address or phone number.^JC"", ""similarity"": 0.10004226334403186}, {""customer_tweet_id"": 167936, ""customer_text"": ""Qd tu a 4 fois @120533 au téléphone pour te dire que ta commande n'est pas envoyée car il manque encore un produit mais que tu ne peux pas l'annuler parce qu'elle est sur le point d'être expédié.\nEt bah ça énerve un peu qd même."", ""amazon_reply"": ""@155066 Bonsoir Yann, désolée d'apprendre cela. La livraison de votre colis est prévue pour quand s'il vous plaît ? ^MA"", ""similarity"": 0.09572846798105826}]","You are evaluating an AI customer-support response.

Do NOT assume that a response is good merely because it resembles a
historical response.

Evaluate whether the candidate response actually addresses the customer's
message and whether its claims are supported by the supplied historical
evidence.

CUSTOMER MESSAGE:
@115850 @132994 ne ayya exchange pettu ra🙏🙏

HISTORICAL EVIDENCE:
Historical example 1
Similarity: 0.12656951441563527

Customer:
@115850  https://t.co/gTRwxpvjFO

Amazon reply:
@159034 Our Twitter page is visible to the public. (4/4)^AU

Historical example 2
Similarity: 0.10004226334403186

Customer:
@115851 @7092 @115850 @AmazonHelp Nth apologetic email from @115850 but no solution. Utter waste of time. https://t.co/35mpj3FEFf

Amazon reply:
@507510 We'd like to fix this for you, Sudhanshu. I'd request you to write to us using the registered email address or phone number.^JC

Historical example 3
Similarity: 0.09572846798105826

Customer:
Qd tu a 4 fois @120533 au téléphone pour te dire que ta commande n'est pas envoyée car il manque encore un produit mais que tu ne peux pas l'annuler parce qu'elle est sur le point d'être expédié.
Et bah ça énerve un peu qd même.

Amazon reply:
@155066 Bonsoir Yann, désolée d'apprendre cela. La livraison de votre colis est prévue pour quand s'il vous plaît ? ^MA

CANDIDATE:
Agent

CANDIDATE RESPONSE:
I can help with your return or replacement request. Please provide the relevant order details so the next steps can be determined.

ESCALATION DECISION MADE BY THE SYSTEM:
False

ESCALATION REASON:
none


Score each response from 1 to 5 on:

1. helpfulness
   1 = does not help the customer
   3 = somewhat useful
   5 = directly useful and addresses the issue

2. intent_fit
   1 = clearly misunderstands the customer's issue
   3 = partially addresses it
   5 = directly addresses the customer's issue

3. grounding
   1 = unsupported or contradicts the historical evidence
   3 = partly consistent with evidence
   5 = clearly grounded in the historical evidence

4. factual_safety
   1 = invents facts, policies, actions, or guarantees
   3 = mostly safe but somewhat assumptive
   5 = makes no unsupported claims

5. escalation_appropriateness
   1 = escalation decision is clearly inappropriate
   3 = debatable
   5 = clearly appropriate

6. professionalism
   1 = poor/unprofessional
   3 = acceptable
   5 = clear, concise, professional support language

Also provide:

overall_pass:
true only if the response is reasonably helpful, safe, relevant,
and appropriate for the situation.

failure_reason:
A short explanation if overall_pass is false.
Use an empty string if the response passes.


Return ONLY valid JSON in exactly this structure:

{
  ""helpfulness"": 1,
  ""intent_fit"": 1,
  ""grounding"": 1,
  ""factual_safety"": 1,
  ""escalation_appropriateness"": 1,
  ""professionalism"": 1,
  ""overall_pass"": false,
  ""failure_reason"": ""short explanation""
}",,,,,,,,,pending,
379433,Generic,"Had an @115830 USB lightening cable for a month n it's packed in already, cba man😴",technical_product_issue,delivery_delay,0.1571478268781755,no,True,low_intent_confidence,I'm sorry you're experiencing this issue. Please provide the relevant order details so we can better understand the problem and determine the appropriate next steps.,fallback,"[{""customer_tweet_id"": 1755084, ""customer_text"": ""@AmazonHelp Just 3 days after this month will end 🤔"", ""amazon_reply"": ""@528569 I understand your love for music :) It will be expanded to other devices and platforms in the future. Please stay tuned! ^BS"", ""similarity"": 0.2576680067107038}, {""customer_tweet_id"": 2493660, ""customer_text"": ""@115825 Hi!  Wann kann man denn die Neue Staffel Lucifer bei Euch ansehen? LG"", ""amazon_reply"": ""@711838 Auf Englisch ist sie schon verfügbar: https://t.co/HTun3oZGUE Sobald es weiter Infos gibt, geben wir dies bekannt. Lieben Gruß ^NW"", ""similarity"": 0.11418423092923426}, {""customer_tweet_id"": 530001, ""customer_text"": ""@AmazonHelp THERES MORE !!!! @115830 https://t.co/JRdxSl5ghg"", ""amazon_reply"": ""@242735 Hi James, please get in touch via the link provided by ^FJ &amp; we'll be able to look into this for you. ^TS"", ""similarity"": 0.10349370332822788}]","You are evaluating an AI customer-support response.

Do NOT assume that a response is good merely because it resembles a
historical response.

Evaluate whether the candidate response actually addresses the customer's
message and whether its claims are supported by the supplied historical
evidence.

CUSTOMER MESSAGE:
Had an @115830 USB lightening cable for a month n it's packed in already, cba man😴

HISTORICAL EVIDENCE:
Historical example 1
Similarity: 0.2576680067107038

Customer:
@AmazonHelp Just 3 days after this month will end 🤔

Amazon reply:
@528569 I understand your love for music :) It will be expanded to other devices and platforms in the future. Please stay tuned! ^BS

Historical example 2
Similarity: 0.11418423092923426

Customer:
@115825 Hi!  Wann kann man denn die Neue Staffel Lucifer bei Euch ansehen? LG

Amazon reply:
@711838 Auf Englisch ist sie schon verfügbar: https://t.co/HTun3oZGUE Sobald es weiter Infos gibt, geben wir dies bekannt. Lieben Gruß ^NW

Historical example 3
Similarity: 0.10349370332822788

Customer:
@AmazonHelp THERES MORE !!!! @115830 https://t.co/JRdxSl5ghg

Amazon reply:
@242735 Hi James, please get in touch via the link provided by ^FJ &amp; we'll be able to look into this for you. ^TS

CANDIDATE:
Generic

CANDIDATE RESPONSE:
I'm sorry you're experiencing this issue. Please provide the relevant order details so we can better understand the problem and determine the appropriate next steps.

ESCALATION DECISION MADE BY THE SYSTEM:
True

ESCALATION REASON:
low_intent_confidence


Score each response from 1 to 5 on:

1. helpfulness
   1 = does not help the customer
   3 = somewhat useful
   5 = directly useful and addresses the issue

2. intent_fit
   1 = clearly misunderstands the customer's issue
   3 = partially addresses it
   5 = directly addresses the customer's issue

3. grounding
   1 = unsupported or contradicts the historical evidence
   3 = partly consistent with evidence
   5 = clearly grounded in the historical evidence

4. factual_safety
   1 = invents facts, policies, actions, or guarantees
   3 = mostly safe but somewhat assumptive
   5 = makes no unsupported claims

5. escalation_appropriateness
   1 = escalation decision is clearly inappropriate
   3 = debatable
   5 = clearly appropriate

6. professionalism
   1 = poor/unprofessional
   3 = acceptable
   5 = clear, concise, professional support language

Also provide:

overall_pass:
true only if the response is reasonably helpful, safe, relevant,
and appropriate for the situation.

failure_reason:
A short explanation if overall_pass is false.
Use an empty string if the response passes.


Return ONLY valid JSON in exactly this structure:

{
  ""helpfulness"": 1,
  ""intent_fit"": 1,
  ""grounding"": 1,
  ""factual_safety"": 1,
  ""escalation_appropriateness"": 1,
  ""professionalism"": 1,
  ""overall_pass"": false,
  ""failure_reason"": ""short explanation""
}",,,,,,,,,pending,
379433,Retrieval,"Had an @115830 USB lightening cable for a month n it's packed in already, cba man😴",technical_product_issue,delivery_delay,0.1571478268781755,no,True,low_intent_confidence,@528569 I understand your love for music :) It will be expanded to other devices and platforms in the future. Please stay tuned! ^BS,fallback,"[{""customer_tweet_id"": 1755084, ""customer_text"": ""@AmazonHelp Just 3 days after this month will end 🤔"", ""amazon_reply"": ""@528569 I understand your love for music :) It will be expanded to other devices and platforms in the future. Please stay tuned! ^BS"", ""similarity"": 0.2576680067107038}, {""customer_tweet_id"": 2493660, ""customer_text"": ""@115825 Hi!  Wann kann man denn die Neue Staffel Lucifer bei Euch ansehen? LG"", ""amazon_reply"": ""@711838 Auf Englisch ist sie schon verfügbar: https://t.co/HTun3oZGUE Sobald es weiter Infos gibt, geben wir dies bekannt. Lieben Gruß ^NW"", ""similarity"": 0.11418423092923426}, {""customer_tweet_id"": 530001, ""customer_text"": ""@AmazonHelp THERES MORE !!!! @115830 https://t.co/JRdxSl5ghg"", ""amazon_reply"": ""@242735 Hi James, please get in touch via the link provided by ^FJ &amp; we'll be able to look into this for you. ^TS"", ""similarity"": 0.10349370332822788}]","You are evaluating an AI customer-support response.

Do NOT assume that a response is good merely because it resembles a
historical response.

Evaluate whether the candidate response actually addresses the customer's
message and whether its claims are supported by the supplied historical
evidence.

CUSTOMER MESSAGE:
Had an @115830 USB lightening cable for a month n it's packed in already, cba man😴

HISTORICAL EVIDENCE:
Historical example 1
Similarity: 0.2576680067107038

Customer:
@AmazonHelp Just 3 days after this month will end 🤔

Amazon reply:
@528569 I understand your love for music :) It will be expanded to other devices and platforms in the future. Please stay tuned! ^BS

Historical example 2
Similarity: 0.11418423092923426

Customer:
@115825 Hi!  Wann kann man denn die Neue Staffel Lucifer bei Euch ansehen? LG

Amazon reply:
@711838 Auf Englisch ist sie schon verfügbar: https://t.co/HTun3oZGUE Sobald es weiter Infos gibt, geben wir dies bekannt. Lieben Gruß ^NW

Historical example 3
Similarity: 0.10349370332822788

Customer:
@AmazonHelp THERES MORE !!!! @115830 https://t.co/JRdxSl5ghg

Amazon reply:
@242735 Hi James, please get in touch via the link provided by ^FJ &amp; we'll be able to look into this for you. ^TS

CANDIDATE:
Retrieval

CANDIDATE RESPONSE:
@528569 I understand your love for music :) It will be expanded to other devices and platforms in the future. Please stay tuned! ^BS

ESCALATION DECISION MADE BY THE SYSTEM:
True

ESCALATION REASON:
low_intent_confidence


Score each response from 1 to 5 on:

1. helpfulness
   1 = does not help the customer
   3 = somewhat useful
   5 = directly useful and addresses the issue

2. intent_fit
   1 = clearly misunderstands the customer's issue
   3 = partially addresses it
   5 = directly addresses the customer's issue

3. grounding
   1 = unsupported or contradicts the historical evidence
   3 = partly consistent with evidence
   5 = clearly grounded in the historical evidence

4. factual_safety
   1 = invents facts, policies, actions, or guarantees
   3 = mostly safe but somewhat assumptive
   5 = makes no unsupported claims

5. escalation_appropriateness
   1 = escalation decision is clearly inappropriate
   3 = debatable
   5 = clearly appropriate

6. professionalism
   1 = poor/unprofessional
   3 = acceptable
   5 = clear, concise, professional support language

Also provide:

overall_pass:
true only if the response is reasonably helpful, safe, relevant,
and appropriate for the situation.

failure_reason:
A short explanation if overall_pass is false.
Use an empty string if the response passes.


Return ONLY valid JSON in exactly this structure:

{
  ""helpfulness"": 1,
  ""intent_fit"": 1,
  ""grounding"": 1,
  ""factual_safety"": 1,
  ""escalation_appropriateness"": 1,
  ""professionalism"": 1,
  ""overall_pass"": false,
  ""failure_reason"": ""short explanation""
}",,,,,,,,,pending,
379433,Agent,"Had an @115830 USB lightening cable for a month n it's packed in already, cba man😴",technical_product_issue,delivery_delay,0.1571478268781755,no,True,low_intent_confidence,I'm sorry you're experiencing this issue. I've identified that this case should be reviewed by a human support agent. A support agent can review the order details and help with the next steps.,fallback,"[{""customer_tweet_id"": 1755084, ""customer_text"": ""@AmazonHelp Just 3 days after this month will end 🤔"", ""amazon_reply"": ""@528569 I understand your love for music :) It will be expanded to other devices and platforms in the future. Please stay tuned! ^BS"", ""similarity"": 0.2576680067107038}, {""customer_tweet_id"": 2493660, ""customer_text"": ""@115825 Hi!  Wann kann man denn die Neue Staffel Lucifer bei Euch ansehen? LG"", ""amazon_reply"": ""@711838 Auf Englisch ist sie schon verfügbar: https://t.co/HTun3oZGUE Sobald es weiter Infos gibt, geben wir dies bekannt. Lieben Gruß ^NW"", ""similarity"": 0.11418423092923426}, {""customer_tweet_id"": 530001, ""customer_text"": ""@AmazonHelp THERES MORE !!!! @115830 https://t.co/JRdxSl5ghg"", ""amazon_reply"": ""@242735 Hi James, please get in touch via the link provided by ^FJ &amp; we'll be able to look into this for you. ^TS"", ""similarity"": 0.10349370332822788}]","You are evaluating an AI customer-support response.

Do NOT assume that a response is good merely because it resembles a
historical response.

Evaluate whether the candidate response actually addresses the customer's
message and whether its claims are supported by the supplied historical
evidence.

CUSTOMER MESSAGE:
Had an @115830 USB lightening cable for a month n it's packed in already, cba man😴

HISTORICAL EVIDENCE:
Historical example 1
Similarity: 0.2576680067107038

Customer:
@AmazonHelp Just 3 days after this month will end 🤔

Amazon reply:
@528569 I understand your love for music :) It will be expanded to other devices and platforms in the future. Please stay tuned! ^BS

Historical example 2
Similarity: 0.11418423092923426

Customer:
@115825 Hi!  Wann kann man denn die Neue Staffel Lucifer bei Euch ansehen? LG

Amazon reply:
@711838 Auf Englisch ist sie schon verfügbar: https://t.co/HTun3oZGUE Sobald es weiter Infos gibt, geben wir dies bekannt. Lieben Gruß ^NW

Historical example 3
Similarity: 0.10349370332822788

Customer:
@AmazonHelp THERES MORE !!!! @115830 https://t.co/JRdxSl5ghg

Amazon reply:
@242735 Hi James, please get in touch via the link provided by ^FJ &amp; we'll be able to look into this for you. ^TS

CANDIDATE:
Agent

CANDIDATE RESPONSE:
I'm sorry you're experiencing this issue. I've identified that this case should be reviewed by a human support agent. A support agent can review the order details and help with the next steps.

ESCALATION DECISION MADE BY THE SYSTEM:
True

ESCALATION REASON:
low_intent_confidence


Score each response from 1 to 5 on:

1. helpfulness
   1 = does not help the customer
   3 = somewhat useful
   5 = directly useful and addresses the issue

2. intent_fit
   1 = clearly misunderstands the customer's issue
   3 = partially addresses it
   5 = directly addresses the customer's issue

3. grounding
   1 = unsupported or contradicts the historical evidence
   3 = partly consistent with evidence
   5 = clearly grounded in the historical evidence

4. factual_safety
   1 = invents facts, policies, actions, or guarantees
   3 = mostly safe but somewhat assumptive
   5 = makes no unsupported claims

5. escalation_appropriateness
   1 = escalation decision is clearly inappropriate
   3 = debatable
   5 = clearly appropriate

6. professionalism
   1 = poor/unprofessional
   3 = acceptable
   5 = clear, concise, professional support language

Also provide:

overall_pass:
true only if the response is reasonably helpful, safe, relevant,
and appropriate for the situation.

failure_reason:
A short explanation if overall_pass is false.
Use an empty string if the response passes.


Return ONLY valid JSON in exactly this structure:

{
  ""helpfulness"": 1,
  ""intent_fit"": 1,
  ""grounding"": 1,
  ""factual_safety"": 1,
  ""escalation_appropriateness"": 1,
  ""professionalism"": 1,
  ""overall_pass"": false,
  ""failure_reason"": ""short explanation""
}",,,,,,,,,pending,
1071144,Generic,@115830 can you DM about an aftersales issue. Thanks,other_general,other_general,0.285171864324427,yes,True,needs_human_support,I'm sorry you're experiencing this issue. Please provide the relevant order details so we can better understand the problem and determine the appropriate next steps.,fallback,"[{""customer_tweet_id"": 602326, ""customer_text"": ""@AmazonHelp pls help DM :("", ""amazon_reply"": ""@262972 Hi, We're sorry for the inconvenience! We want to make sure we’re providing the best solution for you. In this case, we recommend you to contact our Customer Support, please click the following link: https://t.co/qGpkDwGRhX ^HC"", ""similarity"": 0.2629831160193528}, {""customer_tweet_id"": 1152724, ""customer_text"": ""@AmazonHelp That worked. Thanks!"", ""amazon_reply"": ""@283086 No problem, that's what we do! Thanks for letting us know and have a great rest of your day. ^EM"", ""similarity"": 0.1803487161934924}, {""customer_tweet_id"": 1136209, ""customer_text"": ""@AmazonHelp Plz resolve my issue..  I have no problem wid u.."", ""amazon_reply"": ""@387674 Sorry about the delivery delay. We'd like to investigate this, please share your details here: https://t.co/cQVomR1pWz. ^HA"", ""similarity"": 0.14727649396227585}]","You are evaluating an AI customer-support response.

Do NOT assume that a response is good merely because it resembles a
historical response.

Evaluate whether the candidate response actually addresses the customer's
message and whether its claims are supported by the supplied historical
evidence.

CUSTOMER MESSAGE:
@115830 can you DM about an aftersales issue. Thanks

HISTORICAL EVIDENCE:
Historical example 1
Similarity: 0.2629831160193528

Customer:
@AmazonHelp pls help DM :(

Amazon reply:
@262972 Hi, We're sorry for the inconvenience! We want to make sure we’re providing the best solution for you. In this case, we recommend you to contact our Customer Support, please click the following link: https://t.co/qGpkDwGRhX ^HC

Historical example 2
Similarity: 0.1803487161934924

Customer:
@AmazonHelp That worked. Thanks!

Amazon reply:
@283086 No problem, that's what we do! Thanks for letting us know and have a great rest of your day. ^EM

Historical example 3
Similarity: 0.14727649396227585

Customer:
@AmazonHelp Plz resolve my issue..  I have no problem wid u..

Amazon reply:
@387674 Sorry about the delivery delay. We'd like to investigate this, please share your details here: https://t.co/cQVomR1pWz. ^HA

CANDIDATE:
Generic

CANDIDATE RESPONSE:
I'm sorry you're experiencing this issue. Please provide the relevant order details so we can better understand the problem and determine the appropriate next steps.

ESCALATION DECISION MADE BY THE SYSTEM:
True

ESCALATION REASON:
needs_human_support


Score each response from 1 to 5 on:

1. helpfulness
   1 = does not help the customer
   3 = somewhat useful
   5 = directly useful and addresses the issue

2. intent_fit
   1 = clearly misunderstands the customer's issue
   3 = partially addresses it
   5 = directly addresses the customer's issue

3. grounding
   1 = unsupported or contradicts the historical evidence
   3 = partly consistent with evidence
   5 = clearly grounded in the historical evidence

4. factual_safety
   1 = invents facts, policies, actions, or guarantees
   3 = mostly safe but somewhat assumptive
   5 = makes no unsupported claims

5. escalation_appropriateness
   1 = escalation decision is clearly inappropriate
   3 = debatable
   5 = clearly appropriate

6. professionalism
   1 = poor/unprofessional
   3 = acceptable
   5 = clear, concise, professional support language

Also provide:

overall_pass:
true only if the response is reasonably helpful, safe, relevant,
and appropriate for the situation.

failure_reason:
A short explanation if overall_pass is false.
Use an empty string if the response passes.


Return ONLY valid JSON in exactly this structure:

{
  ""helpfulness"": 1,
  ""intent_fit"": 1,
  ""grounding"": 1,
  ""factual_safety"": 1,
  ""escalation_appropriateness"": 1,
  ""professionalism"": 1,
  ""overall_pass"": false,
  ""failure_reason"": ""short explanation""
}",,,,,,,,,pending,
1071144,Retrieval,@115830 can you DM about an aftersales issue. Thanks,other_general,other_general,0.285171864324427,yes,True,needs_human_support,"@262972 Hi, We're sorry for the inconvenience! We want to make sure we’re providing the best solution for you. In this case, we recommend you to contact our Customer Support, please click the following link: https://t.co/qGpkDwGRhX ^HC",fallback,"[{""customer_tweet_id"": 602326, ""customer_text"": ""@AmazonHelp pls help DM :("", ""amazon_reply"": ""@262972 Hi, We're sorry for the inconvenience! We want to make sure we’re providing the best solution for you. In this case, we recommend you to contact our Customer Support, please click the following link: https://t.co/qGpkDwGRhX ^HC"", ""similarity"": 0.2629831160193528}, {""customer_tweet_id"": 1152724, ""customer_text"": ""@AmazonHelp That worked. Thanks!"", ""amazon_reply"": ""@283086 No problem, that's what we do! Thanks for letting us know and have a great rest of your day. ^EM"", ""similarity"": 0.1803487161934924}, {""customer_tweet_id"": 1136209, ""customer_text"": ""@AmazonHelp Plz resolve my issue..  I have no problem wid u.."", ""amazon_reply"": ""@387674 Sorry about the delivery delay. We'd like to investigate this, please share your details here: https://t.co/cQVomR1pWz. ^HA"", ""similarity"": 0.14727649396227585}]","You are evaluating an AI customer-support response.

Do NOT assume that a response is good merely because it resembles a
historical response.

Evaluate whether the candidate response actually addresses the customer's
message and whether its claims are supported by the supplied historical
evidence.

CUSTOMER MESSAGE:
@115830 can you DM about an aftersales issue. Thanks

HISTORICAL EVIDENCE:
Historical example 1
Similarity: 0.2629831160193528

Customer:
@AmazonHelp pls help DM :(

Amazon reply:
@262972 Hi, We're sorry for the inconvenience! We want to make sure we’re providing the best solution for you. In this case, we recommend you to contact our Customer Support, please click the following link: https://t.co/qGpkDwGRhX ^HC

Historical example 2
Similarity: 0.1803487161934924

Customer:
@AmazonHelp That worked. Thanks!

Amazon reply:
@283086 No problem, that's what we do! Thanks for letting us know and have a great rest of your day. ^EM

Historical example 3
Similarity: 0.14727649396227585

Customer:
@AmazonHelp Plz resolve my issue..  I have no problem wid u..

Amazon reply:
@387674 Sorry about the delivery delay. We'd like to investigate this, please share your details here: https://t.co/cQVomR1pWz. ^HA

CANDIDATE:
Retrieval

CANDIDATE RESPONSE:
@262972 Hi, We're sorry for the inconvenience! We want to make sure we’re providing the best solution for you. In this case, we recommend you to contact our Customer Support, please click the following link: https://t.co/qGpkDwGRhX ^HC

ESCALATION DECISION MADE BY THE SYSTEM:
True

ESCALATION REASON:
needs_human_support


Score each response from 1 to 5 on:

1. helpfulness
   1 = does not help the customer
   3 = somewhat useful
   5 = directly useful and addresses the issue

2. intent_fit
   1 = clearly misunderstands the customer's issue
   3 = partially addresses it
   5 = directly addresses the customer's issue

3. grounding
   1 = unsupported or contradicts the historical evidence
   3 = partly consistent with evidence
   5 = clearly grounded in the historical evidence

4. factual_safety
   1 = invents facts, policies, actions, or guarantees
   3 = mostly safe but somewhat assumptive
   5 = makes no unsupported claims

5. escalation_appropriateness
   1 = escalation decision is clearly inappropriate
   3 = debatable
   5 = clearly appropriate

6. professionalism
   1 = poor/unprofessional
   3 = acceptable
   5 = clear, concise, professional support language

Also provide:

overall_pass:
true only if the response is reasonably helpful, safe, relevant,
and appropriate for the situation.

failure_reason:
A short explanation if overall_pass is false.
Use an empty string if the response passes.


Return ONLY valid JSON in exactly this structure:

{
  ""helpfulness"": 1,
  ""intent_fit"": 1,
  ""grounding"": 1,
  ""factual_safety"": 1,
  ""escalation_appropriateness"": 1,
  ""professionalism"": 1,
  ""overall_pass"": false,
  ""failure_reason"": ""short explanation""
}",,,,,,,,,pending,
1071144,Agent,@115830 can you DM about an aftersales issue. Thanks,other_general,other_general,0.285171864324427,yes,True,needs_human_support,I'm sorry you're experiencing this issue. I've identified that this case should be reviewed by a human support agent. A support agent can review the order details and help with the next steps.,fallback,"[{""customer_tweet_id"": 602326, ""customer_text"": ""@AmazonHelp pls help DM :("", ""amazon_reply"": ""@262972 Hi, We're sorry for the inconvenience! We want to make sure we’re providing the best solution for you. In this case, we recommend you to contact our Customer Support, please click the following link: https://t.co/qGpkDwGRhX ^HC"", ""similarity"": 0.2629831160193528}, {""customer_tweet_id"": 1152724, ""customer_text"": ""@AmazonHelp That worked. Thanks!"", ""amazon_reply"": ""@283086 No problem, that's what we do! Thanks for letting us know and have a great rest of your day. ^EM"", ""similarity"": 0.1803487161934924}, {""customer_tweet_id"": 1136209, ""customer_text"": ""@AmazonHelp Plz resolve my issue..  I have no problem wid u.."", ""amazon_reply"": ""@387674 Sorry about the delivery delay. We'd like to investigate this, please share your details here: https://t.co/cQVomR1pWz. ^HA"", ""similarity"": 0.14727649396227585}]","You are evaluating an AI customer-support response.

Do NOT assume that a response is good merely because it resembles a
historical response.

Evaluate whether the candidate response actually addresses the customer's
message and whether its claims are supported by the supplied historical
evidence.

CUSTOMER MESSAGE:
@115830 can you DM about an aftersales issue. Thanks

HISTORICAL EVIDENCE:
Historical example 1
Similarity: 0.2629831160193528

Customer:
@AmazonHelp pls help DM :(

Amazon reply:
@262972 Hi, We're sorry for the inconvenience! We want to make sure we’re providing the best solution for you. In this case, we recommend you to contact our Customer Support, please click the following link: https://t.co/qGpkDwGRhX ^HC

Historical example 2
Similarity: 0.1803487161934924

Customer:
@AmazonHelp That worked. Thanks!

Amazon reply:
@283086 No problem, that's what we do! Thanks for letting us know and have a great rest of your day. ^EM

Historical example 3
Similarity: 0.14727649396227585

Customer:
@AmazonHelp Plz resolve my issue..  I have no problem wid u..

Amazon reply:
@387674 Sorry about the delivery delay. We'd like to investigate this, please share your details here: https://t.co/cQVomR1pWz. ^HA

CANDIDATE:
Agent

CANDIDATE RESPONSE:
I'm sorry you're experiencing this issue. I've identified that this case should be reviewed by a human support agent. A support agent can review the order details and help with the next steps.

ESCALATION DECISION MADE BY THE SYSTEM:
True

ESCALATION REASON:
needs_human_support


Score each response from 1 to 5 on:

1. helpfulness
   1 = does not help the customer
   3 = somewhat useful
   5 = directly useful and addresses the issue

2. intent_fit
   1 = clearly misunderstands the customer's issue
   3 = partially addresses it
   5 = directly addresses the customer's issue

3. grounding
   1 = unsupported or contradicts the historical evidence
   3 = partly consistent with evidence
   5 = clearly grounded in the historical evidence

4. factual_safety
   1 = invents facts, policies, actions, or guarantees
   3 = mostly safe but somewhat assumptive
   5 = makes no unsupported claims

5. escalation_appropriateness
   1 = escalation decision is clearly inappropriate
   3 = debatable
   5 = clearly appropriate

6. professionalism
   1 = poor/unprofessional
   3 = acceptable
   5 = clear, concise, professional support language

Also provide:

overall_pass:
true only if the response is reasonably helpful, safe, relevant,
and appropriate for the situation.

failure_reason:
A short explanation if overall_pass is false.
Use an empty string if the response passes.


Return ONLY valid JSON in exactly this structure:

{
  ""helpfulness"": 1,
  ""intent_fit"": 1,
  ""grounding"": 1,
  ""factual_safety"": 1,
  ""escalation_appropriateness"": 1,
  ""professionalism"": 1,
  ""overall_pass"": false,
  ""failure_reason"": ""short explanation""
}",,,,,,,,,pending,
312990,Generic,@AmazonHelp  https://t.co/Zu0qMvIX5G,other_general,other_general,0.1974314355593062,no,True,low_intent_confidence,I'm sorry you're experiencing this issue. Please provide the relevant order details so we can better understand the problem and determine the appropriate next steps.,fallback,"[{""customer_tweet_id"": 65899, ""customer_text"": ""@AmazonHelp Done"", ""amazon_reply"": ""@131073 Please write to us via DM with your concern and we'll be glad to assist you with this right away. ^BV"", ""similarity"": 0.4810424740325799}, {""customer_tweet_id"": 742396, ""customer_text"": ""@amazonhelp this url is broken on your site: https://t.co/nL5ldDxRB2 — needed for this: https://t.co/dD4Yvm02Pb"", ""amazon_reply"": ""@297514 Cab you please provide a link to the page where this button is located? We'd like to look further into it. ^WJ"", ""similarity"": 0.23874368156361267}, {""customer_tweet_id"": 274471, ""customer_text"": ""@115850  https://t.co/gTRwxpvjFO"", ""amazon_reply"": ""@159034 Our Twitter page is visible to the public. (4/4)^AU"", ""similarity"": 0.21138107666986491}]","You are evaluating an AI customer-support response.

Do NOT assume that a response is good merely because it resembles a
historical response.

Evaluate whether the candidate response actually addresses the customer's
message and whether its claims are supported by the supplied historical
evidence.

CUSTOMER MESSAGE:
@AmazonHelp  https://t.co/Zu0qMvIX5G

HISTORICAL EVIDENCE:
Historical example 1
Similarity: 0.4810424740325799

Customer:
@AmazonHelp Done

Amazon reply:
@131073 Please write to us via DM with your concern and we'll be glad to assist you with this right away. ^BV

Historical example 2
Similarity: 0.23874368156361267

Customer:
@amazonhelp this url is broken on your site: https://t.co/nL5ldDxRB2 — needed for this: https://t.co/dD4Yvm02Pb

Amazon reply:
@297514 Cab you please provide a link to the page where this button is located? We'd like to look further into it. ^WJ

Historical example 3
Similarity: 0.21138107666986491

Customer:
@115850  https://t.co/gTRwxpvjFO

Amazon reply:
@159034 Our Twitter page is visible to the public. (4/4)^AU

CANDIDATE:
Generic

CANDIDATE RESPONSE:
I'm sorry you're experiencing this issue. Please provide the relevant order details so we can better understand the problem and determine the appropriate next steps.

ESCALATION DECISION MADE BY THE SYSTEM:
True

ESCALATION REASON:
low_intent_confidence


Score each response from 1 to 5 on:

1. helpfulness
   1 = does not help the customer
   3 = somewhat useful
   5 = directly useful and addresses the issue

2. intent_fit
   1 = clearly misunderstands the customer's issue
   3 = partially addresses it
   5 = directly addresses the customer's issue

3. grounding
   1 = unsupported or contradicts the historical evidence
   3 = partly consistent with evidence
   5 = clearly grounded in the historical evidence

4. factual_safety
   1 = invents facts, policies, actions, or guarantees
   3 = mostly safe but somewhat assumptive
   5 = makes no unsupported claims

5. escalation_appropriateness
   1 = escalation decision is clearly inappropriate
   3 = debatable
   5 = clearly appropriate

6. professionalism
   1 = poor/unprofessional
   3 = acceptable
   5 = clear, concise, professional support language

Also provide:

overall_pass:
true only if the response is reasonably helpful, safe, relevant,
and appropriate for the situation.

failure_reason:
A short explanation if overall_pass is false.
Use an empty string if the response passes.


Return ONLY valid JSON in exactly this structure:

{
  ""helpfulness"": 1,
  ""intent_fit"": 1,
  ""grounding"": 1,
  ""factual_safety"": 1,
  ""escalation_appropriateness"": 1,
  ""professionalism"": 1,
  ""overall_pass"": false,
  ""failure_reason"": ""short explanation""
}",,,,,,,,,pending,
312990,Retrieval,@AmazonHelp  https://t.co/Zu0qMvIX5G,other_general,other_general,0.1974314355593062,no,True,low_intent_confidence,@131073 Please write to us via DM with your concern and we'll be glad to assist you with this right away. ^BV,fallback,"[{""customer_tweet_id"": 65899, ""customer_text"": ""@AmazonHelp Done"", ""amazon_reply"": ""@131073 Please write to us via DM with your concern and we'll be glad to assist you with this right away. ^BV"", ""similarity"": 0.4810424740325799}, {""customer_tweet_id"": 742396, ""customer_text"": ""@amazonhelp this url is broken on your site: https://t.co/nL5ldDxRB2 — needed for this: https://t.co/dD4Yvm02Pb"", ""amazon_reply"": ""@297514 Cab you please provide a link to the page where this button is located? We'd like to look further into it. ^WJ"", ""similarity"": 0.23874368156361267}, {""customer_tweet_id"": 274471, ""customer_text"": ""@115850  https://t.co/gTRwxpvjFO"", ""amazon_reply"": ""@159034 Our Twitter page is visible to the public. (4/4)^AU"", ""similarity"": 0.21138107666986491}]","You are evaluating an AI customer-support response.

Do NOT assume that a response is good merely because it resembles a
historical response.

Evaluate whether the candidate response actually addresses the customer's
message and whether its claims are supported by the supplied historical
evidence.

CUSTOMER MESSAGE:
@AmazonHelp  https://t.co/Zu0qMvIX5G

HISTORICAL EVIDENCE:
Historical example 1
Similarity: 0.4810424740325799

Customer:
@AmazonHelp Done

Amazon reply:
@131073 Please write to us via DM with your concern and we'll be glad to assist you with this right away. ^BV

Historical example 2
Similarity: 0.23874368156361267

Customer:
@amazonhelp this url is broken on your site: https://t.co/nL5ldDxRB2 — needed for this: https://t.co/dD4Yvm02Pb

Amazon reply:
@297514 Cab you please provide a link to the page where this button is located? We'd like to look further into it. ^WJ

Historical example 3
Similarity: 0.21138107666986491

Customer:
@115850  https://t.co/gTRwxpvjFO

Amazon reply:
@159034 Our Twitter page is visible to the public. (4/4)^AU

CANDIDATE:
Retrieval

CANDIDATE RESPONSE:
@131073 Please write to us via DM with your concern and we'll be glad to assist you with this right away. ^BV

ESCALATION DECISION MADE BY THE SYSTEM:
True

ESCALATION REASON:
low_intent_confidence


Score each response from 1 to 5 on:

1. helpfulness
   1 = does not help the customer
   3 = somewhat useful
   5 = directly useful and addresses the issue

2. intent_fit
   1 = clearly misunderstands the customer's issue
   3 = partially addresses it
   5 = directly addresses the customer's issue

3. grounding
   1 = unsupported or contradicts the historical evidence
   3 = partly consistent with evidence
   5 = clearly grounded in the historical evidence

4. factual_safety
   1 = invents facts, policies, actions, or guarantees
   3 = mostly safe but somewhat assumptive
   5 = makes no unsupported claims

5. escalation_appropriateness
   1 = escalation decision is clearly inappropriate
   3 = debatable
   5 = clearly appropriate

6. professionalism
   1 = poor/unprofessional
   3 = acceptable
   5 = clear, concise, professional support language

Also provide:

overall_pass:
true only if the response is reasonably helpful, safe, relevant,
and appropriate for the situation.

failure_reason:
A short explanation if overall_pass is false.
Use an empty string if the response passes.


Return ONLY valid JSON in exactly this structure:

{
  ""helpfulness"": 1,
  ""intent_fit"": 1,
  ""grounding"": 1,
  ""factual_safety"": 1,
  ""escalation_appropriateness"": 1,
  ""professionalism"": 1,
  ""overall_pass"": false,
  ""failure_reason"": ""short explanation""
}",,,,,,,,,pending,
312990,Agent,@AmazonHelp  https://t.co/Zu0qMvIX5G,other_general,other_general,0.1974314355593062,no,True,low_intent_confidence,I'm sorry you're experiencing this issue. I've identified that this case should be reviewed by a human support agent. A support agent can review the order details and help with the next steps.,fallback,"[{""customer_tweet_id"": 65899, ""customer_text"": ""@AmazonHelp Done"", ""amazon_reply"": ""@131073 Please write to us via DM with your concern and we'll be glad to assist you with this right away. ^BV"", ""similarity"": 0.4810424740325799}, {""customer_tweet_id"": 742396, ""customer_text"": ""@amazonhelp this url is broken on your site: https://t.co/nL5ldDxRB2 — needed for this: https://t.co/dD4Yvm02Pb"", ""amazon_reply"": ""@297514 Cab you please provide a link to the page where this button is located? We'd like to look further into it. ^WJ"", ""similarity"": 0.23874368156361267}, {""customer_tweet_id"": 274471, ""customer_text"": ""@115850  https://t.co/gTRwxpvjFO"", ""amazon_reply"": ""@159034 Our Twitter page is visible to the public. (4/4)^AU"", ""similarity"": 0.21138107666986491}]","You are evaluating an AI customer-support response.

Do NOT assume that a response is good merely because it resembles a
historical response.

Evaluate whether the candidate response actually addresses the customer's
message and whether its claims are supported by the supplied historical
evidence.

CUSTOMER MESSAGE:
@AmazonHelp  https://t.co/Zu0qMvIX5G

HISTORICAL EVIDENCE:
Historical example 1
Similarity: 0.4810424740325799

Customer:
@AmazonHelp Done

Amazon reply:
@131073 Please write to us via DM with your concern and we'll be glad to assist you with this right away. ^BV

Historical example 2
Similarity: 0.23874368156361267

Customer:
@amazonhelp this url is broken on your site: https://t.co/nL5ldDxRB2 — needed for this: https://t.co/dD4Yvm02Pb

Amazon reply:
@297514 Cab you please provide a link to the page where this button is located? We'd like to look further into it. ^WJ

Historical example 3
Similarity: 0.21138107666986491

Customer:
@115850  https://t.co/gTRwxpvjFO

Amazon reply:
@159034 Our Twitter page is visible to the public. (4/4)^AU

CANDIDATE:
Agent

CANDIDATE RESPONSE:
I'm sorry you're experiencing this issue. I've identified that this case should be reviewed by a human support agent. A support agent can review the order details and help with the next steps.

ESCALATION DECISION MADE BY THE SYSTEM:
True

ESCALATION REASON:
low_intent_confidence


Score each response from 1 to 5 on:

1. helpfulness
   1 = does not help the customer
   3 = somewhat useful
   5 = directly useful and addresses the issue

2. intent_fit
   1 = clearly misunderstands the customer's issue
   3 = partially addresses it
   5 = directly addresses the customer's issue

3. grounding
   1 = unsupported or contradicts the historical evidence
   3 = partly consistent with evidence
   5 = clearly grounded in the historical evidence

4. factual_safety
   1 = invents facts, policies, actions, or guarantees
   3 = mostly safe but somewhat assumptive
   5 = makes no unsupported claims

5. escalation_appropriateness
   1 = escalation decision is clearly inappropriate
   3 = debatable
   5 = clearly appropriate

6. professionalism
   1 = poor/unprofessional
   3 = acceptable
   5 = clear, concise, professional support language

Also provide:

overall_pass:
true only if the response is reasonably helpful, safe, relevant,
and appropriate for the situation.

failure_reason:
A short explanation if overall_pass is false.
Use an empty string if the response passes.


Return ONLY valid JSON in exactly this structure:

{
  ""helpfulness"": 1,
  ""intent_fit"": 1,
  ""grounding"": 1,
  ""factual_safety"": 1,
  ""escalation_appropriateness"": 1,
  ""professionalism"": 1,
  ""overall_pass"": false,
  ""failure_reason"": ""short explanation""
}",,,,,,,,,pending,
2777346,Generic,@AmazonHelp Problème réglé :),other_general,other_general,0.2048743929906591,no,False,none,I'm sorry you're experiencing this issue. Please provide the relevant order details so we can better understand the problem and determine the appropriate next steps.,fallback,"[{""customer_tweet_id"": 65899, ""customer_text"": ""@AmazonHelp Done"", ""amazon_reply"": ""@131073 Please write to us via DM with your concern and we'll be glad to assist you with this right away. ^BV"", ""similarity"": 1.0}, {""customer_tweet_id"": 2880479, ""customer_text"": ""@AmazonHelp Useless"", ""amazon_reply"": ""@799341 We want to help you as much as possible, please contact us directly by clicking the following link: https://t.co/JzP7hlA23B.^BZ"", ""similarity"": 0.1918260533044177}, {""customer_tweet_id"": 2437734, ""customer_text"": ""@AmazonHelp Useless"", ""amazon_reply"": ""@337608 We'd like to help, kindly share your details here: https://t.co/GIJyeYqKE0, and we'll reach out to you soon. ^MA"", ""similarity"": 0.1918260533044177}]","You are evaluating an AI customer-support response.

Do NOT assume that a response is good merely because it resembles a
historical response.

Evaluate whether the candidate response actually addresses the customer's
message and whether its claims are supported by the supplied historical
evidence.

CUSTOMER MESSAGE:
@AmazonHelp Problème réglé :)

HISTORICAL EVIDENCE:
Historical example 1
Similarity: 1.0

Customer:
@AmazonHelp Done

Amazon reply:
@131073 Please write to us via DM with your concern and we'll be glad to assist you with this right away. ^BV

Historical example 2
Similarity: 0.1918260533044177

Customer:
@AmazonHelp Useless

Amazon reply:
@799341 We want to help you as much as possible, please contact us directly by clicking the following link: https://t.co/JzP7hlA23B.^BZ

Historical example 3
Similarity: 0.1918260533044177

Customer:
@AmazonHelp Useless

Amazon reply:
@337608 We'd like to help, kindly share your details here: https://t.co/GIJyeYqKE0, and we'll reach out to you soon. ^MA

CANDIDATE:
Generic

CANDIDATE RESPONSE:
I'm sorry you're experiencing this issue. Please provide the relevant order details so we can better understand the problem and determine the appropriate next steps.

ESCALATION DECISION MADE BY THE SYSTEM:
False

ESCALATION REASON:
none


Score each response from 1 to 5 on:

1. helpfulness
   1 = does not help the customer
   3 = somewhat useful
   5 = directly useful and addresses the issue

2. intent_fit
   1 = clearly misunderstands the customer's issue
   3 = partially addresses it
   5 = directly addresses the customer's issue

3. grounding
   1 = unsupported or contradicts the historical evidence
   3 = partly consistent with evidence
   5 = clearly grounded in the historical evidence

4. factual_safety
   1 = invents facts, policies, actions, or guarantees
   3 = mostly safe but somewhat assumptive
   5 = makes no unsupported claims

5. escalation_appropriateness
   1 = escalation decision is clearly inappropriate
   3 = debatable
   5 = clearly appropriate

6. professionalism
   1 = poor/unprofessional
   3 = acceptable
   5 = clear, concise, professional support language

Also provide:

overall_pass:
true only if the response is reasonably helpful, safe, relevant,
and appropriate for the situation.

failure_reason:
A short explanation if overall_pass is false.
Use an empty string if the response passes.


Return ONLY valid JSON in exactly this structure:

{
  ""helpfulness"": 1,
  ""intent_fit"": 1,
  ""grounding"": 1,
  ""factual_safety"": 1,
  ""escalation_appropriateness"": 1,
  ""professionalism"": 1,
  ""overall_pass"": false,
  ""failure_reason"": ""short explanation""
}",,,,,,,,,pending,
2777346,Retrieval,@AmazonHelp Problème réglé :),other_general,other_general,0.2048743929906591,no,False,none,@131073 Please write to us via DM with your concern and we'll be glad to assist you with this right away. ^BV,fallback,"[{""customer_tweet_id"": 65899, ""customer_text"": ""@AmazonHelp Done"", ""amazon_reply"": ""@131073 Please write to us via DM with your concern and we'll be glad to assist you with this right away. ^BV"", ""similarity"": 1.0}, {""customer_tweet_id"": 2880479, ""customer_text"": ""@AmazonHelp Useless"", ""amazon_reply"": ""@799341 We want to help you as much as possible, please contact us directly by clicking the following link: https://t.co/JzP7hlA23B.^BZ"", ""similarity"": 0.1918260533044177}, {""customer_tweet_id"": 2437734, ""customer_text"": ""@AmazonHelp Useless"", ""amazon_reply"": ""@337608 We'd like to help, kindly share your details here: https://t.co/GIJyeYqKE0, and we'll reach out to you soon. ^MA"", ""similarity"": 0.1918260533044177}]","You are evaluating an AI customer-support response.

Do NOT assume that a response is good merely because it resembles a
historical response.

Evaluate whether the candidate response actually addresses the customer's
message and whether its claims are supported by the supplied historical
evidence.

CUSTOMER MESSAGE:
@AmazonHelp Problème réglé :)

HISTORICAL EVIDENCE:
Historical example 1
Similarity: 1.0

Customer:
@AmazonHelp Done

Amazon reply:
@131073 Please write to us via DM with your concern and we'll be glad to assist you with this right away. ^BV

Historical example 2
Similarity: 0.1918260533044177

Customer:
@AmazonHelp Useless

Amazon reply:
@799341 We want to help you as much as possible, please contact us directly by clicking the following link: https://t.co/JzP7hlA23B.^BZ

Historical example 3
Similarity: 0.1918260533044177

Customer:
@AmazonHelp Useless

Amazon reply:
@337608 We'd like to help, kindly share your details here: https://t.co/GIJyeYqKE0, and we'll reach out to you soon. ^MA

CANDIDATE:
Retrieval

CANDIDATE RESPONSE:
@131073 Please write to us via DM with your concern and we'll be glad to assist you with this right away. ^BV

ESCALATION DECISION MADE BY THE SYSTEM:
False

ESCALATION REASON:
none


Score each response from 1 to 5 on:

1. helpfulness
   1 = does not help the customer
   3 = somewhat useful
   5 = directly useful and addresses the issue

2. intent_fit
   1 = clearly misunderstands the customer's issue
   3 = partially addresses it
   5 = directly addresses the customer's issue

3. grounding
   1 = unsupported or contradicts the historical evidence
   3 = partly consistent with evidence
   5 = clearly grounded in the historical evidence

4. factual_safety
   1 = invents facts, policies, actions, or guarantees
   3 = mostly safe but somewhat assumptive
   5 = makes no unsupported claims

5. escalation_appropriateness
   1 = escalation decision is clearly inappropriate
   3 = debatable
   5 = clearly appropriate

6. professionalism
   1 = poor/unprofessional
   3 = acceptable
   5 = clear, concise, professional support language

Also provide:

overall_pass:
true only if the response is reasonably helpful, safe, relevant,
and appropriate for the situation.

failure_reason:
A short explanation if overall_pass is false.
Use an empty string if the response passes.


Return ONLY valid JSON in exactly this structure:

{
  ""helpfulness"": 1,
  ""intent_fit"": 1,
  ""grounding"": 1,
  ""factual_safety"": 1,
  ""escalation_appropriateness"": 1,
  ""professionalism"": 1,
  ""overall_pass"": false,
  ""failure_reason"": ""short explanation""
}",,,,,,,,,pending,
2777346,Agent,@AmazonHelp Problème réglé :),other_general,other_general,0.2048743929906591,no,False,none,I'm sorry you're experiencing this issue. Please provide the relevant order details so we can better understand the problem and determine the appropriate next steps.,fallback,"[{""customer_tweet_id"": 65899, ""customer_text"": ""@AmazonHelp Done"", ""amazon_reply"": ""@131073 Please write to us via DM with your concern and we'll be glad to assist you with this right away. ^BV"", ""similarity"": 1.0}, {""customer_tweet_id"": 2880479, ""customer_text"": ""@AmazonHelp Useless"", ""amazon_reply"": ""@799341 We want to help you as much as possible, please contact us directly by clicking the following link: https://t.co/JzP7hlA23B.^BZ"", ""similarity"": 0.1918260533044177}, {""customer_tweet_id"": 2437734, ""customer_text"": ""@AmazonHelp Useless"", ""amazon_reply"": ""@337608 We'd like to help, kindly share your details here: https://t.co/GIJyeYqKE0, and we'll reach out to you soon. ^MA"", ""similarity"": 0.1918260533044177}]","You are evaluating an AI customer-support response.

Do NOT assume that a response is good merely because it resembles a
historical response.

Evaluate whether the candidate response actually addresses the customer's
message and whether its claims are supported by the supplied historical
evidence.

CUSTOMER MESSAGE:
@AmazonHelp Problème réglé :)

HISTORICAL EVIDENCE:
Historical example 1
Similarity: 1.0

Customer:
@AmazonHelp Done

Amazon reply:
@131073 Please write to us via DM with your concern and we'll be glad to assist you with this right away. ^BV

Historical example 2
Similarity: 0.1918260533044177

Customer:
@AmazonHelp Useless

Amazon reply:
@799341 We want to help you as much as possible, please contact us directly by clicking the following link: https://t.co/JzP7hlA23B.^BZ

Historical example 3
Similarity: 0.1918260533044177

Customer:
@AmazonHelp Useless

Amazon reply:
@337608 We'd like to help, kindly share your details here: https://t.co/GIJyeYqKE0, and we'll reach out to you soon. ^MA

CANDIDATE:
Agent

CANDIDATE RESPONSE:
I'm sorry you're experiencing this issue. Please provide the relevant order details so we can better understand the problem and determine the appropriate next steps.

ESCALATION DECISION MADE BY THE SYSTEM:
False

ESCALATION REASON:
none


Score each response from 1 to 5 on:

1. helpfulness
   1 = does not help the customer
   3 = somewhat useful
   5 = directly useful and addresses the issue

2. intent_fit
   1 = clearly misunderstands the customer's issue
   3 = partially addresses it
   5 = directly addresses the customer's issue

3. grounding
   1 = unsupported or contradicts the historical evidence
   3 = partly consistent with evidence
   5 = clearly grounded in the historical evidence

4. factual_safety
   1 = invents facts, policies, actions, or guarantees
   3 = mostly safe but somewhat assumptive
   5 = makes no unsupported claims

5. escalation_appropriateness
   1 = escalation decision is clearly inappropriate
   3 = debatable
   5 = clearly appropriate

6. professionalism
   1 = poor/unprofessional
   3 = acceptable
   5 = clear, concise, professional support language

Also provide:

overall_pass:
true only if the response is reasonably helpful, safe, relevant,
and appropriate for the situation.

failure_reason:
A short explanation if overall_pass is false.
Use an empty string if the response passes.


Return ONLY valid JSON in exactly this structure:

{
  ""helpfulness"": 1,
  ""intent_fit"": 1,
  ""grounding"": 1,
  ""factual_safety"": 1,
  ""escalation_appropriateness"": 1,
  ""professionalism"": 1,
  ""overall_pass"": false,
  ""failure_reason"": ""short explanation""
}",,,,,,,,,pending,
1445308,Generic,@AmazonHelp I wasn’t able to find the promo again or chose another book,other_general,other_general,0.1790530982460232,yes,True,low_intent_confidence,I'm sorry you're experiencing this issue. Please provide the relevant order details so we can better understand the problem and determine the appropriate next steps.,fallback,"[{""customer_tweet_id"": 65899, ""customer_text"": ""@AmazonHelp Done"", ""amazon_reply"": ""@131073 Please write to us via DM with your concern and we'll be glad to assist you with this right away. ^BV"", ""similarity"": 0.18359240214969147}, {""customer_tweet_id"": 2338675, ""customer_text"": ""@115850 Amazon is cheater. selling things over MRP selling rupees 35 book on price of 218"", ""amazon_reply"": ""@676548 That's strange. Have you reported this to our support team here: https://t.co/vlvfJr4nN9 ?"", ""similarity"": 0.13637636622253965}, {""customer_tweet_id"": 874519, ""customer_text"": ""Hey @115821 - my rubbish bin isn't my 'safe place'. Lucky it wasn't bin day! https://t.co/KRUTyrwCf1"", ""amazon_reply"": ""@327623 Oh no! We'd like to look into this with you. Please click here: https://t.co/JzP7hlA23B so we can further assist. ^NM"", ""similarity"": 0.13582602844135958}]","You are evaluating an AI customer-support response.

Do NOT assume that a response is good merely because it resembles a
historical response.

Evaluate whether the candidate response actually addresses the customer's
message and whether its claims are supported by the supplied historical
evidence.

CUSTOMER MESSAGE:
@AmazonHelp I wasn’t able to find the promo again or chose another book

HISTORICAL EVIDENCE:
Historical example 1
Similarity: 0.18359240214969147

Customer:
@AmazonHelp Done

Amazon reply:
@131073 Please write to us via DM with your concern and we'll be glad to assist you with this right away. ^BV

Historical example 2
Similarity: 0.13637636622253965

Customer:
@115850 Amazon is cheater. selling things over MRP selling rupees 35 book on price of 218

Amazon reply:
@676548 That's strange. Have you reported this to our support team here: https://t.co/vlvfJr4nN9 ?

Historical example 3
Similarity: 0.13582602844135958

Customer:
Hey @115821 - my rubbish bin isn't my 'safe place'. Lucky it wasn't bin day! https://t.co/KRUTyrwCf1

Amazon reply:
@327623 Oh no! We'd like to look into this with you. Please click here: https://t.co/JzP7hlA23B so we can further assist. ^NM

CANDIDATE:
Generic

CANDIDATE RESPONSE:
I'm sorry you're experiencing this issue. Please provide the relevant order details so we can better understand the problem and determine the appropriate next steps.

ESCALATION DECISION MADE BY THE SYSTEM:
True

ESCALATION REASON:
low_intent_confidence


Score each response from 1 to 5 on:

1. helpfulness
   1 = does not help the customer
   3 = somewhat useful
   5 = directly useful and addresses the issue

2. intent_fit
   1 = clearly misunderstands the customer's issue
   3 = partially addresses it
   5 = directly addresses the customer's issue

3. grounding
   1 = unsupported or contradicts the historical evidence
   3 = partly consistent with evidence
   5 = clearly grounded in the historical evidence

4. factual_safety
   1 = invents facts, policies, actions, or guarantees
   3 = mostly safe but somewhat assumptive
   5 = makes no unsupported claims

5. escalation_appropriateness
   1 = escalation decision is clearly inappropriate
   3 = debatable
   5 = clearly appropriate

6. professionalism
   1 = poor/unprofessional
   3 = acceptable
   5 = clear, concise, professional support language

Also provide:

overall_pass:
true only if the response is reasonably helpful, safe, relevant,
and appropriate for the situation.

failure_reason:
A short explanation if overall_pass is false.
Use an empty string if the response passes.


Return ONLY valid JSON in exactly this structure:

{
  ""helpfulness"": 1,
  ""intent_fit"": 1,
  ""grounding"": 1,
  ""factual_safety"": 1,
  ""escalation_appropriateness"": 1,
  ""professionalism"": 1,
  ""overall_pass"": false,
  ""failure_reason"": ""short explanation""
}",,,,,,,,,pending,
1445308,Retrieval,@AmazonHelp I wasn’t able to find the promo again or chose another book,other_general,other_general,0.1790530982460232,yes,True,low_intent_confidence,@131073 Please write to us via DM with your concern and we'll be glad to assist you with this right away. ^BV,fallback,"[{""customer_tweet_id"": 65899, ""customer_text"": ""@AmazonHelp Done"", ""amazon_reply"": ""@131073 Please write to us via DM with your concern and we'll be glad to assist you with this right away. ^BV"", ""similarity"": 0.18359240214969147}, {""customer_tweet_id"": 2338675, ""customer_text"": ""@115850 Amazon is cheater. selling things over MRP selling rupees 35 book on price of 218"", ""amazon_reply"": ""@676548 That's strange. Have you reported this to our support team here: https://t.co/vlvfJr4nN9 ?"", ""similarity"": 0.13637636622253965}, {""customer_tweet_id"": 874519, ""customer_text"": ""Hey @115821 - my rubbish bin isn't my 'safe place'. Lucky it wasn't bin day! https://t.co/KRUTyrwCf1"", ""amazon_reply"": ""@327623 Oh no! We'd like to look into this with you. Please click here: https://t.co/JzP7hlA23B so we can further assist. ^NM"", ""similarity"": 0.13582602844135958}]","You are evaluating an AI customer-support response.

Do NOT assume that a response is good merely because it resembles a
historical response.

Evaluate whether the candidate response actually addresses the customer's
message and whether its claims are supported by the supplied historical
evidence.

CUSTOMER MESSAGE:
@AmazonHelp I wasn’t able to find the promo again or chose another book

HISTORICAL EVIDENCE:
Historical example 1
Similarity: 0.18359240214969147

Customer:
@AmazonHelp Done

Amazon reply:
@131073 Please write to us via DM with your concern and we'll be glad to assist you with this right away. ^BV

Historical example 2
Similarity: 0.13637636622253965

Customer:
@115850 Amazon is cheater. selling things over MRP selling rupees 35 book on price of 218

Amazon reply:
@676548 That's strange. Have you reported this to our support team here: https://t.co/vlvfJr4nN9 ?

Historical example 3
Similarity: 0.13582602844135958

Customer:
Hey @115821 - my rubbish bin isn't my 'safe place'. Lucky it wasn't bin day! https://t.co/KRUTyrwCf1

Amazon reply:
@327623 Oh no! We'd like to look into this with you. Please click here: https://t.co/JzP7hlA23B so we can further assist. ^NM

CANDIDATE:
Retrieval

CANDIDATE RESPONSE:
@131073 Please write to us via DM with your concern and we'll be glad to assist you with this right away. ^BV

ESCALATION DECISION MADE BY THE SYSTEM:
True

ESCALATION REASON:
low_intent_confidence


Score each response from 1 to 5 on:

1. helpfulness
   1 = does not help the customer
   3 = somewhat useful
   5 = directly useful and addresses the issue

2. intent_fit
   1 = clearly misunderstands the customer's issue
   3 = partially addresses it
   5 = directly addresses the customer's issue

3. grounding
   1 = unsupported or contradicts the historical evidence
   3 = partly consistent with evidence
   5 = clearly grounded in the historical evidence

4. factual_safety
   1 = invents facts, policies, actions, or guarantees
   3 = mostly safe but somewhat assumptive
   5 = makes no unsupported claims

5. escalation_appropriateness
   1 = escalation decision is clearly inappropriate
   3 = debatable
   5 = clearly appropriate

6. professionalism
   1 = poor/unprofessional
   3 = acceptable
   5 = clear, concise, professional support language

Also provide:

overall_pass:
true only if the response is reasonably helpful, safe, relevant,
and appropriate for the situation.

failure_reason:
A short explanation if overall_pass is false.
Use an empty string if the response passes.


Return ONLY valid JSON in exactly this structure:

{
  ""helpfulness"": 1,
  ""intent_fit"": 1,
  ""grounding"": 1,
  ""factual_safety"": 1,
  ""escalation_appropriateness"": 1,
  ""professionalism"": 1,
  ""overall_pass"": false,
  ""failure_reason"": ""short explanation""
}",,,,,,,,,pending,
1445308,Agent,@AmazonHelp I wasn’t able to find the promo again or chose another book,other_general,other_general,0.1790530982460232,yes,True,low_intent_confidence,I'm sorry you're experiencing this issue. I've identified that this case should be reviewed by a human support agent. A support agent can review the order details and help with the next steps.,fallback,"[{""customer_tweet_id"": 65899, ""customer_text"": ""@AmazonHelp Done"", ""amazon_reply"": ""@131073 Please write to us via DM with your concern and we'll be glad to assist you with this right away. ^BV"", ""similarity"": 0.18359240214969147}, {""customer_tweet_id"": 2338675, ""customer_text"": ""@115850 Amazon is cheater. selling things over MRP selling rupees 35 book on price of 218"", ""amazon_reply"": ""@676548 That's strange. Have you reported this to our support team here: https://t.co/vlvfJr4nN9 ?"", ""similarity"": 0.13637636622253965}, {""customer_tweet_id"": 874519, ""customer_text"": ""Hey @115821 - my rubbish bin isn't my 'safe place'. Lucky it wasn't bin day! https://t.co/KRUTyrwCf1"", ""amazon_reply"": ""@327623 Oh no! We'd like to look into this with you. Please click here: https://t.co/JzP7hlA23B so we can further assist. ^NM"", ""similarity"": 0.13582602844135958}]","You are evaluating an AI customer-support response.

Do NOT assume that a response is good merely because it resembles a
historical response.

Evaluate whether the candidate response actually addresses the customer's
message and whether its claims are supported by the supplied historical
evidence.

CUSTOMER MESSAGE:
@AmazonHelp I wasn’t able to find the promo again or chose another book

HISTORICAL EVIDENCE:
Historical example 1
Similarity: 0.18359240214969147

Customer:
@AmazonHelp Done

Amazon reply:
@131073 Please write to us via DM with your concern and we'll be glad to assist you with this right away. ^BV

Historical example 2
Similarity: 0.13637636622253965

Customer:
@115850 Amazon is cheater. selling things over MRP selling rupees 35 book on price of 218

Amazon reply:
@676548 That's strange. Have you reported this to our support team here: https://t.co/vlvfJr4nN9 ?

Historical example 3
Similarity: 0.13582602844135958

Customer:
Hey @115821 - my rubbish bin isn't my 'safe place'. Lucky it wasn't bin day! https://t.co/KRUTyrwCf1

Amazon reply:
@327623 Oh no! We'd like to look into this with you. Please click here: https://t.co/JzP7hlA23B so we can further assist. ^NM

CANDIDATE:
Agent

CANDIDATE RESPONSE:
I'm sorry you're experiencing this issue. I've identified that this case should be reviewed by a human support agent. A support agent can review the order details and help with the next steps.

ESCALATION DECISION MADE BY THE SYSTEM:
True

ESCALATION REASON:
low_intent_confidence


Score each response from 1 to 5 on:

1. helpfulness
   1 = does not help the customer
   3 = somewhat useful
   5 = directly useful and addresses the issue

2. intent_fit
   1 = clearly misunderstands the customer's issue
   3 = partially addresses it
   5 = directly addresses the customer's issue

3. grounding
   1 = unsupported or contradicts the historical evidence
   3 = partly consistent with evidence
   5 = clearly grounded in the historical evidence

4. factual_safety
   1 = invents facts, policies, actions, or guarantees
   3 = mostly safe but somewhat assumptive
   5 = makes no unsupported claims

5. escalation_appropriateness
   1 = escalation decision is clearly inappropriate
   3 = debatable
   5 = clearly appropriate

6. professionalism
   1 = poor/unprofessional
   3 = acceptable
   5 = clear, concise, professional support language

Also provide:

overall_pass:
true only if the response is reasonably helpful, safe, relevant,
and appropriate for the situation.

failure_reason:
A short explanation if overall_pass is false.
Use an empty string if the response passes.


Return ONLY valid JSON in exactly this structure:

{
  ""helpfulness"": 1,
  ""intent_fit"": 1,
  ""grounding"": 1,
  ""factual_safety"": 1,
  ""escalation_appropriateness"": 1,
  ""professionalism"": 1,
  ""overall_pass"": false,
  ""failure_reason"": ""short explanation""
}",,,,,,,,,pending,
2149535,Generic,"@AmazonHelp Ok but when placing an order, your site always tells you if the item is eligible for P.O. box delivery or not. My order was processed and went through with no issues",order_status_tracking,delivery_delay,0.2313569240492947,yes,False,none,I'm sorry you're experiencing this issue. Please provide the relevant order details so we can better understand the problem and determine the appropriate next steps.,fallback,"[{""customer_tweet_id"": 1234212, ""customer_text"": ""@115821 Why does \""same day delivery\"" constantly turn into next day delivery after I place the order? Commitment issues?"", ""amazon_reply"": ""@409483 Hi Clark. We'd like to help the best we can. Has the delivery date for your order changed? ^HC"", ""similarity"": 0.1795838122053917}, {""customer_tweet_id"": 1760384, ""customer_text"": ""@AmazonHelp Sure. I ordered a lot of 24 of an item, and I keep being sent 1 of the item."", ""amazon_reply"": ""@529830 Thanks for confirming! Since this requires account access, please contact here: https://t.co/233GuUIPkP for a full review. ^TM"", ""similarity"": 0.1548682408191803}, {""customer_tweet_id"": 1302289, ""customer_text"": ""@AmazonHelp We have community mailboxes, I was given a key for a parcel box, indicating my parcel was delivered, but there was nothing in the box."", ""amazon_reply"": ""@340283 That is interesting! Have you tired contacting us via phone or chat? If so what options where you provided? ^LS"", ""similarity"": 0.13869513082385307}]","You are evaluating an AI customer-support response.

Do NOT assume that a response is good merely because it resembles a
historical response.

Evaluate whether the candidate response actually addresses the customer's
message and whether its claims are supported by the supplied historical
evidence.

CUSTOMER MESSAGE:
@AmazonHelp Ok but when placing an order, your site always tells you if the item is eligible for P.O. box delivery or not. My order was processed and went through with no issues

HISTORICAL EVIDENCE:
Historical example 1
Similarity: 0.1795838122053917

Customer:
@115821 Why does ""same day delivery"" constantly turn into next day delivery after I place the order? Commitment issues?

Amazon reply:
@409483 Hi Clark. We'd like to help the best we can. Has the delivery date for your order changed? ^HC

Historical example 2
Similarity: 0.1548682408191803

Customer:
@AmazonHelp Sure. I ordered a lot of 24 of an item, and I keep being sent 1 of the item.

Amazon reply:
@529830 Thanks for confirming! Since this requires account access, please contact here: https://t.co/233GuUIPkP for a full review. ^TM

Historical example 3
Similarity: 0.13869513082385307

Customer:
@AmazonHelp We have community mailboxes, I was given a key for a parcel box, indicating my parcel was delivered, but there was nothing in the box.

Amazon reply:
@340283 That is interesting! Have you tired contacting us via phone or chat? If so what options where you provided? ^LS

CANDIDATE:
Generic

CANDIDATE RESPONSE:
I'm sorry you're experiencing this issue. Please provide the relevant order details so we can better understand the problem and determine the appropriate next steps.

ESCALATION DECISION MADE BY THE SYSTEM:
False

ESCALATION REASON:
none


Score each response from 1 to 5 on:

1. helpfulness
   1 = does not help the customer
   3 = somewhat useful
   5 = directly useful and addresses the issue

2. intent_fit
   1 = clearly misunderstands the customer's issue
   3 = partially addresses it
   5 = directly addresses the customer's issue

3. grounding
   1 = unsupported or contradicts the historical evidence
   3 = partly consistent with evidence
   5 = clearly grounded in the historical evidence

4. factual_safety
   1 = invents facts, policies, actions, or guarantees
   3 = mostly safe but somewhat assumptive
   5 = makes no unsupported claims

5. escalation_appropriateness
   1 = escalation decision is clearly inappropriate
   3 = debatable
   5 = clearly appropriate

6. professionalism
   1 = poor/unprofessional
   3 = acceptable
   5 = clear, concise, professional support language

Also provide:

overall_pass:
true only if the response is reasonably helpful, safe, relevant,
and appropriate for the situation.

failure_reason:
A short explanation if overall_pass is false.
Use an empty string if the response passes.


Return ONLY valid JSON in exactly this structure:

{
  ""helpfulness"": 1,
  ""intent_fit"": 1,
  ""grounding"": 1,
  ""factual_safety"": 1,
  ""escalation_appropriateness"": 1,
  ""professionalism"": 1,
  ""overall_pass"": false,
  ""failure_reason"": ""short explanation""
}",,,,,,,,,pending,
2149535,Retrieval,"@AmazonHelp Ok but when placing an order, your site always tells you if the item is eligible for P.O. box delivery or not. My order was processed and went through with no issues",order_status_tracking,delivery_delay,0.2313569240492947,yes,False,none,@409483 Hi Clark. We'd like to help the best we can. Has the delivery date for your order changed? ^HC,fallback,"[{""customer_tweet_id"": 1234212, ""customer_text"": ""@115821 Why does \""same day delivery\"" constantly turn into next day delivery after I place the order? Commitment issues?"", ""amazon_reply"": ""@409483 Hi Clark. We'd like to help the best we can. Has the delivery date for your order changed? ^HC"", ""similarity"": 0.1795838122053917}, {""customer_tweet_id"": 1760384, ""customer_text"": ""@AmazonHelp Sure. I ordered a lot of 24 of an item, and I keep being sent 1 of the item."", ""amazon_reply"": ""@529830 Thanks for confirming! Since this requires account access, please contact here: https://t.co/233GuUIPkP for a full review. ^TM"", ""similarity"": 0.1548682408191803}, {""customer_tweet_id"": 1302289, ""customer_text"": ""@AmazonHelp We have community mailboxes, I was given a key for a parcel box, indicating my parcel was delivered, but there was nothing in the box."", ""amazon_reply"": ""@340283 That is interesting! Have you tired contacting us via phone or chat? If so what options where you provided? ^LS"", ""similarity"": 0.13869513082385307}]","You are evaluating an AI customer-support response.

Do NOT assume that a response is good merely because it resembles a
historical response.

Evaluate whether the candidate response actually addresses the customer's
message and whether its claims are supported by the supplied historical
evidence.

CUSTOMER MESSAGE:
@AmazonHelp Ok but when placing an order, your site always tells you if the item is eligible for P.O. box delivery or not. My order was processed and went through with no issues

HISTORICAL EVIDENCE:
Historical example 1
Similarity: 0.1795838122053917

Customer:
@115821 Why does ""same day delivery"" constantly turn into next day delivery after I place the order? Commitment issues?

Amazon reply:
@409483 Hi Clark. We'd like to help the best we can. Has the delivery date for your order changed? ^HC

Historical example 2
Similarity: 0.1548682408191803

Customer:
@AmazonHelp Sure. I ordered a lot of 24 of an item, and I keep being sent 1 of the item.

Amazon reply:
@529830 Thanks for confirming! Since this requires account access, please contact here: https://t.co/233GuUIPkP for a full review. ^TM

Historical example 3
Similarity: 0.13869513082385307

Customer:
@AmazonHelp We have community mailboxes, I was given a key for a parcel box, indicating my parcel was delivered, but there was nothing in the box.

Amazon reply:
@340283 That is interesting! Have you tired contacting us via phone or chat? If so what options where you provided? ^LS

CANDIDATE:
Retrieval

CANDIDATE RESPONSE:
@409483 Hi Clark. We'd like to help the best we can. Has the delivery date for your order changed? ^HC

ESCALATION DECISION MADE BY THE SYSTEM:
False

ESCALATION REASON:
none


Score each response from 1 to 5 on:

1. helpfulness
   1 = does not help the customer
   3 = somewhat useful
   5 = directly useful and addresses the issue

2. intent_fit
   1 = clearly misunderstands the customer's issue
   3 = partially addresses it
   5 = directly addresses the customer's issue

3. grounding
   1 = unsupported or contradicts the historical evidence
   3 = partly consistent with evidence
   5 = clearly grounded in the historical evidence

4. factual_safety
   1 = invents facts, policies, actions, or guarantees
   3 = mostly safe but somewhat assumptive
   5 = makes no unsupported claims

5. escalation_appropriateness
   1 = escalation decision is clearly inappropriate
   3 = debatable
   5 = clearly appropriate

6. professionalism
   1 = poor/unprofessional
   3 = acceptable
   5 = clear, concise, professional support language

Also provide:

overall_pass:
true only if the response is reasonably helpful, safe, relevant,
and appropriate for the situation.

failure_reason:
A short explanation if overall_pass is false.
Use an empty string if the response passes.


Return ONLY valid JSON in exactly this structure:

{
  ""helpfulness"": 1,
  ""intent_fit"": 1,
  ""grounding"": 1,
  ""factual_safety"": 1,
  ""escalation_appropriateness"": 1,
  ""professionalism"": 1,
  ""overall_pass"": false,
  ""failure_reason"": ""short explanation""
}",,,,,,,,,pending,
2149535,Agent,"@AmazonHelp Ok but when placing an order, your site always tells you if the item is eligible for P.O. box delivery or not. My order was processed and went through with no issues",order_status_tracking,delivery_delay,0.2313569240492947,yes,False,none,I'm sorry your package is delayed. Please check the current tracking status of your order for the latest delivery information.,fallback,"[{""customer_tweet_id"": 1234212, ""customer_text"": ""@115821 Why does \""same day delivery\"" constantly turn into next day delivery after I place the order? Commitment issues?"", ""amazon_reply"": ""@409483 Hi Clark. We'd like to help the best we can. Has the delivery date for your order changed? ^HC"", ""similarity"": 0.1795838122053917}, {""customer_tweet_id"": 1760384, ""customer_text"": ""@AmazonHelp Sure. I ordered a lot of 24 of an item, and I keep being sent 1 of the item."", ""amazon_reply"": ""@529830 Thanks for confirming! Since this requires account access, please contact here: https://t.co/233GuUIPkP for a full review. ^TM"", ""similarity"": 0.1548682408191803}, {""customer_tweet_id"": 1302289, ""customer_text"": ""@AmazonHelp We have community mailboxes, I was given a key for a parcel box, indicating my parcel was delivered, but there was nothing in the box."", ""amazon_reply"": ""@340283 That is interesting! Have you tired contacting us via phone or chat? If so what options where you provided? ^LS"", ""similarity"": 0.13869513082385307}]","You are evaluating an AI customer-support response.

Do NOT assume that a response is good merely because it resembles a
historical response.

Evaluate whether the candidate response actually addresses the customer's
message and whether its claims are supported by the supplied historical
evidence.

CUSTOMER MESSAGE:
@AmazonHelp Ok but when placing an order, your site always tells you if the item is eligible for P.O. box delivery or not. My order was processed and went through with no issues

HISTORICAL EVIDENCE:
Historical example 1
Similarity: 0.1795838122053917

Customer:
@115821 Why does ""same day delivery"" constantly turn into next day delivery after I place the order? Commitment issues?

Amazon reply:
@409483 Hi Clark. We'd like to help the best we can. Has the delivery date for your order changed? ^HC

Historical example 2
Similarity: 0.1548682408191803

Customer:
@AmazonHelp Sure. I ordered a lot of 24 of an item, and I keep being sent 1 of the item.

Amazon reply:
@529830 Thanks for confirming! Since this requires account access, please contact here: https://t.co/233GuUIPkP for a full review. ^TM

Historical example 3
Similarity: 0.13869513082385307

Customer:
@AmazonHelp We have community mailboxes, I was given a key for a parcel box, indicating my parcel was delivered, but there was nothing in the box.

Amazon reply:
@340283 That is interesting! Have you tired contacting us via phone or chat? If so what options where you provided? ^LS

CANDIDATE:
Agent

CANDIDATE RESPONSE:
I'm sorry your package is delayed. Please check the current tracking status of your order for the latest delivery information.

ESCALATION DECISION MADE BY THE SYSTEM:
False

ESCALATION REASON:
none


Score each response from 1 to 5 on:

1. helpfulness
   1 = does not help the customer
   3 = somewhat useful
   5 = directly useful and addresses the issue

2. intent_fit
   1 = clearly misunderstands the customer's issue
   3 = partially addresses it
   5 = directly addresses the customer's issue

3. grounding
   1 = unsupported or contradicts the historical evidence
   3 = partly consistent with evidence
   5 = clearly grounded in the historical evidence

4. factual_safety
   1 = invents facts, policies, actions, or guarantees
   3 = mostly safe but somewhat assumptive
   5 = makes no unsupported claims

5. escalation_appropriateness
   1 = escalation decision is clearly inappropriate
   3 = debatable
   5 = clearly appropriate

6. professionalism
   1 = poor/unprofessional
   3 = acceptable
   5 = clear, concise, professional support language

Also provide:

overall_pass:
true only if the response is reasonably helpful, safe, relevant,
and appropriate for the situation.

failure_reason:
A short explanation if overall_pass is false.
Use an empty string if the response passes.


Return ONLY valid JSON in exactly this structure:

{
  ""helpfulness"": 1,
  ""intent_fit"": 1,
  ""grounding"": 1,
  ""factual_safety"": 1,
  ""escalation_appropriateness"": 1,
  ""professionalism"": 1,
  ""overall_pass"": false,
  ""failure_reason"": ""short explanation""
}",,,,,,,,,pending,
215978,Generic,@AmazonHelp  I jus received a msg for refund success of INR.499/-  however it has not reflected in my bank account. Dis should have been done in October itself. Bloody cheap service as usual by @AmazonHelp,refund_issue,refund_issue,0.9,yes,True,delayed_refund,I'm sorry you're experiencing this issue. Please provide the relevant order details so we can better understand the problem and determine the appropriate next steps.,fallback,"[{""customer_tweet_id"": 893324, ""customer_text"": ""@AmazonHelp Via phone I was told to contact my bank. However the bank didn't make the charge so I'm out of $10"", ""amazon_reply"": ""@332123 Just to clarify, what shipping method is shown for your item? Did you start a Prime membership with this order? ^DW"", ""similarity"": 0.22626283532671307}, {""customer_tweet_id"": 65899, ""customer_text"": ""@AmazonHelp Done"", ""amazon_reply"": ""@131073 Please write to us via DM with your concern and we'll be glad to assist you with this right away. ^BV"", ""similarity"": 0.22162892570705972}, {""customer_tweet_id"": 45525, ""customer_text"": ""@AmazonHelp Yep. Original estimate 27 October. New estimate 31 October. It's been 'in transit' since Friday...."", ""amazon_reply"": ""@126077 We'd like to take a closer look at the delivery with you. When you have a moment, contact us here: https://t.co/JzP7hlA23B ^RA"", ""similarity"": 0.144898405033062}]","You are evaluating an AI customer-support response.

Do NOT assume that a response is good merely because it resembles a
historical response.

Evaluate whether the candidate response actually addresses the customer's
message and whether its claims are supported by the supplied historical
evidence.

CUSTOMER MESSAGE:
@AmazonHelp  I jus received a msg for refund success of INR.499/-  however it has not reflected in my bank account. Dis should have been done in October itself. Bloody cheap service as usual by @AmazonHelp

HISTORICAL EVIDENCE:
Historical example 1
Similarity: 0.22626283532671307

Customer:
@AmazonHelp Via phone I was told to contact my bank. However the bank didn't make the charge so I'm out of $10

Amazon reply:
@332123 Just to clarify, what shipping method is shown for your item? Did you start a Prime membership with this order? ^DW

Historical example 2
Similarity: 0.22162892570705972

Customer:
@AmazonHelp Done

Amazon reply:
@131073 Please write to us via DM with your concern and we'll be glad to assist you with this right away. ^BV

Historical example 3
Similarity: 0.144898405033062

Customer:
@AmazonHelp Yep. Original estimate 27 October. New estimate 31 October. It's been 'in transit' since Friday....

Amazon reply:
@126077 We'd like to take a closer look at the delivery with you. When you have a moment, contact us here: https://t.co/JzP7hlA23B ^RA

CANDIDATE:
Generic

CANDIDATE RESPONSE:
I'm sorry you're experiencing this issue. Please provide the relevant order details so we can better understand the problem and determine the appropriate next steps.

ESCALATION DECISION MADE BY THE SYSTEM:
True

ESCALATION REASON:
delayed_refund


Score each response from 1 to 5 on:

1. helpfulness
   1 = does not help the customer
   3 = somewhat useful
   5 = directly useful and addresses the issue

2. intent_fit
   1 = clearly misunderstands the customer's issue
   3 = partially addresses it
   5 = directly addresses the customer's issue

3. grounding
   1 = unsupported or contradicts the historical evidence
   3 = partly consistent with evidence
   5 = clearly grounded in the historical evidence

4. factual_safety
   1 = invents facts, policies, actions, or guarantees
   3 = mostly safe but somewhat assumptive
   5 = makes no unsupported claims

5. escalation_appropriateness
   1 = escalation decision is clearly inappropriate
   3 = debatable
   5 = clearly appropriate

6. professionalism
   1 = poor/unprofessional
   3 = acceptable
   5 = clear, concise, professional support language

Also provide:

overall_pass:
true only if the response is reasonably helpful, safe, relevant,
and appropriate for the situation.

failure_reason:
A short explanation if overall_pass is false.
Use an empty string if the response passes.


Return ONLY valid JSON in exactly this structure:

{
  ""helpfulness"": 1,
  ""intent_fit"": 1,
  ""grounding"": 1,
  ""factual_safety"": 1,
  ""escalation_appropriateness"": 1,
  ""professionalism"": 1,
  ""overall_pass"": false,
  ""failure_reason"": ""short explanation""
}",,,,,,,,,pending,
215978,Retrieval,@AmazonHelp  I jus received a msg for refund success of INR.499/-  however it has not reflected in my bank account. Dis should have been done in October itself. Bloody cheap service as usual by @AmazonHelp,refund_issue,refund_issue,0.9,yes,True,delayed_refund,"@332123 Just to clarify, what shipping method is shown for your item? Did you start a Prime membership with this order? ^DW",fallback,"[{""customer_tweet_id"": 893324, ""customer_text"": ""@AmazonHelp Via phone I was told to contact my bank. However the bank didn't make the charge so I'm out of $10"", ""amazon_reply"": ""@332123 Just to clarify, what shipping method is shown for your item? Did you start a Prime membership with this order? ^DW"", ""similarity"": 0.22626283532671307}, {""customer_tweet_id"": 65899, ""customer_text"": ""@AmazonHelp Done"", ""amazon_reply"": ""@131073 Please write to us via DM with your concern and we'll be glad to assist you with this right away. ^BV"", ""similarity"": 0.22162892570705972}, {""customer_tweet_id"": 45525, ""customer_text"": ""@AmazonHelp Yep. Original estimate 27 October. New estimate 31 October. It's been 'in transit' since Friday...."", ""amazon_reply"": ""@126077 We'd like to take a closer look at the delivery with you. When you have a moment, contact us here: https://t.co/JzP7hlA23B ^RA"", ""similarity"": 0.144898405033062}]","You are evaluating an AI customer-support response.

Do NOT assume that a response is good merely because it resembles a
historical response.

Evaluate whether the candidate response actually addresses the customer's
message and whether its claims are supported by the supplied historical
evidence.

CUSTOMER MESSAGE:
@AmazonHelp  I jus received a msg for refund success of INR.499/-  however it has not reflected in my bank account. Dis should have been done in October itself. Bloody cheap service as usual by @AmazonHelp

HISTORICAL EVIDENCE:
Historical example 1
Similarity: 0.22626283532671307

Customer:
@AmazonHelp Via phone I was told to contact my bank. However the bank didn't make the charge so I'm out of $10

Amazon reply:
@332123 Just to clarify, what shipping method is shown for your item? Did you start a Prime membership with this order? ^DW

Historical example 2
Similarity: 0.22162892570705972

Customer:
@AmazonHelp Done

Amazon reply:
@131073 Please write to us via DM with your concern and we'll be glad to assist you with this right away. ^BV

Historical example 3
Similarity: 0.144898405033062

Customer:
@AmazonHelp Yep. Original estimate 27 October. New estimate 31 October. It's been 'in transit' since Friday....

Amazon reply:
@126077 We'd like to take a closer look at the delivery with you. When you have a moment, contact us here: https://t.co/JzP7hlA23B ^RA

CANDIDATE:
Retrieval

CANDIDATE RESPONSE:
@332123 Just to clarify, what shipping method is shown for your item? Did you start a Prime membership with this order? ^DW

ESCALATION DECISION MADE BY THE SYSTEM:
True

ESCALATION REASON:
delayed_refund


Score each response from 1 to 5 on:

1. helpfulness
   1 = does not help the customer
   3 = somewhat useful
   5 = directly useful and addresses the issue

2. intent_fit
   1 = clearly misunderstands the customer's issue
   3 = partially addresses it
   5 = directly addresses the customer's issue

3. grounding
   1 = unsupported or contradicts the historical evidence
   3 = partly consistent with evidence
   5 = clearly grounded in the historical evidence

4. factual_safety
   1 = invents facts, policies, actions, or guarantees
   3 = mostly safe but somewhat assumptive
   5 = makes no unsupported claims

5. escalation_appropriateness
   1 = escalation decision is clearly inappropriate
   3 = debatable
   5 = clearly appropriate

6. professionalism
   1 = poor/unprofessional
   3 = acceptable
   5 = clear, concise, professional support language

Also provide:

overall_pass:
true only if the response is reasonably helpful, safe, relevant,
and appropriate for the situation.

failure_reason:
A short explanation if overall_pass is false.
Use an empty string if the response passes.


Return ONLY valid JSON in exactly this structure:

{
  ""helpfulness"": 1,
  ""intent_fit"": 1,
  ""grounding"": 1,
  ""factual_safety"": 1,
  ""escalation_appropriateness"": 1,
  ""professionalism"": 1,
  ""overall_pass"": false,
  ""failure_reason"": ""short explanation""
}",,,,,,,,,pending,
215978,Agent,@AmazonHelp  I jus received a msg for refund success of INR.499/-  however it has not reflected in my bank account. Dis should have been done in October itself. Bloody cheap service as usual by @AmazonHelp,refund_issue,refund_issue,0.9,yes,True,delayed_refund,I'm sorry you're experiencing this issue. I've identified that this case should be reviewed by a human support agent. A support agent can review the order details and help with the next steps.,fallback,"[{""customer_tweet_id"": 893324, ""customer_text"": ""@AmazonHelp Via phone I was told to contact my bank. However the bank didn't make the charge so I'm out of $10"", ""amazon_reply"": ""@332123 Just to clarify, what shipping method is shown for your item? Did you start a Prime membership with this order? ^DW"", ""similarity"": 0.22626283532671307}, {""customer_tweet_id"": 65899, ""customer_text"": ""@AmazonHelp Done"", ""amazon_reply"": ""@131073 Please write to us via DM with your concern and we'll be glad to assist you with this right away. ^BV"", ""similarity"": 0.22162892570705972}, {""customer_tweet_id"": 45525, ""customer_text"": ""@AmazonHelp Yep. Original estimate 27 October. New estimate 31 October. It's been 'in transit' since Friday...."", ""amazon_reply"": ""@126077 We'd like to take a closer look at the delivery with you. When you have a moment, contact us here: https://t.co/JzP7hlA23B ^RA"", ""similarity"": 0.144898405033062}]","You are evaluating an AI customer-support response.

Do NOT assume that a response is good merely because it resembles a
historical response.

Evaluate whether the candidate response actually addresses the customer's
message and whether its claims are supported by the supplied historical
evidence.

CUSTOMER MESSAGE:
@AmazonHelp  I jus received a msg for refund success of INR.499/-  however it has not reflected in my bank account. Dis should have been done in October itself. Bloody cheap service as usual by @AmazonHelp

HISTORICAL EVIDENCE:
Historical example 1
Similarity: 0.22626283532671307

Customer:
@AmazonHelp Via phone I was told to contact my bank. However the bank didn't make the charge so I'm out of $10

Amazon reply:
@332123 Just to clarify, what shipping method is shown for your item? Did you start a Prime membership with this order? ^DW

Historical example 2
Similarity: 0.22162892570705972

Customer:
@AmazonHelp Done

Amazon reply:
@131073 Please write to us via DM with your concern and we'll be glad to assist you with this right away. ^BV

Historical example 3
Similarity: 0.144898405033062

Customer:
@AmazonHelp Yep. Original estimate 27 October. New estimate 31 October. It's been 'in transit' since Friday....

Amazon reply:
@126077 We'd like to take a closer look at the delivery with you. When you have a moment, contact us here: https://t.co/JzP7hlA23B ^RA

CANDIDATE:
Agent

CANDIDATE RESPONSE:
I'm sorry you're experiencing this issue. I've identified that this case should be reviewed by a human support agent. A support agent can review the order details and help with the next steps.

ESCALATION DECISION MADE BY THE SYSTEM:
True

ESCALATION REASON:
delayed_refund


Score each response from 1 to 5 on:

1. helpfulness
   1 = does not help the customer
   3 = somewhat useful
   5 = directly useful and addresses the issue

2. intent_fit
   1 = clearly misunderstands the customer's issue
   3 = partially addresses it
   5 = directly addresses the customer's issue

3. grounding
   1 = unsupported or contradicts the historical evidence
   3 = partly consistent with evidence
   5 = clearly grounded in the historical evidence

4. factual_safety
   1 = invents facts, policies, actions, or guarantees
   3 = mostly safe but somewhat assumptive
   5 = makes no unsupported claims

5. escalation_appropriateness
   1 = escalation decision is clearly inappropriate
   3 = debatable
   5 = clearly appropriate

6. professionalism
   1 = poor/unprofessional
   3 = acceptable
   5 = clear, concise, professional support language

Also provide:

overall_pass:
true only if the response is reasonably helpful, safe, relevant,
and appropriate for the situation.

failure_reason:
A short explanation if overall_pass is false.
Use an empty string if the response passes.


Return ONLY valid JSON in exactly this structure:

{
  ""helpfulness"": 1,
  ""intent_fit"": 1,
  ""grounding"": 1,
  ""factual_safety"": 1,
  ""escalation_appropriateness"": 1,
  ""professionalism"": 1,
  ""overall_pass"": false,
  ""failure_reason"": ""short explanation""
}",,,,,,,,,pending,
1763842,Generic,@115830 Prime fail .... might be with you by Friday .... not really next working day is it? Don't promise if you can't deliver!  #fail #primefail #prime #AmazonPrime https://t.co/j0Z0mjpFb3,delivery_delay,delivery_delay,0.2142987188415142,yes,False,none,I'm sorry you're experiencing this issue. Please provide the relevant order details so we can better understand the problem and determine the appropriate next steps.,fallback,"[{""customer_tweet_id"": 550499, ""customer_text"": ""@115830 not looking good as a prime customer next day delivery still no sign so why do i pay for this service ?"", ""amazon_reply"": ""@248244 I am sorry for your disappointment with this order! It is never our intention! Have we missed a delivery date quoted in your confirmation email? You can check here:  https://t.co/aaDyEz1VgE Let us know Karl, we are here to help! ^DJ"", ""similarity"": 0.1653330945663028}, {""customer_tweet_id"": 2722631, ""customer_text"": ""@AmazonHelp @115830 @116324  useless. Your next day delivery doesn't work. You Cancelled my order so I booked for next day and you still didn't deliver or let me know it wasn't turning up. Wasted my weekend waiting and could of gone and got my shit myself. Cancelled prime"", ""amazon_reply"": ""@152965 Hi Nathan, I'm sorry to hear this. Were you advised why your order was cancelled? What was the estimated delivery date when you received your order confirmation? ^JC"", ""similarity"": 0.1589483227046392}, {""customer_tweet_id"": 1987006, ""customer_text"": ""So fucking annoyed when @115821 offers a 1 day delivery, gives themselves up until 9pm to deliver, but still fails. Tip- don’t offer something you can’t guarantee."", ""amazon_reply"": ""@588167 Apologies, this is not the service we expect. Get in touch - https://t.co/hApLpMlfHN we'd like to discuss available options^TP"", ""similarity"": 0.14708837566790206}]","You are evaluating an AI customer-support response.

Do NOT assume that a response is good merely because it resembles a
historical response.

Evaluate whether the candidate response actually addresses the customer's
message and whether its claims are supported by the supplied historical
evidence.

CUSTOMER MESSAGE:
@115830 Prime fail .... might be with you by Friday .... not really next working day is it? Don't promise if you can't deliver!  #fail #primefail #prime #AmazonPrime https://t.co/j0Z0mjpFb3

HISTORICAL EVIDENCE:
Historical example 1
Similarity: 0.1653330945663028

Customer:
@115830 not looking good as a prime customer next day delivery still no sign so why do i pay for this service ?

Amazon reply:
@248244 I am sorry for your disappointment with this order! It is never our intention! Have we missed a delivery date quoted in your confirmation email? You can check here:  https://t.co/aaDyEz1VgE Let us know Karl, we are here to help! ^DJ

Historical example 2
Similarity: 0.1589483227046392

Customer:
@AmazonHelp @115830 @116324  useless. Your next day delivery doesn't work. You Cancelled my order so I booked for next day and you still didn't deliver or let me know it wasn't turning up. Wasted my weekend waiting and could of gone and got my shit myself. Cancelled prime

Amazon reply:
@152965 Hi Nathan, I'm sorry to hear this. Were you advised why your order was cancelled? What was the estimated delivery date when you received your order confirmation? ^JC

Historical example 3
Similarity: 0.14708837566790206

Customer:
So fucking annoyed when @115821 offers a 1 day delivery, gives themselves up until 9pm to deliver, but still fails. Tip- don’t offer something you can’t guarantee.

Amazon reply:
@588167 Apologies, this is not the service we expect. Get in touch - https://t.co/hApLpMlfHN we'd like to discuss available options^TP

CANDIDATE:
Generic

CANDIDATE RESPONSE:
I'm sorry you're experiencing this issue. Please provide the relevant order details so we can better understand the problem and determine the appropriate next steps.

ESCALATION DECISION MADE BY THE SYSTEM:
False

ESCALATION REASON:
none


Score each response from 1 to 5 on:

1. helpfulness
   1 = does not help the customer
   3 = somewhat useful
   5 = directly useful and addresses the issue

2. intent_fit
   1 = clearly misunderstands the customer's issue
   3 = partially addresses it
   5 = directly addresses the customer's issue

3. grounding
   1 = unsupported or contradicts the historical evidence
   3 = partly consistent with evidence
   5 = clearly grounded in the historical evidence

4. factual_safety
   1 = invents facts, policies, actions, or guarantees
   3 = mostly safe but somewhat assumptive
   5 = makes no unsupported claims

5. escalation_appropriateness
   1 = escalation decision is clearly inappropriate
   3 = debatable
   5 = clearly appropriate

6. professionalism
   1 = poor/unprofessional
   3 = acceptable
   5 = clear, concise, professional support language

Also provide:

overall_pass:
true only if the response is reasonably helpful, safe, relevant,
and appropriate for the situation.

failure_reason:
A short explanation if overall_pass is false.
Use an empty string if the response passes.


Return ONLY valid JSON in exactly this structure:

{
  ""helpfulness"": 1,
  ""intent_fit"": 1,
  ""grounding"": 1,
  ""factual_safety"": 1,
  ""escalation_appropriateness"": 1,
  ""professionalism"": 1,
  ""overall_pass"": false,
  ""failure_reason"": ""short explanation""
}",,,,,,,,,pending,
1763842,Retrieval,@115830 Prime fail .... might be with you by Friday .... not really next working day is it? Don't promise if you can't deliver!  #fail #primefail #prime #AmazonPrime https://t.co/j0Z0mjpFb3,delivery_delay,delivery_delay,0.2142987188415142,yes,False,none,"@248244 I am sorry for your disappointment with this order! It is never our intention! Have we missed a delivery date quoted in your confirmation email? You can check here:  https://t.co/aaDyEz1VgE Let us know Karl, we are here to help! ^DJ",fallback,"[{""customer_tweet_id"": 550499, ""customer_text"": ""@115830 not looking good as a prime customer next day delivery still no sign so why do i pay for this service ?"", ""amazon_reply"": ""@248244 I am sorry for your disappointment with this order! It is never our intention! Have we missed a delivery date quoted in your confirmation email? You can check here:  https://t.co/aaDyEz1VgE Let us know Karl, we are here to help! ^DJ"", ""similarity"": 0.1653330945663028}, {""customer_tweet_id"": 2722631, ""customer_text"": ""@AmazonHelp @115830 @116324  useless. Your next day delivery doesn't work. You Cancelled my order so I booked for next day and you still didn't deliver or let me know it wasn't turning up. Wasted my weekend waiting and could of gone and got my shit myself. Cancelled prime"", ""amazon_reply"": ""@152965 Hi Nathan, I'm sorry to hear this. Were you advised why your order was cancelled? What was the estimated delivery date when you received your order confirmation? ^JC"", ""similarity"": 0.1589483227046392}, {""customer_tweet_id"": 1987006, ""customer_text"": ""So fucking annoyed when @115821 offers a 1 day delivery, gives themselves up until 9pm to deliver, but still fails. Tip- don’t offer something you can’t guarantee."", ""amazon_reply"": ""@588167 Apologies, this is not the service we expect. Get in touch - https://t.co/hApLpMlfHN we'd like to discuss available options^TP"", ""similarity"": 0.14708837566790206}]","You are evaluating an AI customer-support response.

Do NOT assume that a response is good merely because it resembles a
historical response.

Evaluate whether the candidate response actually addresses the customer's
message and whether its claims are supported by the supplied historical
evidence.

CUSTOMER MESSAGE:
@115830 Prime fail .... might be with you by Friday .... not really next working day is it? Don't promise if you can't deliver!  #fail #primefail #prime #AmazonPrime https://t.co/j0Z0mjpFb3

HISTORICAL EVIDENCE:
Historical example 1
Similarity: 0.1653330945663028

Customer:
@115830 not looking good as a prime customer next day delivery still no sign so why do i pay for this service ?

Amazon reply:
@248244 I am sorry for your disappointment with this order! It is never our intention! Have we missed a delivery date quoted in your confirmation email? You can check here:  https://t.co/aaDyEz1VgE Let us know Karl, we are here to help! ^DJ

Historical example 2
Similarity: 0.1589483227046392

Customer:
@AmazonHelp @115830 @116324  useless. Your next day delivery doesn't work. You Cancelled my order so I booked for next day and you still didn't deliver or let me know it wasn't turning up. Wasted my weekend waiting and could of gone and got my shit myself. Cancelled prime

Amazon reply:
@152965 Hi Nathan, I'm sorry to hear this. Were you advised why your order was cancelled? What was the estimated delivery date when you received your order confirmation? ^JC

Historical example 3
Similarity: 0.14708837566790206

Customer:
So fucking annoyed when @115821 offers a 1 day delivery, gives themselves up until 9pm to deliver, but still fails. Tip- don’t offer something you can’t guarantee.

Amazon reply:
@588167 Apologies, this is not the service we expect. Get in touch - https://t.co/hApLpMlfHN we'd like to discuss available options^TP

CANDIDATE:
Retrieval

CANDIDATE RESPONSE:
@248244 I am sorry for your disappointment with this order! It is never our intention! Have we missed a delivery date quoted in your confirmation email? You can check here:  https://t.co/aaDyEz1VgE Let us know Karl, we are here to help! ^DJ

ESCALATION DECISION MADE BY THE SYSTEM:
False

ESCALATION REASON:
none


Score each response from 1 to 5 on:

1. helpfulness
   1 = does not help the customer
   3 = somewhat useful
   5 = directly useful and addresses the issue

2. intent_fit
   1 = clearly misunderstands the customer's issue
   3 = partially addresses it
   5 = directly addresses the customer's issue

3. grounding
   1 = unsupported or contradicts the historical evidence
   3 = partly consistent with evidence
   5 = clearly grounded in the historical evidence

4. factual_safety
   1 = invents facts, policies, actions, or guarantees
   3 = mostly safe but somewhat assumptive
   5 = makes no unsupported claims

5. escalation_appropriateness
   1 = escalation decision is clearly inappropriate
   3 = debatable
   5 = clearly appropriate

6. professionalism
   1 = poor/unprofessional
   3 = acceptable
   5 = clear, concise, professional support language

Also provide:

overall_pass:
true only if the response is reasonably helpful, safe, relevant,
and appropriate for the situation.

failure_reason:
A short explanation if overall_pass is false.
Use an empty string if the response passes.


Return ONLY valid JSON in exactly this structure:

{
  ""helpfulness"": 1,
  ""intent_fit"": 1,
  ""grounding"": 1,
  ""factual_safety"": 1,
  ""escalation_appropriateness"": 1,
  ""professionalism"": 1,
  ""overall_pass"": false,
  ""failure_reason"": ""short explanation""
}",,,,,,,,,pending,
1763842,Agent,@115830 Prime fail .... might be with you by Friday .... not really next working day is it? Don't promise if you can't deliver!  #fail #primefail #prime #AmazonPrime https://t.co/j0Z0mjpFb3,delivery_delay,delivery_delay,0.2142987188415142,yes,False,none,I'm sorry your package is delayed. Please check the current tracking status of your order for the latest delivery information.,fallback,"[{""customer_tweet_id"": 550499, ""customer_text"": ""@115830 not looking good as a prime customer next day delivery still no sign so why do i pay for this service ?"", ""amazon_reply"": ""@248244 I am sorry for your disappointment with this order! It is never our intention! Have we missed a delivery date quoted in your confirmation email? You can check here:  https://t.co/aaDyEz1VgE Let us know Karl, we are here to help! ^DJ"", ""similarity"": 0.1653330945663028}, {""customer_tweet_id"": 2722631, ""customer_text"": ""@AmazonHelp @115830 @116324  useless. Your next day delivery doesn't work. You Cancelled my order so I booked for next day and you still didn't deliver or let me know it wasn't turning up. Wasted my weekend waiting and could of gone and got my shit myself. Cancelled prime"", ""amazon_reply"": ""@152965 Hi Nathan, I'm sorry to hear this. Were you advised why your order was cancelled? What was the estimated delivery date when you received your order confirmation? ^JC"", ""similarity"": 0.1589483227046392}, {""customer_tweet_id"": 1987006, ""customer_text"": ""So fucking annoyed when @115821 offers a 1 day delivery, gives themselves up until 9pm to deliver, but still fails. Tip- don’t offer something you can’t guarantee."", ""amazon_reply"": ""@588167 Apologies, this is not the service we expect. Get in touch - https://t.co/hApLpMlfHN we'd like to discuss available options^TP"", ""similarity"": 0.14708837566790206}]","You are evaluating an AI customer-support response.

Do NOT assume that a response is good merely because it resembles a
historical response.

Evaluate whether the candidate response actually addresses the customer's
message and whether its claims are supported by the supplied historical
evidence.

CUSTOMER MESSAGE:
@115830 Prime fail .... might be with you by Friday .... not really next working day is it? Don't promise if you can't deliver!  #fail #primefail #prime #AmazonPrime https://t.co/j0Z0mjpFb3

HISTORICAL EVIDENCE:
Historical example 1
Similarity: 0.1653330945663028

Customer:
@115830 not looking good as a prime customer next day delivery still no sign so why do i pay for this service ?

Amazon reply:
@248244 I am sorry for your disappointment with this order! It is never our intention! Have we missed a delivery date quoted in your confirmation email? You can check here:  https://t.co/aaDyEz1VgE Let us know Karl, we are here to help! ^DJ

Historical example 2
Similarity: 0.1589483227046392

Customer:
@AmazonHelp @115830 @116324  useless. Your next day delivery doesn't work. You Cancelled my order so I booked for next day and you still didn't deliver or let me know it wasn't turning up. Wasted my weekend waiting and could of gone and got my shit myself. Cancelled prime

Amazon reply:
@152965 Hi Nathan, I'm sorry to hear this. Were you advised why your order was cancelled? What was the estimated delivery date when you received your order confirmation? ^JC

Historical example 3
Similarity: 0.14708837566790206

Customer:
So fucking annoyed when @115821 offers a 1 day delivery, gives themselves up until 9pm to deliver, but still fails. Tip- don’t offer something you can’t guarantee.

Amazon reply:
@588167 Apologies, this is not the service we expect. Get in touch - https://t.co/hApLpMlfHN we'd like to discuss available options^TP

CANDIDATE:
Agent

CANDIDATE RESPONSE:
I'm sorry your package is delayed. Please check the current tracking status of your order for the latest delivery information.

ESCALATION DECISION MADE BY THE SYSTEM:
False

ESCALATION REASON:
none


Score each response from 1 to 5 on:

1. helpfulness
   1 = does not help the customer
   3 = somewhat useful
   5 = directly useful and addresses the issue

2. intent_fit
   1 = clearly misunderstands the customer's issue
   3 = partially addresses it
   5 = directly addresses the customer's issue

3. grounding
   1 = unsupported or contradicts the historical evidence
   3 = partly consistent with evidence
   5 = clearly grounded in the historical evidence

4. factual_safety
   1 = invents facts, policies, actions, or guarantees
   3 = mostly safe but somewhat assumptive
   5 = makes no unsupported claims

5. escalation_appropriateness
   1 = escalation decision is clearly inappropriate
   3 = debatable
   5 = clearly appropriate

6. professionalism
   1 = poor/unprofessional
   3 = acceptable
   5 = clear, concise, professional support language

Also provide:

overall_pass:
true only if the response is reasonably helpful, safe, relevant,
and appropriate for the situation.

failure_reason:
A short explanation if overall_pass is false.
Use an empty string if the response passes.


Return ONLY valid JSON in exactly this structure:

{
  ""helpfulness"": 1,
  ""intent_fit"": 1,
  ""grounding"": 1,
  ""factual_safety"": 1,
  ""escalation_appropriateness"": 1,
  ""professionalism"": 1,
  ""overall_pass"": false,
  ""failure_reason"": ""short explanation""
}",,,,,,,,,pending,
580655,Generic,@AmazonHelp Nothing at all it just said address is undeliverable. I really need it too which is what is more annoying than anything. I've been waiting over a week already for it. Decided to buy from you instead of local which I'm regretting now.,delivery_delay,delivery_delay,0.1791331207311441,yes,True,low_intent_confidence,I'm sorry you're experiencing this issue. Please provide the relevant order details so we can better understand the problem and determine the appropriate next steps.,fallback,"[{""customer_tweet_id"": 107266, ""customer_text"": ""@AmazonHelp just received an email staying I have to send in Information of my address an so on  can you explain why this is? I've purchased from you  before with no hassle and now this?"", ""amazon_reply"": ""@139823 We don't have access to accounts over Twitter. However, you can reply to the e-mail you received with any questions. ^AJ"", ""similarity"": 0.18077928355706047}, {""customer_tweet_id"": 1755084, ""customer_text"": ""@AmazonHelp Just 3 days after this month will end 🤔"", ""amazon_reply"": ""@528569 I understand your love for music :) It will be expanded to other devices and platforms in the future. Please stay tuned! ^BS"", ""similarity"": 0.14563128018016952}, {""customer_tweet_id"": 553360, ""customer_text"": ""@AmazonHelp I was originally suppose to get it Thursday November 30th then it said yesterday then it said today and I still haven't gotten it https://t.co/uIe1uNy3T1"", ""amazon_reply"": ""@249052 We'd like to look into available options. Please reach out to us here: https://t.co/hApLpMlfHN ^RR"", ""similarity"": 0.13445215674730082}]","You are evaluating an AI customer-support response.

Do NOT assume that a response is good merely because it resembles a
historical response.

Evaluate whether the candidate response actually addresses the customer's
message and whether its claims are supported by the supplied historical
evidence.

CUSTOMER MESSAGE:
@AmazonHelp Nothing at all it just said address is undeliverable. I really need it too which is what is more annoying than anything. I've been waiting over a week already for it. Decided to buy from you instead of local which I'm regretting now.

HISTORICAL EVIDENCE:
Historical example 1
Similarity: 0.18077928355706047

Customer:
@AmazonHelp just received an email staying I have to send in Information of my address an so on  can you explain why this is? I've purchased from you  before with no hassle and now this?

Amazon reply:
@139823 We don't have access to accounts over Twitter. However, you can reply to the e-mail you received with any questions. ^AJ

Historical example 2
Similarity: 0.14563128018016952

Customer:
@AmazonHelp Just 3 days after this month will end 🤔

Amazon reply:
@528569 I understand your love for music :) It will be expanded to other devices and platforms in the future. Please stay tuned! ^BS

Historical example 3
Similarity: 0.13445215674730082

Customer:
@AmazonHelp I was originally suppose to get it Thursday November 30th then it said yesterday then it said today and I still haven't gotten it https://t.co/uIe1uNy3T1

Amazon reply:
@249052 We'd like to look into available options. Please reach out to us here: https://t.co/hApLpMlfHN ^RR

CANDIDATE:
Generic

CANDIDATE RESPONSE:
I'm sorry you're experiencing this issue. Please provide the relevant order details so we can better understand the problem and determine the appropriate next steps.

ESCALATION DECISION MADE BY THE SYSTEM:
True

ESCALATION REASON:
low_intent_confidence


Score each response from 1 to 5 on:

1. helpfulness
   1 = does not help the customer
   3 = somewhat useful
   5 = directly useful and addresses the issue

2. intent_fit
   1 = clearly misunderstands the customer's issue
   3 = partially addresses it
   5 = directly addresses the customer's issue

3. grounding
   1 = unsupported or contradicts the historical evidence
   3 = partly consistent with evidence
   5 = clearly grounded in the historical evidence

4. factual_safety
   1 = invents facts, policies, actions, or guarantees
   3 = mostly safe but somewhat assumptive
   5 = makes no unsupported claims

5. escalation_appropriateness
   1 = escalation decision is clearly inappropriate
   3 = debatable
   5 = clearly appropriate

6. professionalism
   1 = poor/unprofessional
   3 = acceptable
   5 = clear, concise, professional support language

Also provide:

overall_pass:
true only if the response is reasonably helpful, safe, relevant,
and appropriate for the situation.

failure_reason:
A short explanation if overall_pass is false.
Use an empty string if the response passes.


Return ONLY valid JSON in exactly this structure:

{
  ""helpfulness"": 1,
  ""intent_fit"": 1,
  ""grounding"": 1,
  ""factual_safety"": 1,
  ""escalation_appropriateness"": 1,
  ""professionalism"": 1,
  ""overall_pass"": false,
  ""failure_reason"": ""short explanation""
}",,,,,,,,,pending,
580655,Retrieval,@AmazonHelp Nothing at all it just said address is undeliverable. I really need it too which is what is more annoying than anything. I've been waiting over a week already for it. Decided to buy from you instead of local which I'm regretting now.,delivery_delay,delivery_delay,0.1791331207311441,yes,True,low_intent_confidence,"@139823 We don't have access to accounts over Twitter. However, you can reply to the e-mail you received with any questions. ^AJ",fallback,"[{""customer_tweet_id"": 107266, ""customer_text"": ""@AmazonHelp just received an email staying I have to send in Information of my address an so on  can you explain why this is? I've purchased from you  before with no hassle and now this?"", ""amazon_reply"": ""@139823 We don't have access to accounts over Twitter. However, you can reply to the e-mail you received with any questions. ^AJ"", ""similarity"": 0.18077928355706047}, {""customer_tweet_id"": 1755084, ""customer_text"": ""@AmazonHelp Just 3 days after this month will end 🤔"", ""amazon_reply"": ""@528569 I understand your love for music :) It will be expanded to other devices and platforms in the future. Please stay tuned! ^BS"", ""similarity"": 0.14563128018016952}, {""customer_tweet_id"": 553360, ""customer_text"": ""@AmazonHelp I was originally suppose to get it Thursday November 30th then it said yesterday then it said today and I still haven't gotten it https://t.co/uIe1uNy3T1"", ""amazon_reply"": ""@249052 We'd like to look into available options. Please reach out to us here: https://t.co/hApLpMlfHN ^RR"", ""similarity"": 0.13445215674730082}]","You are evaluating an AI customer-support response.

Do NOT assume that a response is good merely because it resembles a
historical response.

Evaluate whether the candidate response actually addresses the customer's
message and whether its claims are supported by the supplied historical
evidence.

CUSTOMER MESSAGE:
@AmazonHelp Nothing at all it just said address is undeliverable. I really need it too which is what is more annoying than anything. I've been waiting over a week already for it. Decided to buy from you instead of local which I'm regretting now.

HISTORICAL EVIDENCE:
Historical example 1
Similarity: 0.18077928355706047

Customer:
@AmazonHelp just received an email staying I have to send in Information of my address an so on  can you explain why this is? I've purchased from you  before with no hassle and now this?

Amazon reply:
@139823 We don't have access to accounts over Twitter. However, you can reply to the e-mail you received with any questions. ^AJ

Historical example 2
Similarity: 0.14563128018016952

Customer:
@AmazonHelp Just 3 days after this month will end 🤔

Amazon reply:
@528569 I understand your love for music :) It will be expanded to other devices and platforms in the future. Please stay tuned! ^BS

Historical example 3
Similarity: 0.13445215674730082

Customer:
@AmazonHelp I was originally suppose to get it Thursday November 30th then it said yesterday then it said today and I still haven't gotten it https://t.co/uIe1uNy3T1

Amazon reply:
@249052 We'd like to look into available options. Please reach out to us here: https://t.co/hApLpMlfHN ^RR

CANDIDATE:
Retrieval

CANDIDATE RESPONSE:
@139823 We don't have access to accounts over Twitter. However, you can reply to the e-mail you received with any questions. ^AJ

ESCALATION DECISION MADE BY THE SYSTEM:
True

ESCALATION REASON:
low_intent_confidence


Score each response from 1 to 5 on:

1. helpfulness
   1 = does not help the customer
   3 = somewhat useful
   5 = directly useful and addresses the issue

2. intent_fit
   1 = clearly misunderstands the customer's issue
   3 = partially addresses it
   5 = directly addresses the customer's issue

3. grounding
   1 = unsupported or contradicts the historical evidence
   3 = partly consistent with evidence
   5 = clearly grounded in the historical evidence

4. factual_safety
   1 = invents facts, policies, actions, or guarantees
   3 = mostly safe but somewhat assumptive
   5 = makes no unsupported claims

5. escalation_appropriateness
   1 = escalation decision is clearly inappropriate
   3 = debatable
   5 = clearly appropriate

6. professionalism
   1 = poor/unprofessional
   3 = acceptable
   5 = clear, concise, professional support language

Also provide:

overall_pass:
true only if the response is reasonably helpful, safe, relevant,
and appropriate for the situation.

failure_reason:
A short explanation if overall_pass is false.
Use an empty string if the response passes.


Return ONLY valid JSON in exactly this structure:

{
  ""helpfulness"": 1,
  ""intent_fit"": 1,
  ""grounding"": 1,
  ""factual_safety"": 1,
  ""escalation_appropriateness"": 1,
  ""professionalism"": 1,
  ""overall_pass"": false,
  ""failure_reason"": ""short explanation""
}",,,,,,,,,pending,
580655,Agent,@AmazonHelp Nothing at all it just said address is undeliverable. I really need it too which is what is more annoying than anything. I've been waiting over a week already for it. Decided to buy from you instead of local which I'm regretting now.,delivery_delay,delivery_delay,0.1791331207311441,yes,True,low_intent_confidence,I'm sorry you're experiencing this issue. I've identified that this case should be reviewed by a human support agent. A support agent can review the order details and help with the next steps.,fallback,"[{""customer_tweet_id"": 107266, ""customer_text"": ""@AmazonHelp just received an email staying I have to send in Information of my address an so on  can you explain why this is? I've purchased from you  before with no hassle and now this?"", ""amazon_reply"": ""@139823 We don't have access to accounts over Twitter. However, you can reply to the e-mail you received with any questions. ^AJ"", ""similarity"": 0.18077928355706047}, {""customer_tweet_id"": 1755084, ""customer_text"": ""@AmazonHelp Just 3 days after this month will end 🤔"", ""amazon_reply"": ""@528569 I understand your love for music :) It will be expanded to other devices and platforms in the future. Please stay tuned! ^BS"", ""similarity"": 0.14563128018016952}, {""customer_tweet_id"": 553360, ""customer_text"": ""@AmazonHelp I was originally suppose to get it Thursday November 30th then it said yesterday then it said today and I still haven't gotten it https://t.co/uIe1uNy3T1"", ""amazon_reply"": ""@249052 We'd like to look into available options. Please reach out to us here: https://t.co/hApLpMlfHN ^RR"", ""similarity"": 0.13445215674730082}]","You are evaluating an AI customer-support response.

Do NOT assume that a response is good merely because it resembles a
historical response.

Evaluate whether the candidate response actually addresses the customer's
message and whether its claims are supported by the supplied historical
evidence.

CUSTOMER MESSAGE:
@AmazonHelp Nothing at all it just said address is undeliverable. I really need it too which is what is more annoying than anything. I've been waiting over a week already for it. Decided to buy from you instead of local which I'm regretting now.

HISTORICAL EVIDENCE:
Historical example 1
Similarity: 0.18077928355706047

Customer:
@AmazonHelp just received an email staying I have to send in Information of my address an so on  can you explain why this is? I've purchased from you  before with no hassle and now this?

Amazon reply:
@139823 We don't have access to accounts over Twitter. However, you can reply to the e-mail you received with any questions. ^AJ

Historical example 2
Similarity: 0.14563128018016952

Customer:
@AmazonHelp Just 3 days after this month will end 🤔

Amazon reply:
@528569 I understand your love for music :) It will be expanded to other devices and platforms in the future. Please stay tuned! ^BS

Historical example 3
Similarity: 0.13445215674730082

Customer:
@AmazonHelp I was originally suppose to get it Thursday November 30th then it said yesterday then it said today and I still haven't gotten it https://t.co/uIe1uNy3T1

Amazon reply:
@249052 We'd like to look into available options. Please reach out to us here: https://t.co/hApLpMlfHN ^RR

CANDIDATE:
Agent

CANDIDATE RESPONSE:
I'm sorry you're experiencing this issue. I've identified that this case should be reviewed by a human support agent. A support agent can review the order details and help with the next steps.

ESCALATION DECISION MADE BY THE SYSTEM:
True

ESCALATION REASON:
low_intent_confidence


Score each response from 1 to 5 on:

1. helpfulness
   1 = does not help the customer
   3 = somewhat useful
   5 = directly useful and addresses the issue

2. intent_fit
   1 = clearly misunderstands the customer's issue
   3 = partially addresses it
   5 = directly addresses the customer's issue

3. grounding
   1 = unsupported or contradicts the historical evidence
   3 = partly consistent with evidence
   5 = clearly grounded in the historical evidence

4. factual_safety
   1 = invents facts, policies, actions, or guarantees
   3 = mostly safe but somewhat assumptive
   5 = makes no unsupported claims

5. escalation_appropriateness
   1 = escalation decision is clearly inappropriate
   3 = debatable
   5 = clearly appropriate

6. professionalism
   1 = poor/unprofessional
   3 = acceptable
   5 = clear, concise, professional support language

Also provide:

overall_pass:
true only if the response is reasonably helpful, safe, relevant,
and appropriate for the situation.

failure_reason:
A short explanation if overall_pass is false.
Use an empty string if the response passes.


Return ONLY valid JSON in exactly this structure:

{
  ""helpfulness"": 1,
  ""intent_fit"": 1,
  ""grounding"": 1,
  ""factual_safety"": 1,
  ""escalation_appropriateness"": 1,
  ""professionalism"": 1,
  ""overall_pass"": false,
  ""failure_reason"": ""short explanation""
}",,,,,,,,,pending,
1358102,Generic,"When @115830 Email saying your parcel will be here by 8pm.. It’s nearly 9pm and it’s not here, so much for ‘Amazon Prime’🖕🏼😭",delivery_delay,order_status_tracking,0.1695046336169103,yes,True,low_intent_confidence,I'm sorry you're experiencing this issue. Please provide the relevant order details so we can better understand the problem and determine the appropriate next steps.,fallback,"[{""customer_tweet_id"": 926365, ""customer_text"": ""@AmazonHelp with Amazon prime do I still get 20% off new games"", ""amazon_reply"": ""@339804 Thanks for reaching out! The discount is still available for Prime members. More info here: https://t.co/Mk7PWqA4ZR ^GG"", ""similarity"": 0.20752066278796394}, {""customer_tweet_id"": 1452878, ""customer_text"": ""@AmazonHelp just got an email saying there has been a problem. So why do you advertise and why have I paid £5 for next day delivery?"", ""amazon_reply"": ""@457171 We'd be happy to look into this with you further, if you'll please phone us here: https://t.co/JzP7hlA23B Keep us posted! ^LB"", ""similarity"": 0.2028140046898147}, {""customer_tweet_id"": 2662757, ""customer_text"": ""@AmazonHelp @115850 is this a joke now i get a email saying we are unable to search your account, can you please take this issue as a priority and fiz this"", ""amazon_reply"": ""@750435 I understand your concern. Kindly reply to the latest correspondence sent by our team for further assistance. Appreciate your understanding. ^GD"", ""similarity"": 0.17720550786449318}]","You are evaluating an AI customer-support response.

Do NOT assume that a response is good merely because it resembles a
historical response.

Evaluate whether the candidate response actually addresses the customer's
message and whether its claims are supported by the supplied historical
evidence.

CUSTOMER MESSAGE:
When @115830 Email saying your parcel will be here by 8pm.. It’s nearly 9pm and it’s not here, so much for ‘Amazon Prime’🖕🏼😭

HISTORICAL EVIDENCE:
Historical example 1
Similarity: 0.20752066278796394

Customer:
@AmazonHelp with Amazon prime do I still get 20% off new games

Amazon reply:
@339804 Thanks for reaching out! The discount is still available for Prime members. More info here: https://t.co/Mk7PWqA4ZR ^GG

Historical example 2
Similarity: 0.2028140046898147

Customer:
@AmazonHelp just got an email saying there has been a problem. So why do you advertise and why have I paid £5 for next day delivery?

Amazon reply:
@457171 We'd be happy to look into this with you further, if you'll please phone us here: https://t.co/JzP7hlA23B Keep us posted! ^LB

Historical example 3
Similarity: 0.17720550786449318

Customer:
@AmazonHelp @115850 is this a joke now i get a email saying we are unable to search your account, can you please take this issue as a priority and fiz this

Amazon reply:
@750435 I understand your concern. Kindly reply to the latest correspondence sent by our team for further assistance. Appreciate your understanding. ^GD

CANDIDATE:
Generic

CANDIDATE RESPONSE:
I'm sorry you're experiencing this issue. Please provide the relevant order details so we can better understand the problem and determine the appropriate next steps.

ESCALATION DECISION MADE BY THE SYSTEM:
True

ESCALATION REASON:
low_intent_confidence


Score each response from 1 to 5 on:

1. helpfulness
   1 = does not help the customer
   3 = somewhat useful
   5 = directly useful and addresses the issue

2. intent_fit
   1 = clearly misunderstands the customer's issue
   3 = partially addresses it
   5 = directly addresses the customer's issue

3. grounding
   1 = unsupported or contradicts the historical evidence
   3 = partly consistent with evidence
   5 = clearly grounded in the historical evidence

4. factual_safety
   1 = invents facts, policies, actions, or guarantees
   3 = mostly safe but somewhat assumptive
   5 = makes no unsupported claims

5. escalation_appropriateness
   1 = escalation decision is clearly inappropriate
   3 = debatable
   5 = clearly appropriate

6. professionalism
   1 = poor/unprofessional
   3 = acceptable
   5 = clear, concise, professional support language

Also provide:

overall_pass:
true only if the response is reasonably helpful, safe, relevant,
and appropriate for the situation.

failure_reason:
A short explanation if overall_pass is false.
Use an empty string if the response passes.


Return ONLY valid JSON in exactly this structure:

{
  ""helpfulness"": 1,
  ""intent_fit"": 1,
  ""grounding"": 1,
  ""factual_safety"": 1,
  ""escalation_appropriateness"": 1,
  ""professionalism"": 1,
  ""overall_pass"": false,
  ""failure_reason"": ""short explanation""
}",,,,,,,,,pending,
1358102,Retrieval,"When @115830 Email saying your parcel will be here by 8pm.. It’s nearly 9pm and it’s not here, so much for ‘Amazon Prime’🖕🏼😭",delivery_delay,order_status_tracking,0.1695046336169103,yes,True,low_intent_confidence,@339804 Thanks for reaching out! The discount is still available for Prime members. More info here: https://t.co/Mk7PWqA4ZR ^GG,fallback,"[{""customer_tweet_id"": 926365, ""customer_text"": ""@AmazonHelp with Amazon prime do I still get 20% off new games"", ""amazon_reply"": ""@339804 Thanks for reaching out! The discount is still available for Prime members. More info here: https://t.co/Mk7PWqA4ZR ^GG"", ""similarity"": 0.20752066278796394}, {""customer_tweet_id"": 1452878, ""customer_text"": ""@AmazonHelp just got an email saying there has been a problem. So why do you advertise and why have I paid £5 for next day delivery?"", ""amazon_reply"": ""@457171 We'd be happy to look into this with you further, if you'll please phone us here: https://t.co/JzP7hlA23B Keep us posted! ^LB"", ""similarity"": 0.2028140046898147}, {""customer_tweet_id"": 2662757, ""customer_text"": ""@AmazonHelp @115850 is this a joke now i get a email saying we are unable to search your account, can you please take this issue as a priority and fiz this"", ""amazon_reply"": ""@750435 I understand your concern. Kindly reply to the latest correspondence sent by our team for further assistance. Appreciate your understanding. ^GD"", ""similarity"": 0.17720550786449318}]","You are evaluating an AI customer-support response.

Do NOT assume that a response is good merely because it resembles a
historical response.

Evaluate whether the candidate response actually addresses the customer's
message and whether its claims are supported by the supplied historical
evidence.

CUSTOMER MESSAGE:
When @115830 Email saying your parcel will be here by 8pm.. It’s nearly 9pm and it’s not here, so much for ‘Amazon Prime’🖕🏼😭

HISTORICAL EVIDENCE:
Historical example 1
Similarity: 0.20752066278796394

Customer:
@AmazonHelp with Amazon prime do I still get 20% off new games

Amazon reply:
@339804 Thanks for reaching out! The discount is still available for Prime members. More info here: https://t.co/Mk7PWqA4ZR ^GG

Historical example 2
Similarity: 0.2028140046898147

Customer:
@AmazonHelp just got an email saying there has been a problem. So why do you advertise and why have I paid £5 for next day delivery?

Amazon reply:
@457171 We'd be happy to look into this with you further, if you'll please phone us here: https://t.co/JzP7hlA23B Keep us posted! ^LB

Historical example 3
Similarity: 0.17720550786449318

Customer:
@AmazonHelp @115850 is this a joke now i get a email saying we are unable to search your account, can you please take this issue as a priority and fiz this

Amazon reply:
@750435 I understand your concern. Kindly reply to the latest correspondence sent by our team for further assistance. Appreciate your understanding. ^GD

CANDIDATE:
Retrieval

CANDIDATE RESPONSE:
@339804 Thanks for reaching out! The discount is still available for Prime members. More info here: https://t.co/Mk7PWqA4ZR ^GG

ESCALATION DECISION MADE BY THE SYSTEM:
True

ESCALATION REASON:
low_intent_confidence


Score each response from 1 to 5 on:

1. helpfulness
   1 = does not help the customer
   3 = somewhat useful
   5 = directly useful and addresses the issue

2. intent_fit
   1 = clearly misunderstands the customer's issue
   3 = partially addresses it
   5 = directly addresses the customer's issue

3. grounding
   1 = unsupported or contradicts the historical evidence
   3 = partly consistent with evidence
   5 = clearly grounded in the historical evidence

4. factual_safety
   1 = invents facts, policies, actions, or guarantees
   3 = mostly safe but somewhat assumptive
   5 = makes no unsupported claims

5. escalation_appropriateness
   1 = escalation decision is clearly inappropriate
   3 = debatable
   5 = clearly appropriate

6. professionalism
   1 = poor/unprofessional
   3 = acceptable
   5 = clear, concise, professional support language

Also provide:

overall_pass:
true only if the response is reasonably helpful, safe, relevant,
and appropriate for the situation.

failure_reason:
A short explanation if overall_pass is false.
Use an empty string if the response passes.


Return ONLY valid JSON in exactly this structure:

{
  ""helpfulness"": 1,
  ""intent_fit"": 1,
  ""grounding"": 1,
  ""factual_safety"": 1,
  ""escalation_appropriateness"": 1,
  ""professionalism"": 1,
  ""overall_pass"": false,
  ""failure_reason"": ""short explanation""
}",,,,,,,,,pending,
1358102,Agent,"When @115830 Email saying your parcel will be here by 8pm.. It’s nearly 9pm and it’s not here, so much for ‘Amazon Prime’🖕🏼😭",delivery_delay,order_status_tracking,0.1695046336169103,yes,True,low_intent_confidence,I'm sorry you're experiencing this issue. I've identified that this case should be reviewed by a human support agent. A support agent can review the order details and help with the next steps.,fallback,"[{""customer_tweet_id"": 926365, ""customer_text"": ""@AmazonHelp with Amazon prime do I still get 20% off new games"", ""amazon_reply"": ""@339804 Thanks for reaching out! The discount is still available for Prime members. More info here: https://t.co/Mk7PWqA4ZR ^GG"", ""similarity"": 0.20752066278796394}, {""customer_tweet_id"": 1452878, ""customer_text"": ""@AmazonHelp just got an email saying there has been a problem. So why do you advertise and why have I paid £5 for next day delivery?"", ""amazon_reply"": ""@457171 We'd be happy to look into this with you further, if you'll please phone us here: https://t.co/JzP7hlA23B Keep us posted! ^LB"", ""similarity"": 0.2028140046898147}, {""customer_tweet_id"": 2662757, ""customer_text"": ""@AmazonHelp @115850 is this a joke now i get a email saying we are unable to search your account, can you please take this issue as a priority and fiz this"", ""amazon_reply"": ""@750435 I understand your concern. Kindly reply to the latest correspondence sent by our team for further assistance. Appreciate your understanding. ^GD"", ""similarity"": 0.17720550786449318}]","You are evaluating an AI customer-support response.

Do NOT assume that a response is good merely because it resembles a
historical response.

Evaluate whether the candidate response actually addresses the customer's
message and whether its claims are supported by the supplied historical
evidence.

CUSTOMER MESSAGE:
When @115830 Email saying your parcel will be here by 8pm.. It’s nearly 9pm and it’s not here, so much for ‘Amazon Prime’🖕🏼😭

HISTORICAL EVIDENCE:
Historical example 1
Similarity: 0.20752066278796394

Customer:
@AmazonHelp with Amazon prime do I still get 20% off new games

Amazon reply:
@339804 Thanks for reaching out! The discount is still available for Prime members. More info here: https://t.co/Mk7PWqA4ZR ^GG

Historical example 2
Similarity: 0.2028140046898147

Customer:
@AmazonHelp just got an email saying there has been a problem. So why do you advertise and why have I paid £5 for next day delivery?

Amazon reply:
@457171 We'd be happy to look into this with you further, if you'll please phone us here: https://t.co/JzP7hlA23B Keep us posted! ^LB

Historical example 3
Similarity: 0.17720550786449318

Customer:
@AmazonHelp @115850 is this a joke now i get a email saying we are unable to search your account, can you please take this issue as a priority and fiz this

Amazon reply:
@750435 I understand your concern. Kindly reply to the latest correspondence sent by our team for further assistance. Appreciate your understanding. ^GD

CANDIDATE:
Agent

CANDIDATE RESPONSE:
I'm sorry you're experiencing this issue. I've identified that this case should be reviewed by a human support agent. A support agent can review the order details and help with the next steps.

ESCALATION DECISION MADE BY THE SYSTEM:
True

ESCALATION REASON:
low_intent_confidence


Score each response from 1 to 5 on:

1. helpfulness
   1 = does not help the customer
   3 = somewhat useful
   5 = directly useful and addresses the issue

2. intent_fit
   1 = clearly misunderstands the customer's issue
   3 = partially addresses it
   5 = directly addresses the customer's issue

3. grounding
   1 = unsupported or contradicts the historical evidence
   3 = partly consistent with evidence
   5 = clearly grounded in the historical evidence

4. factual_safety
   1 = invents facts, policies, actions, or guarantees
   3 = mostly safe but somewhat assumptive
   5 = makes no unsupported claims

5. escalation_appropriateness
   1 = escalation decision is clearly inappropriate
   3 = debatable
   5 = clearly appropriate

6. professionalism
   1 = poor/unprofessional
   3 = acceptable
   5 = clear, concise, professional support language

Also provide:

overall_pass:
true only if the response is reasonably helpful, safe, relevant,
and appropriate for the situation.

failure_reason:
A short explanation if overall_pass is false.
Use an empty string if the response passes.


Return ONLY valid JSON in exactly this structure:

{
  ""helpfulness"": 1,
  ""intent_fit"": 1,
  ""grounding"": 1,
  ""factual_safety"": 1,
  ""escalation_appropriateness"": 1,
  ""professionalism"": 1,
  ""overall_pass"": false,
  ""failure_reason"": ""short explanation""
}",,,,,,,,,pending,
1355416,Generic,"@AmazonHelp Nope... 😔
It was a gift....",other_general,other_general,0.1863215562178945,no,True,low_intent_confidence,I'm sorry you're experiencing this issue. Please provide the relevant order details so we can better understand the problem and determine the appropriate next steps.,fallback,"[{""customer_tweet_id"": 65899, ""customer_text"": ""@AmazonHelp Done"", ""amazon_reply"": ""@131073 Please write to us via DM with your concern and we'll be glad to assist you with this right away. ^BV"", ""similarity"": 0.2553707475492261}, {""customer_tweet_id"": 1509279, ""customer_text"": ""@115850 This is not done. I was looking forward to receive my Echo speaker today as I am leaving for some other place tomorrow morning. The delivery guys number is neither reachable nor he came for delivery.  What am I supposed to do now. It was a gift for someone else. https://t.co/qb7ALLmdvO"", ""amazon_reply"": ""@470324 Please don't provide your order details, we consider it to be personal information. Our page is visible to the public. (3/3) ^PJ"", ""similarity"": 0.15072091950543365}, {""customer_tweet_id"": 2841861, ""customer_text"": ""@115850 Was recharging my Airtel mobile number using Amazon Pay Balance (405-4894189-9128347).After recharging,I received an email stating recharge failed, amount refunded as Gift Card + Amazon Pay Balance.But I didn't receive the refunds.\nPlease check the screenshots,\nKaushik https://t.co/BUZTR1AEnY"", ""amazon_reply"": ""@790721 We're sorry to know about the issues with recharge, Kaushik. Please reach out to us, here: https://t.co/vlvfJr4nN9 and we'll check this for you. Please don’t provide your details as we consider them to be personal info. Our Twitter page is visible to public. ^YP"", ""similarity"": 0.11431206800470327}]","You are evaluating an AI customer-support response.

Do NOT assume that a response is good merely because it resembles a
historical response.

Evaluate whether the candidate response actually addresses the customer's
message and whether its claims are supported by the supplied historical
evidence.

CUSTOMER MESSAGE:
@AmazonHelp Nope... 😔
It was a gift....

HISTORICAL EVIDENCE:
Historical example 1
Similarity: 0.2553707475492261

Customer:
@AmazonHelp Done

Amazon reply:
@131073 Please write to us via DM with your concern and we'll be glad to assist you with this right away. ^BV

Historical example 2
Similarity: 0.15072091950543365

Customer:
@115850 This is not done. I was looking forward to receive my Echo speaker today as I am leaving for some other place tomorrow morning. The delivery guys number is neither reachable nor he came for delivery.  What am I supposed to do now. It was a gift for someone else. https://t.co/qb7ALLmdvO

Amazon reply:
@470324 Please don't provide your order details, we consider it to be personal information. Our page is visible to the public. (3/3) ^PJ

Historical example 3
Similarity: 0.11431206800470327

Customer:
@115850 Was recharging my Airtel mobile number using Amazon Pay Balance (405-4894189-9128347).After recharging,I received an email stating recharge failed, amount refunded as Gift Card + Amazon Pay Balance.But I didn't receive the refunds.
Please check the screenshots,
Kaushik https://t.co/BUZTR1AEnY

Amazon reply:
@790721 We're sorry to know about the issues with recharge, Kaushik. Please reach out to us, here: https://t.co/vlvfJr4nN9 and we'll check this for you. Please don’t provide your details as we consider them to be personal info. Our Twitter page is visible to public. ^YP

CANDIDATE:
Generic

CANDIDATE RESPONSE:
I'm sorry you're experiencing this issue. Please provide the relevant order details so we can better understand the problem and determine the appropriate next steps.

ESCALATION DECISION MADE BY THE SYSTEM:
True

ESCALATION REASON:
low_intent_confidence


Score each response from 1 to 5 on:

1. helpfulness
   1 = does not help the customer
   3 = somewhat useful
   5 = directly useful and addresses the issue

2. intent_fit
   1 = clearly misunderstands the customer's issue
   3 = partially addresses it
   5 = directly addresses the customer's issue

3. grounding
   1 = unsupported or contradicts the historical evidence
   3 = partly consistent with evidence
   5 = clearly grounded in the historical evidence

4. factual_safety
   1 = invents facts, policies, actions, or guarantees
   3 = mostly safe but somewhat assumptive
   5 = makes no unsupported claims

5. escalation_appropriateness
   1 = escalation decision is clearly inappropriate
   3 = debatable
   5 = clearly appropriate

6. professionalism
   1 = poor/unprofessional
   3 = acceptable
   5 = clear, concise, professional support language

Also provide:

overall_pass:
true only if the response is reasonably helpful, safe, relevant,
and appropriate for the situation.

failure_reason:
A short explanation if overall_pass is false.
Use an empty string if the response passes.


Return ONLY valid JSON in exactly this structure:

{
  ""helpfulness"": 1,
  ""intent_fit"": 1,
  ""grounding"": 1,
  ""factual_safety"": 1,
  ""escalation_appropriateness"": 1,
  ""professionalism"": 1,
  ""overall_pass"": false,
  ""failure_reason"": ""short explanation""
}",,,,,,,,,pending,
1355416,Retrieval,"@AmazonHelp Nope... 😔
It was a gift....",other_general,other_general,0.1863215562178945,no,True,low_intent_confidence,@131073 Please write to us via DM with your concern and we'll be glad to assist you with this right away. ^BV,fallback,"[{""customer_tweet_id"": 65899, ""customer_text"": ""@AmazonHelp Done"", ""amazon_reply"": ""@131073 Please write to us via DM with your concern and we'll be glad to assist you with this right away. ^BV"", ""similarity"": 0.2553707475492261}, {""customer_tweet_id"": 1509279, ""customer_text"": ""@115850 This is not done. I was looking forward to receive my Echo speaker today as I am leaving for some other place tomorrow morning. The delivery guys number is neither reachable nor he came for delivery.  What am I supposed to do now. It was a gift for someone else. https://t.co/qb7ALLmdvO"", ""amazon_reply"": ""@470324 Please don't provide your order details, we consider it to be personal information. Our page is visible to the public. (3/3) ^PJ"", ""similarity"": 0.15072091950543365}, {""customer_tweet_id"": 2841861, ""customer_text"": ""@115850 Was recharging my Airtel mobile number using Amazon Pay Balance (405-4894189-9128347).After recharging,I received an email stating recharge failed, amount refunded as Gift Card + Amazon Pay Balance.But I didn't receive the refunds.\nPlease check the screenshots,\nKaushik https://t.co/BUZTR1AEnY"", ""amazon_reply"": ""@790721 We're sorry to know about the issues with recharge, Kaushik. Please reach out to us, here: https://t.co/vlvfJr4nN9 and we'll check this for you. Please don’t provide your details as we consider them to be personal info. Our Twitter page is visible to public. ^YP"", ""similarity"": 0.11431206800470327}]","You are evaluating an AI customer-support response.

Do NOT assume that a response is good merely because it resembles a
historical response.

Evaluate whether the candidate response actually addresses the customer's
message and whether its claims are supported by the supplied historical
evidence.

CUSTOMER MESSAGE:
@AmazonHelp Nope... 😔
It was a gift....

HISTORICAL EVIDENCE:
Historical example 1
Similarity: 0.2553707475492261

Customer:
@AmazonHelp Done

Amazon reply:
@131073 Please write to us via DM with your concern and we'll be glad to assist you with this right away. ^BV

Historical example 2
Similarity: 0.15072091950543365

Customer:
@115850 This is not done. I was looking forward to receive my Echo speaker today as I am leaving for some other place tomorrow morning. The delivery guys number is neither reachable nor he came for delivery.  What am I supposed to do now. It was a gift for someone else. https://t.co/qb7ALLmdvO

Amazon reply:
@470324 Please don't provide your order details, we consider it to be personal information. Our page is visible to the public. (3/3) ^PJ

Historical example 3
Similarity: 0.11431206800470327

Customer:
@115850 Was recharging my Airtel mobile number using Amazon Pay Balance (405-4894189-9128347).After recharging,I received an email stating recharge failed, amount refunded as Gift Card + Amazon Pay Balance.But I didn't receive the refunds.
Please check the screenshots,
Kaushik https://t.co/BUZTR1AEnY

Amazon reply:
@790721 We're sorry to know about the issues with recharge, Kaushik. Please reach out to us, here: https://t.co/vlvfJr4nN9 and we'll check this for you. Please don’t provide your details as we consider them to be personal info. Our Twitter page is visible to public. ^YP

CANDIDATE:
Retrieval

CANDIDATE RESPONSE:
@131073 Please write to us via DM with your concern and we'll be glad to assist you with this right away. ^BV

ESCALATION DECISION MADE BY THE SYSTEM:
True

ESCALATION REASON:
low_intent_confidence


Score each response from 1 to 5 on:

1. helpfulness
   1 = does not help the customer
   3 = somewhat useful
   5 = directly useful and addresses the issue

2. intent_fit
   1 = clearly misunderstands the customer's issue
   3 = partially addresses it
   5 = directly addresses the customer's issue

3. grounding
   1 = unsupported or contradicts the historical evidence
   3 = partly consistent with evidence
   5 = clearly grounded in the historical evidence

4. factual_safety
   1 = invents facts, policies, actions, or guarantees
   3 = mostly safe but somewhat assumptive
   5 = makes no unsupported claims

5. escalation_appropriateness
   1 = escalation decision is clearly inappropriate
   3 = debatable
   5 = clearly appropriate

6. professionalism
   1 = poor/unprofessional
   3 = acceptable
   5 = clear, concise, professional support language

Also provide:

overall_pass:
true only if the response is reasonably helpful, safe, relevant,
and appropriate for the situation.

failure_reason:
A short explanation if overall_pass is false.
Use an empty string if the response passes.


Return ONLY valid JSON in exactly this structure:

{
  ""helpfulness"": 1,
  ""intent_fit"": 1,
  ""grounding"": 1,
  ""factual_safety"": 1,
  ""escalation_appropriateness"": 1,
  ""professionalism"": 1,
  ""overall_pass"": false,
  ""failure_reason"": ""short explanation""
}",,,,,,,,,pending,
1355416,Agent,"@AmazonHelp Nope... 😔
It was a gift....",other_general,other_general,0.1863215562178945,no,True,low_intent_confidence,I'm sorry you're experiencing this issue. I've identified that this case should be reviewed by a human support agent. A support agent can review the order details and help with the next steps.,fallback,"[{""customer_tweet_id"": 65899, ""customer_text"": ""@AmazonHelp Done"", ""amazon_reply"": ""@131073 Please write to us via DM with your concern and we'll be glad to assist you with this right away. ^BV"", ""similarity"": 0.2553707475492261}, {""customer_tweet_id"": 1509279, ""customer_text"": ""@115850 This is not done. I was looking forward to receive my Echo speaker today as I am leaving for some other place tomorrow morning. The delivery guys number is neither reachable nor he came for delivery.  What am I supposed to do now. It was a gift for someone else. https://t.co/qb7ALLmdvO"", ""amazon_reply"": ""@470324 Please don't provide your order details, we consider it to be personal information. Our page is visible to the public. (3/3) ^PJ"", ""similarity"": 0.15072091950543365}, {""customer_tweet_id"": 2841861, ""customer_text"": ""@115850 Was recharging my Airtel mobile number using Amazon Pay Balance (405-4894189-9128347).After recharging,I received an email stating recharge failed, amount refunded as Gift Card + Amazon Pay Balance.But I didn't receive the refunds.\nPlease check the screenshots,\nKaushik https://t.co/BUZTR1AEnY"", ""amazon_reply"": ""@790721 We're sorry to know about the issues with recharge, Kaushik. Please reach out to us, here: https://t.co/vlvfJr4nN9 and we'll check this for you. Please don’t provide your details as we consider them to be personal info. Our Twitter page is visible to public. ^YP"", ""similarity"": 0.11431206800470327}]","You are evaluating an AI customer-support response.

Do NOT assume that a response is good merely because it resembles a
historical response.

Evaluate whether the candidate response actually addresses the customer's
message and whether its claims are supported by the supplied historical
evidence.

CUSTOMER MESSAGE:
@AmazonHelp Nope... 😔
It was a gift....

HISTORICAL EVIDENCE:
Historical example 1
Similarity: 0.2553707475492261

Customer:
@AmazonHelp Done

Amazon reply:
@131073 Please write to us via DM with your concern and we'll be glad to assist you with this right away. ^BV

Historical example 2
Similarity: 0.15072091950543365

Customer:
@115850 This is not done. I was looking forward to receive my Echo speaker today as I am leaving for some other place tomorrow morning. The delivery guys number is neither reachable nor he came for delivery.  What am I supposed to do now. It was a gift for someone else. https://t.co/qb7ALLmdvO

Amazon reply:
@470324 Please don't provide your order details, we consider it to be personal information. Our page is visible to the public. (3/3) ^PJ

Historical example 3
Similarity: 0.11431206800470327

Customer:
@115850 Was recharging my Airtel mobile number using Amazon Pay Balance (405-4894189-9128347).After recharging,I received an email stating recharge failed, amount refunded as Gift Card + Amazon Pay Balance.But I didn't receive the refunds.
Please check the screenshots,
Kaushik https://t.co/BUZTR1AEnY

Amazon reply:
@790721 We're sorry to know about the issues with recharge, Kaushik. Please reach out to us, here: https://t.co/vlvfJr4nN9 and we'll check this for you. Please don’t provide your details as we consider them to be personal info. Our Twitter page is visible to public. ^YP

CANDIDATE:
Agent

CANDIDATE RESPONSE:
I'm sorry you're experiencing this issue. I've identified that this case should be reviewed by a human support agent. A support agent can review the order details and help with the next steps.

ESCALATION DECISION MADE BY THE SYSTEM:
True

ESCALATION REASON:
low_intent_confidence


Score each response from 1 to 5 on:

1. helpfulness
   1 = does not help the customer
   3 = somewhat useful
   5 = directly useful and addresses the issue

2. intent_fit
   1 = clearly misunderstands the customer's issue
   3 = partially addresses it
   5 = directly addresses the customer's issue

3. grounding
   1 = unsupported or contradicts the historical evidence
   3 = partly consistent with evidence
   5 = clearly grounded in the historical evidence

4. factual_safety
   1 = invents facts, policies, actions, or guarantees
   3 = mostly safe but somewhat assumptive
   5 = makes no unsupported claims

5. escalation_appropriateness
   1 = escalation decision is clearly inappropriate
   3 = debatable
   5 = clearly appropriate

6. professionalism
   1 = poor/unprofessional
   3 = acceptable
   5 = clear, concise, professional support language

Also provide:

overall_pass:
true only if the response is reasonably helpful, safe, relevant,
and appropriate for the situation.

failure_reason:
A short explanation if overall_pass is false.
Use an empty string if the response passes.


Return ONLY valid JSON in exactly this structure:

{
  ""helpfulness"": 1,
  ""intent_fit"": 1,
  ""grounding"": 1,
  ""factual_safety"": 1,
  ""escalation_appropriateness"": 1,
  ""professionalism"": 1,
  ""overall_pass"": false,
  ""failure_reason"": ""short explanation""
}",,,,,,,,,pending,
2424519,Generic,@117795 parcels are not coming next day #whyamipayingforprime,delivery_delay,delivery_delay,0.1930024735617975,yes,True,low_intent_confidence,I'm sorry you're experiencing this issue. Please provide the relevant order details so we can better understand the problem and determine the appropriate next steps.,fallback,"[{""customer_tweet_id"": 2837004, ""customer_text"": ""I wish @115830 had a 'do not leave with neighbours' option. I would rather get my parcels from the post office than knock on random doors."", ""amazon_reply"": ""@139715 Hey, you can assign your own safe place to your order so all your future parcels will be left there and not with a neighbour. You can find more info about it here: https://t.co/eISP3ti6wH ^MA"", ""similarity"": 0.12557026720076656}, {""customer_tweet_id"": 1104500, ""customer_text"": ""@117795 thank u for allowing us people to feel more entitled then we already do I want my stuff now &amp; when I mean now I mean Sunday"", ""amazon_reply"": ""@380638 W/out giving account info can you tell us what's going on? Did an order not arrive on time here: https://t.co/Y5jpI9gRhE? ^JM"", ""similarity"": 0.1136294635353178}, {""customer_tweet_id"": 2735694, ""customer_text"": ""One day @115821 will hire delivery drives that can read an address label. One day... not today though.  😑"", ""amazon_reply"": ""@400341 It sounds like you had a bad experience, my apologies. Without providing any account information can you give us some more details? ^CH"", ""similarity"": 0.1078687463679378}]","You are evaluating an AI customer-support response.

Do NOT assume that a response is good merely because it resembles a
historical response.

Evaluate whether the candidate response actually addresses the customer's
message and whether its claims are supported by the supplied historical
evidence.

CUSTOMER MESSAGE:
@117795 parcels are not coming next day #whyamipayingforprime

HISTORICAL EVIDENCE:
Historical example 1
Similarity: 0.12557026720076656

Customer:
I wish @115830 had a 'do not leave with neighbours' option. I would rather get my parcels from the post office than knock on random doors.

Amazon reply:
@139715 Hey, you can assign your own safe place to your order so all your future parcels will be left there and not with a neighbour. You can find more info about it here: https://t.co/eISP3ti6wH ^MA

Historical example 2
Similarity: 0.1136294635353178

Customer:
@117795 thank u for allowing us people to feel more entitled then we already do I want my stuff now &amp; when I mean now I mean Sunday

Amazon reply:
@380638 W/out giving account info can you tell us what's going on? Did an order not arrive on time here: https://t.co/Y5jpI9gRhE? ^JM

Historical example 3
Similarity: 0.1078687463679378

Customer:
One day @115821 will hire delivery drives that can read an address label. One day... not today though.  😑

Amazon reply:
@400341 It sounds like you had a bad experience, my apologies. Without providing any account information can you give us some more details? ^CH

CANDIDATE:
Generic

CANDIDATE RESPONSE:
I'm sorry you're experiencing this issue. Please provide the relevant order details so we can better understand the problem and determine the appropriate next steps.

ESCALATION DECISION MADE BY THE SYSTEM:
True

ESCALATION REASON:
low_intent_confidence


Score each response from 1 to 5 on:

1. helpfulness
   1 = does not help the customer
   3 = somewhat useful
   5 = directly useful and addresses the issue

2. intent_fit
   1 = clearly misunderstands the customer's issue
   3 = partially addresses it
   5 = directly addresses the customer's issue

3. grounding
   1 = unsupported or contradicts the historical evidence
   3 = partly consistent with evidence
   5 = clearly grounded in the historical evidence

4. factual_safety
   1 = invents facts, policies, actions, or guarantees
   3 = mostly safe but somewhat assumptive
   5 = makes no unsupported claims

5. escalation_appropriateness
   1 = escalation decision is clearly inappropriate
   3 = debatable
   5 = clearly appropriate

6. professionalism
   1 = poor/unprofessional
   3 = acceptable
   5 = clear, concise, professional support language

Also provide:

overall_pass:
true only if the response is reasonably helpful, safe, relevant,
and appropriate for the situation.

failure_reason:
A short explanation if overall_pass is false.
Use an empty string if the response passes.


Return ONLY valid JSON in exactly this structure:

{
  ""helpfulness"": 1,
  ""intent_fit"": 1,
  ""grounding"": 1,
  ""factual_safety"": 1,
  ""escalation_appropriateness"": 1,
  ""professionalism"": 1,
  ""overall_pass"": false,
  ""failure_reason"": ""short explanation""
}",,,,,,,,,pending,
2424519,Retrieval,@117795 parcels are not coming next day #whyamipayingforprime,delivery_delay,delivery_delay,0.1930024735617975,yes,True,low_intent_confidence,"@139715 Hey, you can assign your own safe place to your order so all your future parcels will be left there and not with a neighbour. You can find more info about it here: https://t.co/eISP3ti6wH ^MA",fallback,"[{""customer_tweet_id"": 2837004, ""customer_text"": ""I wish @115830 had a 'do not leave with neighbours' option. I would rather get my parcels from the post office than knock on random doors."", ""amazon_reply"": ""@139715 Hey, you can assign your own safe place to your order so all your future parcels will be left there and not with a neighbour. You can find more info about it here: https://t.co/eISP3ti6wH ^MA"", ""similarity"": 0.12557026720076656}, {""customer_tweet_id"": 1104500, ""customer_text"": ""@117795 thank u for allowing us people to feel more entitled then we already do I want my stuff now &amp; when I mean now I mean Sunday"", ""amazon_reply"": ""@380638 W/out giving account info can you tell us what's going on? Did an order not arrive on time here: https://t.co/Y5jpI9gRhE? ^JM"", ""similarity"": 0.1136294635353178}, {""customer_tweet_id"": 2735694, ""customer_text"": ""One day @115821 will hire delivery drives that can read an address label. One day... not today though.  😑"", ""amazon_reply"": ""@400341 It sounds like you had a bad experience, my apologies. Without providing any account information can you give us some more details? ^CH"", ""similarity"": 0.1078687463679378}]","You are evaluating an AI customer-support response.

Do NOT assume that a response is good merely because it resembles a
historical response.

Evaluate whether the candidate response actually addresses the customer's
message and whether its claims are supported by the supplied historical
evidence.

CUSTOMER MESSAGE:
@117795 parcels are not coming next day #whyamipayingforprime

HISTORICAL EVIDENCE:
Historical example 1
Similarity: 0.12557026720076656

Customer:
I wish @115830 had a 'do not leave with neighbours' option. I would rather get my parcels from the post office than knock on random doors.

Amazon reply:
@139715 Hey, you can assign your own safe place to your order so all your future parcels will be left there and not with a neighbour. You can find more info about it here: https://t.co/eISP3ti6wH ^MA

Historical example 2
Similarity: 0.1136294635353178

Customer:
@117795 thank u for allowing us people to feel more entitled then we already do I want my stuff now &amp; when I mean now I mean Sunday

Amazon reply:
@380638 W/out giving account info can you tell us what's going on? Did an order not arrive on time here: https://t.co/Y5jpI9gRhE? ^JM

Historical example 3
Similarity: 0.1078687463679378

Customer:
One day @115821 will hire delivery drives that can read an address label. One day... not today though.  😑

Amazon reply:
@400341 It sounds like you had a bad experience, my apologies. Without providing any account information can you give us some more details? ^CH

CANDIDATE:
Retrieval

CANDIDATE RESPONSE:
@139715 Hey, you can assign your own safe place to your order so all your future parcels will be left there and not with a neighbour. You can find more info about it here: https://t.co/eISP3ti6wH ^MA

ESCALATION DECISION MADE BY THE SYSTEM:
True

ESCALATION REASON:
low_intent_confidence


Score each response from 1 to 5 on:

1. helpfulness
   1 = does not help the customer
   3 = somewhat useful
   5 = directly useful and addresses the issue

2. intent_fit
   1 = clearly misunderstands the customer's issue
   3 = partially addresses it
   5 = directly addresses the customer's issue

3. grounding
   1 = unsupported or contradicts the historical evidence
   3 = partly consistent with evidence
   5 = clearly grounded in the historical evidence

4. factual_safety
   1 = invents facts, policies, actions, or guarantees
   3 = mostly safe but somewhat assumptive
   5 = makes no unsupported claims

5. escalation_appropriateness
   1 = escalation decision is clearly inappropriate
   3 = debatable
   5 = clearly appropriate

6. professionalism
   1 = poor/unprofessional
   3 = acceptable
   5 = clear, concise, professional support language

Also provide:

overall_pass:
true only if the response is reasonably helpful, safe, relevant,
and appropriate for the situation.

failure_reason:
A short explanation if overall_pass is false.
Use an empty string if the response passes.


Return ONLY valid JSON in exactly this structure:

{
  ""helpfulness"": 1,
  ""intent_fit"": 1,
  ""grounding"": 1,
  ""factual_safety"": 1,
  ""escalation_appropriateness"": 1,
  ""professionalism"": 1,
  ""overall_pass"": false,
  ""failure_reason"": ""short explanation""
}",,,,,,,,,pending,
2424519,Agent,@117795 parcels are not coming next day #whyamipayingforprime,delivery_delay,delivery_delay,0.1930024735617975,yes,True,low_intent_confidence,I'm sorry you're experiencing this issue. I've identified that this case should be reviewed by a human support agent. A support agent can review the order details and help with the next steps.,fallback,"[{""customer_tweet_id"": 2837004, ""customer_text"": ""I wish @115830 had a 'do not leave with neighbours' option. I would rather get my parcels from the post office than knock on random doors."", ""amazon_reply"": ""@139715 Hey, you can assign your own safe place to your order so all your future parcels will be left there and not with a neighbour. You can find more info about it here: https://t.co/eISP3ti6wH ^MA"", ""similarity"": 0.12557026720076656}, {""customer_tweet_id"": 1104500, ""customer_text"": ""@117795 thank u for allowing us people to feel more entitled then we already do I want my stuff now &amp; when I mean now I mean Sunday"", ""amazon_reply"": ""@380638 W/out giving account info can you tell us what's going on? Did an order not arrive on time here: https://t.co/Y5jpI9gRhE? ^JM"", ""similarity"": 0.1136294635353178}, {""customer_tweet_id"": 2735694, ""customer_text"": ""One day @115821 will hire delivery drives that can read an address label. One day... not today though.  😑"", ""amazon_reply"": ""@400341 It sounds like you had a bad experience, my apologies. Without providing any account information can you give us some more details? ^CH"", ""similarity"": 0.1078687463679378}]","You are evaluating an AI customer-support response.

Do NOT assume that a response is good merely because it resembles a
historical response.

Evaluate whether the candidate response actually addresses the customer's
message and whether its claims are supported by the supplied historical
evidence.

CUSTOMER MESSAGE:
@117795 parcels are not coming next day #whyamipayingforprime

HISTORICAL EVIDENCE:
Historical example 1
Similarity: 0.12557026720076656

Customer:
I wish @115830 had a 'do not leave with neighbours' option. I would rather get my parcels from the post office than knock on random doors.

Amazon reply:
@139715 Hey, you can assign your own safe place to your order so all your future parcels will be left there and not with a neighbour. You can find more info about it here: https://t.co/eISP3ti6wH ^MA

Historical example 2
Similarity: 0.1136294635353178

Customer:
@117795 thank u for allowing us people to feel more entitled then we already do I want my stuff now &amp; when I mean now I mean Sunday

Amazon reply:
@380638 W/out giving account info can you tell us what's going on? Did an order not arrive on time here: https://t.co/Y5jpI9gRhE? ^JM

Historical example 3
Similarity: 0.1078687463679378

Customer:
One day @115821 will hire delivery drives that can read an address label. One day... not today though.  😑

Amazon reply:
@400341 It sounds like you had a bad experience, my apologies. Without providing any account information can you give us some more details? ^CH

CANDIDATE:
Agent

CANDIDATE RESPONSE:
I'm sorry you're experiencing this issue. I've identified that this case should be reviewed by a human support agent. A support agent can review the order details and help with the next steps.

ESCALATION DECISION MADE BY THE SYSTEM:
True

ESCALATION REASON:
low_intent_confidence


Score each response from 1 to 5 on:

1. helpfulness
   1 = does not help the customer
   3 = somewhat useful
   5 = directly useful and addresses the issue

2. intent_fit
   1 = clearly misunderstands the customer's issue
   3 = partially addresses it
   5 = directly addresses the customer's issue

3. grounding
   1 = unsupported or contradicts the historical evidence
   3 = partly consistent with evidence
   5 = clearly grounded in the historical evidence

4. factual_safety
   1 = invents facts, policies, actions, or guarantees
   3 = mostly safe but somewhat assumptive
   5 = makes no unsupported claims

5. escalation_appropriateness
   1 = escalation decision is clearly inappropriate
   3 = debatable
   5 = clearly appropriate

6. professionalism
   1 = poor/unprofessional
   3 = acceptable
   5 = clear, concise, professional support language

Also provide:

overall_pass:
true only if the response is reasonably helpful, safe, relevant,
and appropriate for the situation.

failure_reason:
A short explanation if overall_pass is false.
Use an empty string if the response passes.


Return ONLY valid JSON in exactly this structure:

{
  ""helpfulness"": 1,
  ""intent_fit"": 1,
  ""grounding"": 1,
  ""factual_safety"": 1,
  ""escalation_appropriateness"": 1,
  ""professionalism"": 1,
  ""overall_pass"": false,
  ""failure_reason"": ""short explanation""
}",,,,,,,,,pending,
980691,Generic,@AmazonHelp 問い合わせ先が見つからず困っておりました。ありがとうございます。,other_general,other_general,0.2325531889319405,no,False,none,I'm sorry you're experiencing this issue. Please provide the relevant order details so we can better understand the problem and determine the appropriate next steps.,fallback,"[{""customer_tweet_id"": 65899, ""customer_text"": ""@AmazonHelp Done"", ""amazon_reply"": ""@131073 Please write to us via DM with your concern and we'll be glad to assist you with this right away. ^BV"", ""similarity"": 1.0}, {""customer_tweet_id"": 2880479, ""customer_text"": ""@AmazonHelp Useless"", ""amazon_reply"": ""@799341 We want to help you as much as possible, please contact us directly by clicking the following link: https://t.co/JzP7hlA23B.^BZ"", ""similarity"": 0.1918260533044177}, {""customer_tweet_id"": 2437734, ""customer_text"": ""@AmazonHelp Useless"", ""amazon_reply"": ""@337608 We'd like to help, kindly share your details here: https://t.co/GIJyeYqKE0, and we'll reach out to you soon. ^MA"", ""similarity"": 0.1918260533044177}]","You are evaluating an AI customer-support response.

Do NOT assume that a response is good merely because it resembles a
historical response.

Evaluate whether the candidate response actually addresses the customer's
message and whether its claims are supported by the supplied historical
evidence.

CUSTOMER MESSAGE:
@AmazonHelp 問い合わせ先が見つからず困っておりました。ありがとうございます。

HISTORICAL EVIDENCE:
Historical example 1
Similarity: 1.0

Customer:
@AmazonHelp Done

Amazon reply:
@131073 Please write to us via DM with your concern and we'll be glad to assist you with this right away. ^BV

Historical example 2
Similarity: 0.1918260533044177

Customer:
@AmazonHelp Useless

Amazon reply:
@799341 We want to help you as much as possible, please contact us directly by clicking the following link: https://t.co/JzP7hlA23B.^BZ

Historical example 3
Similarity: 0.1918260533044177

Customer:
@AmazonHelp Useless

Amazon reply:
@337608 We'd like to help, kindly share your details here: https://t.co/GIJyeYqKE0, and we'll reach out to you soon. ^MA

CANDIDATE:
Generic

CANDIDATE RESPONSE:
I'm sorry you're experiencing this issue. Please provide the relevant order details so we can better understand the problem and determine the appropriate next steps.

ESCALATION DECISION MADE BY THE SYSTEM:
False

ESCALATION REASON:
none


Score each response from 1 to 5 on:

1. helpfulness
   1 = does not help the customer
   3 = somewhat useful
   5 = directly useful and addresses the issue

2. intent_fit
   1 = clearly misunderstands the customer's issue
   3 = partially addresses it
   5 = directly addresses the customer's issue

3. grounding
   1 = unsupported or contradicts the historical evidence
   3 = partly consistent with evidence
   5 = clearly grounded in the historical evidence

4. factual_safety
   1 = invents facts, policies, actions, or guarantees
   3 = mostly safe but somewhat assumptive
   5 = makes no unsupported claims

5. escalation_appropriateness
   1 = escalation decision is clearly inappropriate
   3 = debatable
   5 = clearly appropriate

6. professionalism
   1 = poor/unprofessional
   3 = acceptable
   5 = clear, concise, professional support language

Also provide:

overall_pass:
true only if the response is reasonably helpful, safe, relevant,
and appropriate for the situation.

failure_reason:
A short explanation if overall_pass is false.
Use an empty string if the response passes.


Return ONLY valid JSON in exactly this structure:

{
  ""helpfulness"": 1,
  ""intent_fit"": 1,
  ""grounding"": 1,
  ""factual_safety"": 1,
  ""escalation_appropriateness"": 1,
  ""professionalism"": 1,
  ""overall_pass"": false,
  ""failure_reason"": ""short explanation""
}",,,,,,,,,pending,
980691,Retrieval,@AmazonHelp 問い合わせ先が見つからず困っておりました。ありがとうございます。,other_general,other_general,0.2325531889319405,no,False,none,@131073 Please write to us via DM with your concern and we'll be glad to assist you with this right away. ^BV,fallback,"[{""customer_tweet_id"": 65899, ""customer_text"": ""@AmazonHelp Done"", ""amazon_reply"": ""@131073 Please write to us via DM with your concern and we'll be glad to assist you with this right away. ^BV"", ""similarity"": 1.0}, {""customer_tweet_id"": 2880479, ""customer_text"": ""@AmazonHelp Useless"", ""amazon_reply"": ""@799341 We want to help you as much as possible, please contact us directly by clicking the following link: https://t.co/JzP7hlA23B.^BZ"", ""similarity"": 0.1918260533044177}, {""customer_tweet_id"": 2437734, ""customer_text"": ""@AmazonHelp Useless"", ""amazon_reply"": ""@337608 We'd like to help, kindly share your details here: https://t.co/GIJyeYqKE0, and we'll reach out to you soon. ^MA"", ""similarity"": 0.1918260533044177}]","You are evaluating an AI customer-support response.

Do NOT assume that a response is good merely because it resembles a
historical response.

Evaluate whether the candidate response actually addresses the customer's
message and whether its claims are supported by the supplied historical
evidence.

CUSTOMER MESSAGE:
@AmazonHelp 問い合わせ先が見つからず困っておりました。ありがとうございます。

HISTORICAL EVIDENCE:
Historical example 1
Similarity: 1.0

Customer:
@AmazonHelp Done

Amazon reply:
@131073 Please write to us via DM with your concern and we'll be glad to assist you with this right away. ^BV

Historical example 2
Similarity: 0.1918260533044177

Customer:
@AmazonHelp Useless

Amazon reply:
@799341 We want to help you as much as possible, please contact us directly by clicking the following link: https://t.co/JzP7hlA23B.^BZ

Historical example 3
Similarity: 0.1918260533044177

Customer:
@AmazonHelp Useless

Amazon reply:
@337608 We'd like to help, kindly share your details here: https://t.co/GIJyeYqKE0, and we'll reach out to you soon. ^MA

CANDIDATE:
Retrieval

CANDIDATE RESPONSE:
@131073 Please write to us via DM with your concern and we'll be glad to assist you with this right away. ^BV

ESCALATION DECISION MADE BY THE SYSTEM:
False

ESCALATION REASON:
none


Score each response from 1 to 5 on:

1. helpfulness
   1 = does not help the customer
   3 = somewhat useful
   5 = directly useful and addresses the issue

2. intent_fit
   1 = clearly misunderstands the customer's issue
   3 = partially addresses it
   5 = directly addresses the customer's issue

3. grounding
   1 = unsupported or contradicts the historical evidence
   3 = partly consistent with evidence
   5 = clearly grounded in the historical evidence

4. factual_safety
   1 = invents facts, policies, actions, or guarantees
   3 = mostly safe but somewhat assumptive
   5 = makes no unsupported claims

5. escalation_appropriateness
   1 = escalation decision is clearly inappropriate
   3 = debatable
   5 = clearly appropriate

6. professionalism
   1 = poor/unprofessional
   3 = acceptable
   5 = clear, concise, professional support language

Also provide:

overall_pass:
true only if the response is reasonably helpful, safe, relevant,
and appropriate for the situation.

failure_reason:
A short explanation if overall_pass is false.
Use an empty string if the response passes.


Return ONLY valid JSON in exactly this structure:

{
  ""helpfulness"": 1,
  ""intent_fit"": 1,
  ""grounding"": 1,
  ""factual_safety"": 1,
  ""escalation_appropriateness"": 1,
  ""professionalism"": 1,
  ""overall_pass"": false,
  ""failure_reason"": ""short explanation""
}",,,,,,,,,pending,
980691,Agent,@AmazonHelp 問い合わせ先が見つからず困っておりました。ありがとうございます。,other_general,other_general,0.2325531889319405,no,False,none,I'm sorry you're experiencing this issue. Please provide the relevant order details so we can better understand the problem and determine the appropriate next steps.,fallback,"[{""customer_tweet_id"": 65899, ""customer_text"": ""@AmazonHelp Done"", ""amazon_reply"": ""@131073 Please write to us via DM with your concern and we'll be glad to assist you with this right away. ^BV"", ""similarity"": 1.0}, {""customer_tweet_id"": 2880479, ""customer_text"": ""@AmazonHelp Useless"", ""amazon_reply"": ""@799341 We want to help you as much as possible, please contact us directly by clicking the following link: https://t.co/JzP7hlA23B.^BZ"", ""similarity"": 0.1918260533044177}, {""customer_tweet_id"": 2437734, ""customer_text"": ""@AmazonHelp Useless"", ""amazon_reply"": ""@337608 We'd like to help, kindly share your details here: https://t.co/GIJyeYqKE0, and we'll reach out to you soon. ^MA"", ""similarity"": 0.1918260533044177}]","You are evaluating an AI customer-support response.

Do NOT assume that a response is good merely because it resembles a
historical response.

Evaluate whether the candidate response actually addresses the customer's
message and whether its claims are supported by the supplied historical
evidence.

CUSTOMER MESSAGE:
@AmazonHelp 問い合わせ先が見つからず困っておりました。ありがとうございます。

HISTORICAL EVIDENCE:
Historical example 1
Similarity: 1.0

Customer:
@AmazonHelp Done

Amazon reply:
@131073 Please write to us via DM with your concern and we'll be glad to assist you with this right away. ^BV

Historical example 2
Similarity: 0.1918260533044177

Customer:
@AmazonHelp Useless

Amazon reply:
@799341 We want to help you as much as possible, please contact us directly by clicking the following link: https://t.co/JzP7hlA23B.^BZ

Historical example 3
Similarity: 0.1918260533044177

Customer:
@AmazonHelp Useless

Amazon reply:
@337608 We'd like to help, kindly share your details here: https://t.co/GIJyeYqKE0, and we'll reach out to you soon. ^MA

CANDIDATE:
Agent

CANDIDATE RESPONSE:
I'm sorry you're experiencing this issue. Please provide the relevant order details so we can better understand the problem and determine the appropriate next steps.

ESCALATION DECISION MADE BY THE SYSTEM:
False

ESCALATION REASON:
none


Score each response from 1 to 5 on:

1. helpfulness
   1 = does not help the customer
   3 = somewhat useful
   5 = directly useful and addresses the issue

2. intent_fit
   1 = clearly misunderstands the customer's issue
   3 = partially addresses it
   5 = directly addresses the customer's issue

3. grounding
   1 = unsupported or contradicts the historical evidence
   3 = partly consistent with evidence
   5 = clearly grounded in the historical evidence

4. factual_safety
   1 = invents facts, policies, actions, or guarantees
   3 = mostly safe but somewhat assumptive
   5 = makes no unsupported claims

5. escalation_appropriateness
   1 = escalation decision is clearly inappropriate
   3 = debatable
   5 = clearly appropriate

6. professionalism
   1 = poor/unprofessional
   3 = acceptable
   5 = clear, concise, professional support language

Also provide:

overall_pass:
true only if the response is reasonably helpful, safe, relevant,
and appropriate for the situation.

failure_reason:
A short explanation if overall_pass is false.
Use an empty string if the response passes.


Return ONLY valid JSON in exactly this structure:

{
  ""helpfulness"": 1,
  ""intent_fit"": 1,
  ""grounding"": 1,
  ""factual_safety"": 1,
  ""escalation_appropriateness"": 1,
  ""professionalism"": 1,
  ""overall_pass"": false,
  ""failure_reason"": ""short explanation""
}",,,,,,,,,pending,
306558,Generic,@AmazonHelp https://t.co/fmgg5St9VX is unresponsive.. The maker is a month old and stopped working. We would like to have it replaced,return_replacement,technical_product_issue,0.1854045232201092,no,True,low_intent_confidence,I'm sorry you're experiencing this issue. Please provide the relevant order details so we can better understand the problem and determine the appropriate next steps.,fallback,"[{""customer_tweet_id"": 1755084, ""customer_text"": ""@AmazonHelp Just 3 days after this month will end 🤔"", ""amazon_reply"": ""@528569 I understand your love for music :) It will be expanded to other devices and platforms in the future. Please stay tuned! ^BS"", ""similarity"": 0.25685557151142807}, {""customer_tweet_id"": 431162, ""customer_text"": ""@4031 @115821 sir like it has duped me, scam is over 900 crore. They send empty packet and keep d money too like they did wid me. HELP https://t.co/JGzDG8kgq6"", ""amazon_reply"": ""@217522 Kindly ensure to submit the form once you have shared your details. (2/2) ^CB"", ""similarity"": 0.15855831291954692}, {""customer_tweet_id"": 65899, ""customer_text"": ""@AmazonHelp Done"", ""amazon_reply"": ""@131073 Please write to us via DM with your concern and we'll be glad to assist you with this right away. ^BV"", ""similarity"": 0.153566853486129}]","You are evaluating an AI customer-support response.

Do NOT assume that a response is good merely because it resembles a
historical response.

Evaluate whether the candidate response actually addresses the customer's
message and whether its claims are supported by the supplied historical
evidence.

CUSTOMER MESSAGE:
@AmazonHelp https://t.co/fmgg5St9VX is unresponsive.. The maker is a month old and stopped working. We would like to have it replaced

HISTORICAL EVIDENCE:
Historical example 1
Similarity: 0.25685557151142807

Customer:
@AmazonHelp Just 3 days after this month will end 🤔

Amazon reply:
@528569 I understand your love for music :) It will be expanded to other devices and platforms in the future. Please stay tuned! ^BS

Historical example 2
Similarity: 0.15855831291954692

Customer:
@4031 @115821 sir like it has duped me, scam is over 900 crore. They send empty packet and keep d money too like they did wid me. HELP https://t.co/JGzDG8kgq6

Amazon reply:
@217522 Kindly ensure to submit the form once you have shared your details. (2/2) ^CB

Historical example 3
Similarity: 0.153566853486129

Customer:
@AmazonHelp Done

Amazon reply:
@131073 Please write to us via DM with your concern and we'll be glad to assist you with this right away. ^BV

CANDIDATE:
Generic

CANDIDATE RESPONSE:
I'm sorry you're experiencing this issue. Please provide the relevant order details so we can better understand the problem and determine the appropriate next steps.

ESCALATION DECISION MADE BY THE SYSTEM:
True

ESCALATION REASON:
low_intent_confidence


Score each response from 1 to 5 on:

1. helpfulness
   1 = does not help the customer
   3 = somewhat useful
   5 = directly useful and addresses the issue

2. intent_fit
   1 = clearly misunderstands the customer's issue
   3 = partially addresses it
   5 = directly addresses the customer's issue

3. grounding
   1 = unsupported or contradicts the historical evidence
   3 = partly consistent with evidence
   5 = clearly grounded in the historical evidence

4. factual_safety
   1 = invents facts, policies, actions, or guarantees
   3 = mostly safe but somewhat assumptive
   5 = makes no unsupported claims

5. escalation_appropriateness
   1 = escalation decision is clearly inappropriate
   3 = debatable
   5 = clearly appropriate

6. professionalism
   1 = poor/unprofessional
   3 = acceptable
   5 = clear, concise, professional support language

Also provide:

overall_pass:
true only if the response is reasonably helpful, safe, relevant,
and appropriate for the situation.

failure_reason:
A short explanation if overall_pass is false.
Use an empty string if the response passes.


Return ONLY valid JSON in exactly this structure:

{
  ""helpfulness"": 1,
  ""intent_fit"": 1,
  ""grounding"": 1,
  ""factual_safety"": 1,
  ""escalation_appropriateness"": 1,
  ""professionalism"": 1,
  ""overall_pass"": false,
  ""failure_reason"": ""short explanation""
}",,,,,,,,,pending,
306558,Retrieval,@AmazonHelp https://t.co/fmgg5St9VX is unresponsive.. The maker is a month old and stopped working. We would like to have it replaced,return_replacement,technical_product_issue,0.1854045232201092,no,True,low_intent_confidence,@528569 I understand your love for music :) It will be expanded to other devices and platforms in the future. Please stay tuned! ^BS,fallback,"[{""customer_tweet_id"": 1755084, ""customer_text"": ""@AmazonHelp Just 3 days after this month will end 🤔"", ""amazon_reply"": ""@528569 I understand your love for music :) It will be expanded to other devices and platforms in the future. Please stay tuned! ^BS"", ""similarity"": 0.25685557151142807}, {""customer_tweet_id"": 431162, ""customer_text"": ""@4031 @115821 sir like it has duped me, scam is over 900 crore. They send empty packet and keep d money too like they did wid me. HELP https://t.co/JGzDG8kgq6"", ""amazon_reply"": ""@217522 Kindly ensure to submit the form once you have shared your details. (2/2) ^CB"", ""similarity"": 0.15855831291954692}, {""customer_tweet_id"": 65899, ""customer_text"": ""@AmazonHelp Done"", ""amazon_reply"": ""@131073 Please write to us via DM with your concern and we'll be glad to assist you with this right away. ^BV"", ""similarity"": 0.153566853486129}]","You are evaluating an AI customer-support response.

Do NOT assume that a response is good merely because it resembles a
historical response.

Evaluate whether the candidate response actually addresses the customer's
message and whether its claims are supported by the supplied historical
evidence.

CUSTOMER MESSAGE:
@AmazonHelp https://t.co/fmgg5St9VX is unresponsive.. The maker is a month old and stopped working. We would like to have it replaced

HISTORICAL EVIDENCE:
Historical example 1
Similarity: 0.25685557151142807

Customer:
@AmazonHelp Just 3 days after this month will end 🤔

Amazon reply:
@528569 I understand your love for music :) It will be expanded to other devices and platforms in the future. Please stay tuned! ^BS

Historical example 2
Similarity: 0.15855831291954692

Customer:
@4031 @115821 sir like it has duped me, scam is over 900 crore. They send empty packet and keep d money too like they did wid me. HELP https://t.co/JGzDG8kgq6

Amazon reply:
@217522 Kindly ensure to submit the form once you have shared your details. (2/2) ^CB

Historical example 3
Similarity: 0.153566853486129

Customer:
@AmazonHelp Done

Amazon reply:
@131073 Please write to us via DM with your concern and we'll be glad to assist you with this right away. ^BV

CANDIDATE:
Retrieval

CANDIDATE RESPONSE:
@528569 I understand your love for music :) It will be expanded to other devices and platforms in the future. Please stay tuned! ^BS

ESCALATION DECISION MADE BY THE SYSTEM:
True

ESCALATION REASON:
low_intent_confidence


Score each response from 1 to 5 on:

1. helpfulness
   1 = does not help the customer
   3 = somewhat useful
   5 = directly useful and addresses the issue

2. intent_fit
   1 = clearly misunderstands the customer's issue
   3 = partially addresses it
   5 = directly addresses the customer's issue

3. grounding
   1 = unsupported or contradicts the historical evidence
   3 = partly consistent with evidence
   5 = clearly grounded in the historical evidence

4. factual_safety
   1 = invents facts, policies, actions, or guarantees
   3 = mostly safe but somewhat assumptive
   5 = makes no unsupported claims

5. escalation_appropriateness
   1 = escalation decision is clearly inappropriate
   3 = debatable
   5 = clearly appropriate

6. professionalism
   1 = poor/unprofessional
   3 = acceptable
   5 = clear, concise, professional support language

Also provide:

overall_pass:
true only if the response is reasonably helpful, safe, relevant,
and appropriate for the situation.

failure_reason:
A short explanation if overall_pass is false.
Use an empty string if the response passes.


Return ONLY valid JSON in exactly this structure:

{
  ""helpfulness"": 1,
  ""intent_fit"": 1,
  ""grounding"": 1,
  ""factual_safety"": 1,
  ""escalation_appropriateness"": 1,
  ""professionalism"": 1,
  ""overall_pass"": false,
  ""failure_reason"": ""short explanation""
}",,,,,,,,,pending,
306558,Agent,@AmazonHelp https://t.co/fmgg5St9VX is unresponsive.. The maker is a month old and stopped working. We would like to have it replaced,return_replacement,technical_product_issue,0.1854045232201092,no,True,low_intent_confidence,I'm sorry you're experiencing this issue. I've identified that this case should be reviewed by a human support agent. A support agent can review the order details and help with the next steps.,fallback,"[{""customer_tweet_id"": 1755084, ""customer_text"": ""@AmazonHelp Just 3 days after this month will end 🤔"", ""amazon_reply"": ""@528569 I understand your love for music :) It will be expanded to other devices and platforms in the future. Please stay tuned! ^BS"", ""similarity"": 0.25685557151142807}, {""customer_tweet_id"": 431162, ""customer_text"": ""@4031 @115821 sir like it has duped me, scam is over 900 crore. They send empty packet and keep d money too like they did wid me. HELP https://t.co/JGzDG8kgq6"", ""amazon_reply"": ""@217522 Kindly ensure to submit the form once you have shared your details. (2/2) ^CB"", ""similarity"": 0.15855831291954692}, {""customer_tweet_id"": 65899, ""customer_text"": ""@AmazonHelp Done"", ""amazon_reply"": ""@131073 Please write to us via DM with your concern and we'll be glad to assist you with this right away. ^BV"", ""similarity"": 0.153566853486129}]","You are evaluating an AI customer-support response.

Do NOT assume that a response is good merely because it resembles a
historical response.

Evaluate whether the candidate response actually addresses the customer's
message and whether its claims are supported by the supplied historical
evidence.

CUSTOMER MESSAGE:
@AmazonHelp https://t.co/fmgg5St9VX is unresponsive.. The maker is a month old and stopped working. We would like to have it replaced

HISTORICAL EVIDENCE:
Historical example 1
Similarity: 0.25685557151142807

Customer:
@AmazonHelp Just 3 days after this month will end 🤔

Amazon reply:
@528569 I understand your love for music :) It will be expanded to other devices and platforms in the future. Please stay tuned! ^BS

Historical example 2
Similarity: 0.15855831291954692

Customer:
@4031 @115821 sir like it has duped me, scam is over 900 crore. They send empty packet and keep d money too like they did wid me. HELP https://t.co/JGzDG8kgq6

Amazon reply:
@217522 Kindly ensure to submit the form once you have shared your details. (2/2) ^CB

Historical example 3
Similarity: 0.153566853486129

Customer:
@AmazonHelp Done

Amazon reply:
@131073 Please write to us via DM with your concern and we'll be glad to assist you with this right away. ^BV

CANDIDATE:
Agent

CANDIDATE RESPONSE:
I'm sorry you're experiencing this issue. I've identified that this case should be reviewed by a human support agent. A support agent can review the order details and help with the next steps.

ESCALATION DECISION MADE BY THE SYSTEM:
True

ESCALATION REASON:
low_intent_confidence


Score each response from 1 to 5 on:

1. helpfulness
   1 = does not help the customer
   3 = somewhat useful
   5 = directly useful and addresses the issue

2. intent_fit
   1 = clearly misunderstands the customer's issue
   3 = partially addresses it
   5 = directly addresses the customer's issue

3. grounding
   1 = unsupported or contradicts the historical evidence
   3 = partly consistent with evidence
   5 = clearly grounded in the historical evidence

4. factual_safety
   1 = invents facts, policies, actions, or guarantees
   3 = mostly safe but somewhat assumptive
   5 = makes no unsupported claims

5. escalation_appropriateness
   1 = escalation decision is clearly inappropriate
   3 = debatable
   5 = clearly appropriate

6. professionalism
   1 = poor/unprofessional
   3 = acceptable
   5 = clear, concise, professional support language

Also provide:

overall_pass:
true only if the response is reasonably helpful, safe, relevant,
and appropriate for the situation.

failure_reason:
A short explanation if overall_pass is false.
Use an empty string if the response passes.


Return ONLY valid JSON in exactly this structure:

{
  ""helpfulness"": 1,
  ""intent_fit"": 1,
  ""grounding"": 1,
  ""factual_safety"": 1,
  ""escalation_appropriateness"": 1,
  ""professionalism"": 1,
  ""overall_pass"": false,
  ""failure_reason"": ""short explanation""
}",,,,,,,,,pending,
1092429,Generic,@116316 Das ist schonmal was. Vielen lieben Dank :),other_general,other_general,0.1962880411953505,no,True,low_intent_confidence,I'm sorry you're experiencing this issue. Please provide the relevant order details so we can better understand the problem and determine the appropriate next steps.,fallback,"[{""customer_tweet_id"": 2855207, ""customer_text"": ""@115833 @AmazonHelp Guten Abend, meine Alexa aktiviert sich in den letzten paar Tagen immer wieder von selbst ohne das irgendwer das Aktivierungswort sagt. Ist auch bei Bekannten so. Woran liegt das?"", ""amazon_reply"": ""@199875 Normal meldet sie sich nur wenn sie gefragt wird, oder wenn jemand (auch der TV) ein ähnliches Wort ausspricht. Wie man das Aktivierungswort ändert, kannst du hier nachlesen: https://t.co/vyzB3gZe0T ^BL"", ""similarity"": 0.2828985818402803}, {""customer_tweet_id"": 1495598, ""customer_text"": ""@116316 @10114 Was ist denn aus dem Steelbook zu Battlefront II bei geworden? Wird mir in meiner Bestellung nicht mehr angezeigt. 🤔"", ""amazon_reply"": ""@467262 Hi! Meinst du, dass dir die Bestellung in deinem Kundenkonto nicht mehr angezeigt wird? ^AS"", ""similarity"": 0.1736765832204591}, {""customer_tweet_id"": 1554354, ""customer_text"": ""Great customer service from Jürgen at @116316 , thanks!"", ""amazon_reply"": ""@480784 Thanks 🙂 You are welcome. Kind regards ^TR"", ""similarity"": 0.16864934191451475}]","You are evaluating an AI customer-support response.

Do NOT assume that a response is good merely because it resembles a
historical response.

Evaluate whether the candidate response actually addresses the customer's
message and whether its claims are supported by the supplied historical
evidence.

CUSTOMER MESSAGE:
@116316 Das ist schonmal was. Vielen lieben Dank :)

HISTORICAL EVIDENCE:
Historical example 1
Similarity: 0.2828985818402803

Customer:
@115833 @AmazonHelp Guten Abend, meine Alexa aktiviert sich in den letzten paar Tagen immer wieder von selbst ohne das irgendwer das Aktivierungswort sagt. Ist auch bei Bekannten so. Woran liegt das?

Amazon reply:
@199875 Normal meldet sie sich nur wenn sie gefragt wird, oder wenn jemand (auch der TV) ein ähnliches Wort ausspricht. Wie man das Aktivierungswort ändert, kannst du hier nachlesen: https://t.co/vyzB3gZe0T ^BL

Historical example 2
Similarity: 0.1736765832204591

Customer:
@116316 @10114 Was ist denn aus dem Steelbook zu Battlefront II bei geworden? Wird mir in meiner Bestellung nicht mehr angezeigt. 🤔

Amazon reply:
@467262 Hi! Meinst du, dass dir die Bestellung in deinem Kundenkonto nicht mehr angezeigt wird? ^AS

Historical example 3
Similarity: 0.16864934191451475

Customer:
Great customer service from Jürgen at @116316 , thanks!

Amazon reply:
@480784 Thanks 🙂 You are welcome. Kind regards ^TR

CANDIDATE:
Generic

CANDIDATE RESPONSE:
I'm sorry you're experiencing this issue. Please provide the relevant order details so we can better understand the problem and determine the appropriate next steps.

ESCALATION DECISION MADE BY THE SYSTEM:
True

ESCALATION REASON:
low_intent_confidence


Score each response from 1 to 5 on:

1. helpfulness
   1 = does not help the customer
   3 = somewhat useful
   5 = directly useful and addresses the issue

2. intent_fit
   1 = clearly misunderstands the customer's issue
   3 = partially addresses it
   5 = directly addresses the customer's issue

3. grounding
   1 = unsupported or contradicts the historical evidence
   3 = partly consistent with evidence
   5 = clearly grounded in the historical evidence

4. factual_safety
   1 = invents facts, policies, actions, or guarantees
   3 = mostly safe but somewhat assumptive
   5 = makes no unsupported claims

5. escalation_appropriateness
   1 = escalation decision is clearly inappropriate
   3 = debatable
   5 = clearly appropriate

6. professionalism
   1 = poor/unprofessional
   3 = acceptable
   5 = clear, concise, professional support language

Also provide:

overall_pass:
true only if the response is reasonably helpful, safe, relevant,
and appropriate for the situation.

failure_reason:
A short explanation if overall_pass is false.
Use an empty string if the response passes.


Return ONLY valid JSON in exactly this structure:

{
  ""helpfulness"": 1,
  ""intent_fit"": 1,
  ""grounding"": 1,
  ""factual_safety"": 1,
  ""escalation_appropriateness"": 1,
  ""professionalism"": 1,
  ""overall_pass"": false,
  ""failure_reason"": ""short explanation""
}",,,,,,,,,pending,
1092429,Retrieval,@116316 Das ist schonmal was. Vielen lieben Dank :),other_general,other_general,0.1962880411953505,no,True,low_intent_confidence,"@199875 Normal meldet sie sich nur wenn sie gefragt wird, oder wenn jemand (auch der TV) ein ähnliches Wort ausspricht. Wie man das Aktivierungswort ändert, kannst du hier nachlesen: https://t.co/vyzB3gZe0T ^BL",fallback,"[{""customer_tweet_id"": 2855207, ""customer_text"": ""@115833 @AmazonHelp Guten Abend, meine Alexa aktiviert sich in den letzten paar Tagen immer wieder von selbst ohne das irgendwer das Aktivierungswort sagt. Ist auch bei Bekannten so. Woran liegt das?"", ""amazon_reply"": ""@199875 Normal meldet sie sich nur wenn sie gefragt wird, oder wenn jemand (auch der TV) ein ähnliches Wort ausspricht. Wie man das Aktivierungswort ändert, kannst du hier nachlesen: https://t.co/vyzB3gZe0T ^BL"", ""similarity"": 0.2828985818402803}, {""customer_tweet_id"": 1495598, ""customer_text"": ""@116316 @10114 Was ist denn aus dem Steelbook zu Battlefront II bei geworden? Wird mir in meiner Bestellung nicht mehr angezeigt. 🤔"", ""amazon_reply"": ""@467262 Hi! Meinst du, dass dir die Bestellung in deinem Kundenkonto nicht mehr angezeigt wird? ^AS"", ""similarity"": 0.1736765832204591}, {""customer_tweet_id"": 1554354, ""customer_text"": ""Great customer service from Jürgen at @116316 , thanks!"", ""amazon_reply"": ""@480784 Thanks 🙂 You are welcome. Kind regards ^TR"", ""similarity"": 0.16864934191451475}]","You are evaluating an AI customer-support response.

Do NOT assume that a response is good merely because it resembles a
historical response.

Evaluate whether the candidate response actually addresses the customer's
message and whether its claims are supported by the supplied historical
evidence.

CUSTOMER MESSAGE:
@116316 Das ist schonmal was. Vielen lieben Dank :)

HISTORICAL EVIDENCE:
Historical example 1
Similarity: 0.2828985818402803

Customer:
@115833 @AmazonHelp Guten Abend, meine Alexa aktiviert sich in den letzten paar Tagen immer wieder von selbst ohne das irgendwer das Aktivierungswort sagt. Ist auch bei Bekannten so. Woran liegt das?

Amazon reply:
@199875 Normal meldet sie sich nur wenn sie gefragt wird, oder wenn jemand (auch der TV) ein ähnliches Wort ausspricht. Wie man das Aktivierungswort ändert, kannst du hier nachlesen: https://t.co/vyzB3gZe0T ^BL

Historical example 2
Similarity: 0.1736765832204591

Customer:
@116316 @10114 Was ist denn aus dem Steelbook zu Battlefront II bei geworden? Wird mir in meiner Bestellung nicht mehr angezeigt. 🤔

Amazon reply:
@467262 Hi! Meinst du, dass dir die Bestellung in deinem Kundenkonto nicht mehr angezeigt wird? ^AS

Historical example 3
Similarity: 0.16864934191451475

Customer:
Great customer service from Jürgen at @116316 , thanks!

Amazon reply:
@480784 Thanks 🙂 You are welcome. Kind regards ^TR

CANDIDATE:
Retrieval

CANDIDATE RESPONSE:
@199875 Normal meldet sie sich nur wenn sie gefragt wird, oder wenn jemand (auch der TV) ein ähnliches Wort ausspricht. Wie man das Aktivierungswort ändert, kannst du hier nachlesen: https://t.co/vyzB3gZe0T ^BL

ESCALATION DECISION MADE BY THE SYSTEM:
True

ESCALATION REASON:
low_intent_confidence


Score each response from 1 to 5 on:

1. helpfulness
   1 = does not help the customer
   3 = somewhat useful
   5 = directly useful and addresses the issue

2. intent_fit
   1 = clearly misunderstands the customer's issue
   3 = partially addresses it
   5 = directly addresses the customer's issue

3. grounding
   1 = unsupported or contradicts the historical evidence
   3 = partly consistent with evidence
   5 = clearly grounded in the historical evidence

4. factual_safety
   1 = invents facts, policies, actions, or guarantees
   3 = mostly safe but somewhat assumptive
   5 = makes no unsupported claims

5. escalation_appropriateness
   1 = escalation decision is clearly inappropriate
   3 = debatable
   5 = clearly appropriate

6. professionalism
   1 = poor/unprofessional
   3 = acceptable
   5 = clear, concise, professional support language

Also provide:

overall_pass:
true only if the response is reasonably helpful, safe, relevant,
and appropriate for the situation.

failure_reason:
A short explanation if overall_pass is false.
Use an empty string if the response passes.


Return ONLY valid JSON in exactly this structure:

{
  ""helpfulness"": 1,
  ""intent_fit"": 1,
  ""grounding"": 1,
  ""factual_safety"": 1,
  ""escalation_appropriateness"": 1,
  ""professionalism"": 1,
  ""overall_pass"": false,
  ""failure_reason"": ""short explanation""
}",,,,,,,,,pending,
1092429,Agent,@116316 Das ist schonmal was. Vielen lieben Dank :),other_general,other_general,0.1962880411953505,no,True,low_intent_confidence,I'm sorry you're experiencing this issue. I've identified that this case should be reviewed by a human support agent. A support agent can review the order details and help with the next steps.,fallback,"[{""customer_tweet_id"": 2855207, ""customer_text"": ""@115833 @AmazonHelp Guten Abend, meine Alexa aktiviert sich in den letzten paar Tagen immer wieder von selbst ohne das irgendwer das Aktivierungswort sagt. Ist auch bei Bekannten so. Woran liegt das?"", ""amazon_reply"": ""@199875 Normal meldet sie sich nur wenn sie gefragt wird, oder wenn jemand (auch der TV) ein ähnliches Wort ausspricht. Wie man das Aktivierungswort ändert, kannst du hier nachlesen: https://t.co/vyzB3gZe0T ^BL"", ""similarity"": 0.2828985818402803}, {""customer_tweet_id"": 1495598, ""customer_text"": ""@116316 @10114 Was ist denn aus dem Steelbook zu Battlefront II bei geworden? Wird mir in meiner Bestellung nicht mehr angezeigt. 🤔"", ""amazon_reply"": ""@467262 Hi! Meinst du, dass dir die Bestellung in deinem Kundenkonto nicht mehr angezeigt wird? ^AS"", ""similarity"": 0.1736765832204591}, {""customer_tweet_id"": 1554354, ""customer_text"": ""Great customer service from Jürgen at @116316 , thanks!"", ""amazon_reply"": ""@480784 Thanks 🙂 You are welcome. Kind regards ^TR"", ""similarity"": 0.16864934191451475}]","You are evaluating an AI customer-support response.

Do NOT assume that a response is good merely because it resembles a
historical response.

Evaluate whether the candidate response actually addresses the customer's
message and whether its claims are supported by the supplied historical
evidence.

CUSTOMER MESSAGE:
@116316 Das ist schonmal was. Vielen lieben Dank :)

HISTORICAL EVIDENCE:
Historical example 1
Similarity: 0.2828985818402803

Customer:
@115833 @AmazonHelp Guten Abend, meine Alexa aktiviert sich in den letzten paar Tagen immer wieder von selbst ohne das irgendwer das Aktivierungswort sagt. Ist auch bei Bekannten so. Woran liegt das?

Amazon reply:
@199875 Normal meldet sie sich nur wenn sie gefragt wird, oder wenn jemand (auch der TV) ein ähnliches Wort ausspricht. Wie man das Aktivierungswort ändert, kannst du hier nachlesen: https://t.co/vyzB3gZe0T ^BL

Historical example 2
Similarity: 0.1736765832204591

Customer:
@116316 @10114 Was ist denn aus dem Steelbook zu Battlefront II bei geworden? Wird mir in meiner Bestellung nicht mehr angezeigt. 🤔

Amazon reply:
@467262 Hi! Meinst du, dass dir die Bestellung in deinem Kundenkonto nicht mehr angezeigt wird? ^AS

Historical example 3
Similarity: 0.16864934191451475

Customer:
Great customer service from Jürgen at @116316 , thanks!

Amazon reply:
@480784 Thanks 🙂 You are welcome. Kind regards ^TR

CANDIDATE:
Agent

CANDIDATE RESPONSE:
I'm sorry you're experiencing this issue. I've identified that this case should be reviewed by a human support agent. A support agent can review the order details and help with the next steps.

ESCALATION DECISION MADE BY THE SYSTEM:
True

ESCALATION REASON:
low_intent_confidence


Score each response from 1 to 5 on:

1. helpfulness
   1 = does not help the customer
   3 = somewhat useful
   5 = directly useful and addresses the issue

2. intent_fit
   1 = clearly misunderstands the customer's issue
   3 = partially addresses it
   5 = directly addresses the customer's issue

3. grounding
   1 = unsupported or contradicts the historical evidence
   3 = partly consistent with evidence
   5 = clearly grounded in the historical evidence

4. factual_safety
   1 = invents facts, policies, actions, or guarantees
   3 = mostly safe but somewhat assumptive
   5 = makes no unsupported claims

5. escalation_appropriateness
   1 = escalation decision is clearly inappropriate
   3 = debatable
   5 = clearly appropriate

6. professionalism
   1 = poor/unprofessional
   3 = acceptable
   5 = clear, concise, professional support language

Also provide:

overall_pass:
true only if the response is reasonably helpful, safe, relevant,
and appropriate for the situation.

failure_reason:
A short explanation if overall_pass is false.
Use an empty string if the response passes.


Return ONLY valid JSON in exactly this structure:

{
  ""helpfulness"": 1,
  ""intent_fit"": 1,
  ""grounding"": 1,
  ""factual_safety"": 1,
  ""escalation_appropriateness"": 1,
  ""professionalism"": 1,
  ""overall_pass"": false,
  ""failure_reason"": ""short explanation""
}",,,,,,,,,pending,
71890,Generic,Bonjour @120533 je voudrais savoir si un jour vous comptez mettre comme moyen de paiement la carte Maestro ? Merci beaucoup,payment_billing,other_general,0.1929726504008807,no,True,low_intent_confidence,I'm sorry you're experiencing this issue. Please provide the relevant order details so we can better understand the problem and determine the appropriate next steps.,fallback,"[{""customer_tweet_id"": 109822, ""customer_text"": ""Je sens que c'est mort pour l'artbook de Persona 5 😥 Merci @120533"", ""amazon_reply"": ""@140385 Bonsoir, pouvez-vous nous expliquer davantage le souci je vous prie ? ^KE"", ""similarity"": 0.2455107290609968}, {""customer_tweet_id"": 1881648, ""customer_text"": ""@120533 MaJ : remboursement de la part d'Amazon."", ""amazon_reply"": ""@561522 Contactez s'il vous plaît notre service client pour qu'ils vous aident via https://t.co/hgIrz98cdI"", ""similarity"": 0.17386585989210918}, {""customer_tweet_id"": 2538856, ""customer_text"": ""@AmazonHelp vous etes pas compétent"", ""amazon_reply"": ""@389945 Bonjour, je suis désolée d'apprendre cela. Pouvez-vous m'expliquer davantage la situation rencontrée s'il vous plait ? ^SB"", ""similarity"": 0.15272530535075934}]","You are evaluating an AI customer-support response.

Do NOT assume that a response is good merely because it resembles a
historical response.

Evaluate whether the candidate response actually addresses the customer's
message and whether its claims are supported by the supplied historical
evidence.

CUSTOMER MESSAGE:
Bonjour @120533 je voudrais savoir si un jour vous comptez mettre comme moyen de paiement la carte Maestro ? Merci beaucoup

HISTORICAL EVIDENCE:
Historical example 1
Similarity: 0.2455107290609968

Customer:
Je sens que c'est mort pour l'artbook de Persona 5 😥 Merci @120533

Amazon reply:
@140385 Bonsoir, pouvez-vous nous expliquer davantage le souci je vous prie ? ^KE

Historical example 2
Similarity: 0.17386585989210918

Customer:
@120533 MaJ : remboursement de la part d'Amazon.

Amazon reply:
@561522 Contactez s'il vous plaît notre service client pour qu'ils vous aident via https://t.co/hgIrz98cdI

Historical example 3
Similarity: 0.15272530535075934

Customer:
@AmazonHelp vous etes pas compétent

Amazon reply:
@389945 Bonjour, je suis désolée d'apprendre cela. Pouvez-vous m'expliquer davantage la situation rencontrée s'il vous plait ? ^SB

CANDIDATE:
Generic

CANDIDATE RESPONSE:
I'm sorry you're experiencing this issue. Please provide the relevant order details so we can better understand the problem and determine the appropriate next steps.

ESCALATION DECISION MADE BY THE SYSTEM:
True

ESCALATION REASON:
low_intent_confidence


Score each response from 1 to 5 on:

1. helpfulness
   1 = does not help the customer
   3 = somewhat useful
   5 = directly useful and addresses the issue

2. intent_fit
   1 = clearly misunderstands the customer's issue
   3 = partially addresses it
   5 = directly addresses the customer's issue

3. grounding
   1 = unsupported or contradicts the historical evidence
   3 = partly consistent with evidence
   5 = clearly grounded in the historical evidence

4. factual_safety
   1 = invents facts, policies, actions, or guarantees
   3 = mostly safe but somewhat assumptive
   5 = makes no unsupported claims

5. escalation_appropriateness
   1 = escalation decision is clearly inappropriate
   3 = debatable
   5 = clearly appropriate

6. professionalism
   1 = poor/unprofessional
   3 = acceptable
   5 = clear, concise, professional support language

Also provide:

overall_pass:
true only if the response is reasonably helpful, safe, relevant,
and appropriate for the situation.

failure_reason:
A short explanation if overall_pass is false.
Use an empty string if the response passes.


Return ONLY valid JSON in exactly this structure:

{
  ""helpfulness"": 1,
  ""intent_fit"": 1,
  ""grounding"": 1,
  ""factual_safety"": 1,
  ""escalation_appropriateness"": 1,
  ""professionalism"": 1,
  ""overall_pass"": false,
  ""failure_reason"": ""short explanation""
}",,,,,,,,,pending,
71890,Retrieval,Bonjour @120533 je voudrais savoir si un jour vous comptez mettre comme moyen de paiement la carte Maestro ? Merci beaucoup,payment_billing,other_general,0.1929726504008807,no,True,low_intent_confidence,"@140385 Bonsoir, pouvez-vous nous expliquer davantage le souci je vous prie ? ^KE",fallback,"[{""customer_tweet_id"": 109822, ""customer_text"": ""Je sens que c'est mort pour l'artbook de Persona 5 😥 Merci @120533"", ""amazon_reply"": ""@140385 Bonsoir, pouvez-vous nous expliquer davantage le souci je vous prie ? ^KE"", ""similarity"": 0.2455107290609968}, {""customer_tweet_id"": 1881648, ""customer_text"": ""@120533 MaJ : remboursement de la part d'Amazon."", ""amazon_reply"": ""@561522 Contactez s'il vous plaît notre service client pour qu'ils vous aident via https://t.co/hgIrz98cdI"", ""similarity"": 0.17386585989210918}, {""customer_tweet_id"": 2538856, ""customer_text"": ""@AmazonHelp vous etes pas compétent"", ""amazon_reply"": ""@389945 Bonjour, je suis désolée d'apprendre cela. Pouvez-vous m'expliquer davantage la situation rencontrée s'il vous plait ? ^SB"", ""similarity"": 0.15272530535075934}]","You are evaluating an AI customer-support response.

Do NOT assume that a response is good merely because it resembles a
historical response.

Evaluate whether the candidate response actually addresses the customer's
message and whether its claims are supported by the supplied historical
evidence.

CUSTOMER MESSAGE:
Bonjour @120533 je voudrais savoir si un jour vous comptez mettre comme moyen de paiement la carte Maestro ? Merci beaucoup

HISTORICAL EVIDENCE:
Historical example 1
Similarity: 0.2455107290609968

Customer:
Je sens que c'est mort pour l'artbook de Persona 5 😥 Merci @120533

Amazon reply:
@140385 Bonsoir, pouvez-vous nous expliquer davantage le souci je vous prie ? ^KE

Historical example 2
Similarity: 0.17386585989210918

Customer:
@120533 MaJ : remboursement de la part d'Amazon.

Amazon reply:
@561522 Contactez s'il vous plaît notre service client pour qu'ils vous aident via https://t.co/hgIrz98cdI

Historical example 3
Similarity: 0.15272530535075934

Customer:
@AmazonHelp vous etes pas compétent

Amazon reply:
@389945 Bonjour, je suis désolée d'apprendre cela. Pouvez-vous m'expliquer davantage la situation rencontrée s'il vous plait ? ^SB

CANDIDATE:
Retrieval

CANDIDATE RESPONSE:
@140385 Bonsoir, pouvez-vous nous expliquer davantage le souci je vous prie ? ^KE

ESCALATION DECISION MADE BY THE SYSTEM:
True

ESCALATION REASON:
low_intent_confidence


Score each response from 1 to 5 on:

1. helpfulness
   1 = does not help the customer
   3 = somewhat useful
   5 = directly useful and addresses the issue

2. intent_fit
   1 = clearly misunderstands the customer's issue
   3 = partially addresses it
   5 = directly addresses the customer's issue

3. grounding
   1 = unsupported or contradicts the historical evidence
   3 = partly consistent with evidence
   5 = clearly grounded in the historical evidence

4. factual_safety
   1 = invents facts, policies, actions, or guarantees
   3 = mostly safe but somewhat assumptive
   5 = makes no unsupported claims

5. escalation_appropriateness
   1 = escalation decision is clearly inappropriate
   3 = debatable
   5 = clearly appropriate

6. professionalism
   1 = poor/unprofessional
   3 = acceptable
   5 = clear, concise, professional support language

Also provide:

overall_pass:
true only if the response is reasonably helpful, safe, relevant,
and appropriate for the situation.

failure_reason:
A short explanation if overall_pass is false.
Use an empty string if the response passes.


Return ONLY valid JSON in exactly this structure:

{
  ""helpfulness"": 1,
  ""intent_fit"": 1,
  ""grounding"": 1,
  ""factual_safety"": 1,
  ""escalation_appropriateness"": 1,
  ""professionalism"": 1,
  ""overall_pass"": false,
  ""failure_reason"": ""short explanation""
}",,,,,,,,,pending,
71890,Agent,Bonjour @120533 je voudrais savoir si un jour vous comptez mettre comme moyen de paiement la carte Maestro ? Merci beaucoup,payment_billing,other_general,0.1929726504008807,no,True,low_intent_confidence,I'm sorry you're experiencing this issue. I've identified that this case should be reviewed by a human support agent. A support agent can review the order details and help with the next steps.,fallback,"[{""customer_tweet_id"": 109822, ""customer_text"": ""Je sens que c'est mort pour l'artbook de Persona 5 😥 Merci @120533"", ""amazon_reply"": ""@140385 Bonsoir, pouvez-vous nous expliquer davantage le souci je vous prie ? ^KE"", ""similarity"": 0.2455107290609968}, {""customer_tweet_id"": 1881648, ""customer_text"": ""@120533 MaJ : remboursement de la part d'Amazon."", ""amazon_reply"": ""@561522 Contactez s'il vous plaît notre service client pour qu'ils vous aident via https://t.co/hgIrz98cdI"", ""similarity"": 0.17386585989210918}, {""customer_tweet_id"": 2538856, ""customer_text"": ""@AmazonHelp vous etes pas compétent"", ""amazon_reply"": ""@389945 Bonjour, je suis désolée d'apprendre cela. Pouvez-vous m'expliquer davantage la situation rencontrée s'il vous plait ? ^SB"", ""similarity"": 0.15272530535075934}]","You are evaluating an AI customer-support response.

Do NOT assume that a response is good merely because it resembles a
historical response.

Evaluate whether the candidate response actually addresses the customer's
message and whether its claims are supported by the supplied historical
evidence.

CUSTOMER MESSAGE:
Bonjour @120533 je voudrais savoir si un jour vous comptez mettre comme moyen de paiement la carte Maestro ? Merci beaucoup

HISTORICAL EVIDENCE:
Historical example 1
Similarity: 0.2455107290609968

Customer:
Je sens que c'est mort pour l'artbook de Persona 5 😥 Merci @120533

Amazon reply:
@140385 Bonsoir, pouvez-vous nous expliquer davantage le souci je vous prie ? ^KE

Historical example 2
Similarity: 0.17386585989210918

Customer:
@120533 MaJ : remboursement de la part d'Amazon.

Amazon reply:
@561522 Contactez s'il vous plaît notre service client pour qu'ils vous aident via https://t.co/hgIrz98cdI

Historical example 3
Similarity: 0.15272530535075934

Customer:
@AmazonHelp vous etes pas compétent

Amazon reply:
@389945 Bonjour, je suis désolée d'apprendre cela. Pouvez-vous m'expliquer davantage la situation rencontrée s'il vous plait ? ^SB

CANDIDATE:
Agent

CANDIDATE RESPONSE:
I'm sorry you're experiencing this issue. I've identified that this case should be reviewed by a human support agent. A support agent can review the order details and help with the next steps.

ESCALATION DECISION MADE BY THE SYSTEM:
True

ESCALATION REASON:
low_intent_confidence


Score each response from 1 to 5 on:

1. helpfulness
   1 = does not help the customer
   3 = somewhat useful
   5 = directly useful and addresses the issue

2. intent_fit
   1 = clearly misunderstands the customer's issue
   3 = partially addresses it
   5 = directly addresses the customer's issue

3. grounding
   1 = unsupported or contradicts the historical evidence
   3 = partly consistent with evidence
   5 = clearly grounded in the historical evidence

4. factual_safety
   1 = invents facts, policies, actions, or guarantees
   3 = mostly safe but somewhat assumptive
   5 = makes no unsupported claims

5. escalation_appropriateness
   1 = escalation decision is clearly inappropriate
   3 = debatable
   5 = clearly appropriate

6. professionalism
   1 = poor/unprofessional
   3 = acceptable
   5 = clear, concise, professional support language

Also provide:

overall_pass:
true only if the response is reasonably helpful, safe, relevant,
and appropriate for the situation.

failure_reason:
A short explanation if overall_pass is false.
Use an empty string if the response passes.


Return ONLY valid JSON in exactly this structure:

{
  ""helpfulness"": 1,
  ""intent_fit"": 1,
  ""grounding"": 1,
  ""factual_safety"": 1,
  ""escalation_appropriateness"": 1,
  ""professionalism"": 1,
  ""overall_pass"": false,
  ""failure_reason"": ""short explanation""
}",,,,,,,,,pending,
1234092,Generic,@AmazonHelp my parcel said it was delivered and signed for by me yesterday but i wasn't in. I can't find the parcel - can you help please?,missing_package,delivery_delay,0.1881328807046299,yes,True,low_intent_confidence,I'm sorry you're experiencing this issue. Please provide the relevant order details so we can better understand the problem and determine the appropriate next steps.,fallback,"[{""customer_tweet_id"": 1302289, ""customer_text"": ""@AmazonHelp We have community mailboxes, I was given a key for a parcel box, indicating my parcel was delivered, but there was nothing in the box."", ""amazon_reply"": ""@340283 That is interesting! Have you tired contacting us via phone or chat? If so what options where you provided? ^LS"", ""similarity"": 0.24214875964885685}, {""customer_tweet_id"": 2514040, ""customer_text"": ""@AmazonHelp I’ve had a parcel delivered according to your tracker but no item was deliver anychance you can help ?"", ""amazon_reply"": ""@716358 Hi, sorry to hear this. Take a look at the following link as it might help you locate the parcel: http:https://t.co/lcIviyIte1 ^CR"", ""similarity"": 0.2128780030189975}, {""customer_tweet_id"": 553360, ""customer_text"": ""@AmazonHelp I was originally suppose to get it Thursday November 30th then it said yesterday then it said today and I still haven't gotten it https://t.co/uIe1uNy3T1"", ""amazon_reply"": ""@249052 We'd like to look into available options. Please reach out to us here: https://t.co/hApLpMlfHN ^RR"", ""similarity"": 0.2070142975669994}]","You are evaluating an AI customer-support response.

Do NOT assume that a response is good merely because it resembles a
historical response.

Evaluate whether the candidate response actually addresses the customer's
message and whether its claims are supported by the supplied historical
evidence.

CUSTOMER MESSAGE:
@AmazonHelp my parcel said it was delivered and signed for by me yesterday but i wasn't in. I can't find the parcel - can you help please?

HISTORICAL EVIDENCE:
Historical example 1
Similarity: 0.24214875964885685

Customer:
@AmazonHelp We have community mailboxes, I was given a key for a parcel box, indicating my parcel was delivered, but there was nothing in the box.

Amazon reply:
@340283 That is interesting! Have you tired contacting us via phone or chat? If so what options where you provided? ^LS

Historical example 2
Similarity: 0.2128780030189975

Customer:
@AmazonHelp I’ve had a parcel delivered according to your tracker but no item was deliver anychance you can help ?

Amazon reply:
@716358 Hi, sorry to hear this. Take a look at the following link as it might help you locate the parcel: http:https://t.co/lcIviyIte1 ^CR

Historical example 3
Similarity: 0.2070142975669994

Customer:
@AmazonHelp I was originally suppose to get it Thursday November 30th then it said yesterday then it said today and I still haven't gotten it https://t.co/uIe1uNy3T1

Amazon reply:
@249052 We'd like to look into available options. Please reach out to us here: https://t.co/hApLpMlfHN ^RR

CANDIDATE:
Generic

CANDIDATE RESPONSE:
I'm sorry you're experiencing this issue. Please provide the relevant order details so we can better understand the problem and determine the appropriate next steps.

ESCALATION DECISION MADE BY THE SYSTEM:
True

ESCALATION REASON:
low_intent_confidence


Score each response from 1 to 5 on:

1. helpfulness
   1 = does not help the customer
   3 = somewhat useful
   5 = directly useful and addresses the issue

2. intent_fit
   1 = clearly misunderstands the customer's issue
   3 = partially addresses it
   5 = directly addresses the customer's issue

3. grounding
   1 = unsupported or contradicts the historical evidence
   3 = partly consistent with evidence
   5 = clearly grounded in the historical evidence

4. factual_safety
   1 = invents facts, policies, actions, or guarantees
   3 = mostly safe but somewhat assumptive
   5 = makes no unsupported claims

5. escalation_appropriateness
   1 = escalation decision is clearly inappropriate
   3 = debatable
   5 = clearly appropriate

6. professionalism
   1 = poor/unprofessional
   3 = acceptable
   5 = clear, concise, professional support language

Also provide:

overall_pass:
true only if the response is reasonably helpful, safe, relevant,
and appropriate for the situation.

failure_reason:
A short explanation if overall_pass is false.
Use an empty string if the response passes.


Return ONLY valid JSON in exactly this structure:

{
  ""helpfulness"": 1,
  ""intent_fit"": 1,
  ""grounding"": 1,
  ""factual_safety"": 1,
  ""escalation_appropriateness"": 1,
  ""professionalism"": 1,
  ""overall_pass"": false,
  ""failure_reason"": ""short explanation""
}",,,,,,,,,pending,
1234092,Retrieval,@AmazonHelp my parcel said it was delivered and signed for by me yesterday but i wasn't in. I can't find the parcel - can you help please?,missing_package,delivery_delay,0.1881328807046299,yes,True,low_intent_confidence,@340283 That is interesting! Have you tired contacting us via phone or chat? If so what options where you provided? ^LS,fallback,"[{""customer_tweet_id"": 1302289, ""customer_text"": ""@AmazonHelp We have community mailboxes, I was given a key for a parcel box, indicating my parcel was delivered, but there was nothing in the box."", ""amazon_reply"": ""@340283 That is interesting! Have you tired contacting us via phone or chat? If so what options where you provided? ^LS"", ""similarity"": 0.24214875964885685}, {""customer_tweet_id"": 2514040, ""customer_text"": ""@AmazonHelp I’ve had a parcel delivered according to your tracker but no item was deliver anychance you can help ?"", ""amazon_reply"": ""@716358 Hi, sorry to hear this. Take a look at the following link as it might help you locate the parcel: http:https://t.co/lcIviyIte1 ^CR"", ""similarity"": 0.2128780030189975}, {""customer_tweet_id"": 553360, ""customer_text"": ""@AmazonHelp I was originally suppose to get it Thursday November 30th then it said yesterday then it said today and I still haven't gotten it https://t.co/uIe1uNy3T1"", ""amazon_reply"": ""@249052 We'd like to look into available options. Please reach out to us here: https://t.co/hApLpMlfHN ^RR"", ""similarity"": 0.2070142975669994}]","You are evaluating an AI customer-support response.

Do NOT assume that a response is good merely because it resembles a
historical response.

Evaluate whether the candidate response actually addresses the customer's
message and whether its claims are supported by the supplied historical
evidence.

CUSTOMER MESSAGE:
@AmazonHelp my parcel said it was delivered and signed for by me yesterday but i wasn't in. I can't find the parcel - can you help please?

HISTORICAL EVIDENCE:
Historical example 1
Similarity: 0.24214875964885685

Customer:
@AmazonHelp We have community mailboxes, I was given a key for a parcel box, indicating my parcel was delivered, but there was nothing in the box.

Amazon reply:
@340283 That is interesting! Have you tired contacting us via phone or chat? If so what options where you provided? ^LS

Historical example 2
Similarity: 0.2128780030189975

Customer:
@AmazonHelp I’ve had a parcel delivered according to your tracker but no item was deliver anychance you can help ?

Amazon reply:
@716358 Hi, sorry to hear this. Take a look at the following link as it might help you locate the parcel: http:https://t.co/lcIviyIte1 ^CR

Historical example 3
Similarity: 0.2070142975669994

Customer:
@AmazonHelp I was originally suppose to get it Thursday November 30th then it said yesterday then it said today and I still haven't gotten it https://t.co/uIe1uNy3T1

Amazon reply:
@249052 We'd like to look into available options. Please reach out to us here: https://t.co/hApLpMlfHN ^RR

CANDIDATE:
Retrieval

CANDIDATE RESPONSE:
@340283 That is interesting! Have you tired contacting us via phone or chat? If so what options where you provided? ^LS

ESCALATION DECISION MADE BY THE SYSTEM:
True

ESCALATION REASON:
low_intent_confidence


Score each response from 1 to 5 on:

1. helpfulness
   1 = does not help the customer
   3 = somewhat useful
   5 = directly useful and addresses the issue

2. intent_fit
   1 = clearly misunderstands the customer's issue
   3 = partially addresses it
   5 = directly addresses the customer's issue

3. grounding
   1 = unsupported or contradicts the historical evidence
   3 = partly consistent with evidence
   5 = clearly grounded in the historical evidence

4. factual_safety
   1 = invents facts, policies, actions, or guarantees
   3 = mostly safe but somewhat assumptive
   5 = makes no unsupported claims

5. escalation_appropriateness
   1 = escalation decision is clearly inappropriate
   3 = debatable
   5 = clearly appropriate

6. professionalism
   1 = poor/unprofessional
   3 = acceptable
   5 = clear, concise, professional support language

Also provide:

overall_pass:
true only if the response is reasonably helpful, safe, relevant,
and appropriate for the situation.

failure_reason:
A short explanation if overall_pass is false.
Use an empty string if the response passes.


Return ONLY valid JSON in exactly this structure:

{
  ""helpfulness"": 1,
  ""intent_fit"": 1,
  ""grounding"": 1,
  ""factual_safety"": 1,
  ""escalation_appropriateness"": 1,
  ""professionalism"": 1,
  ""overall_pass"": false,
  ""failure_reason"": ""short explanation""
}",,,,,,,,,pending,
1234092,Agent,@AmazonHelp my parcel said it was delivered and signed for by me yesterday but i wasn't in. I can't find the parcel - can you help please?,missing_package,delivery_delay,0.1881328807046299,yes,True,low_intent_confidence,I'm sorry you're experiencing this issue. I've identified that this case should be reviewed by a human support agent. A support agent can review the order details and help with the next steps.,fallback,"[{""customer_tweet_id"": 1302289, ""customer_text"": ""@AmazonHelp We have community mailboxes, I was given a key for a parcel box, indicating my parcel was delivered, but there was nothing in the box."", ""amazon_reply"": ""@340283 That is interesting! Have you tired contacting us via phone or chat? If so what options where you provided? ^LS"", ""similarity"": 0.24214875964885685}, {""customer_tweet_id"": 2514040, ""customer_text"": ""@AmazonHelp I’ve had a parcel delivered according to your tracker but no item was deliver anychance you can help ?"", ""amazon_reply"": ""@716358 Hi, sorry to hear this. Take a look at the following link as it might help you locate the parcel: http:https://t.co/lcIviyIte1 ^CR"", ""similarity"": 0.2128780030189975}, {""customer_tweet_id"": 553360, ""customer_text"": ""@AmazonHelp I was originally suppose to get it Thursday November 30th then it said yesterday then it said today and I still haven't gotten it https://t.co/uIe1uNy3T1"", ""amazon_reply"": ""@249052 We'd like to look into available options. Please reach out to us here: https://t.co/hApLpMlfHN ^RR"", ""similarity"": 0.2070142975669994}]","You are evaluating an AI customer-support response.

Do NOT assume that a response is good merely because it resembles a
historical response.

Evaluate whether the candidate response actually addresses the customer's
message and whether its claims are supported by the supplied historical
evidence.

CUSTOMER MESSAGE:
@AmazonHelp my parcel said it was delivered and signed for by me yesterday but i wasn't in. I can't find the parcel - can you help please?

HISTORICAL EVIDENCE:
Historical example 1
Similarity: 0.24214875964885685

Customer:
@AmazonHelp We have community mailboxes, I was given a key for a parcel box, indicating my parcel was delivered, but there was nothing in the box.

Amazon reply:
@340283 That is interesting! Have you tired contacting us via phone or chat? If so what options where you provided? ^LS

Historical example 2
Similarity: 0.2128780030189975

Customer:
@AmazonHelp I’ve had a parcel delivered according to your tracker but no item was deliver anychance you can help ?

Amazon reply:
@716358 Hi, sorry to hear this. Take a look at the following link as it might help you locate the parcel: http:https://t.co/lcIviyIte1 ^CR

Historical example 3
Similarity: 0.2070142975669994

Customer:
@AmazonHelp I was originally suppose to get it Thursday November 30th then it said yesterday then it said today and I still haven't gotten it https://t.co/uIe1uNy3T1

Amazon reply:
@249052 We'd like to look into available options. Please reach out to us here: https://t.co/hApLpMlfHN ^RR

CANDIDATE:
Agent

CANDIDATE RESPONSE:
I'm sorry you're experiencing this issue. I've identified that this case should be reviewed by a human support agent. A support agent can review the order details and help with the next steps.

ESCALATION DECISION MADE BY THE SYSTEM:
True

ESCALATION REASON:
low_intent_confidence


Score each response from 1 to 5 on:

1. helpfulness
   1 = does not help the customer
   3 = somewhat useful
   5 = directly useful and addresses the issue

2. intent_fit
   1 = clearly misunderstands the customer's issue
   3 = partially addresses it
   5 = directly addresses the customer's issue

3. grounding
   1 = unsupported or contradicts the historical evidence
   3 = partly consistent with evidence
   5 = clearly grounded in the historical evidence

4. factual_safety
   1 = invents facts, policies, actions, or guarantees
   3 = mostly safe but somewhat assumptive
   5 = makes no unsupported claims

5. escalation_appropriateness
   1 = escalation decision is clearly inappropriate
   3 = debatable
   5 = clearly appropriate

6. professionalism
   1 = poor/unprofessional
   3 = acceptable
   5 = clear, concise, professional support language

Also provide:

overall_pass:
true only if the response is reasonably helpful, safe, relevant,
and appropriate for the situation.

failure_reason:
A short explanation if overall_pass is false.
Use an empty string if the response passes.


Return ONLY valid JSON in exactly this structure:

{
  ""helpfulness"": 1,
  ""intent_fit"": 1,
  ""grounding"": 1,
  ""factual_safety"": 1,
  ""escalation_appropriateness"": 1,
  ""professionalism"": 1,
  ""overall_pass"": false,
  ""failure_reason"": ""short explanation""
}",,,,,,,,,pending,
534144,Generic,"@AmazonHelp Juste marre de jouer au chat et souris ....
Pour moi c'est pas grave....Des offres y'en a partout mais au vu de la manière...Les 3 ou 4 retraits ""incompréhensibles"" d'amazon, on demandera le remboursement Justificatifs à l'appui...On le fera aujourdhui
Merci bon courage",payment_billing,other_general,0.176262063972559,yes,True,low_intent_confidence,I'm sorry you're experiencing this issue. Please provide the relevant order details so we can better understand the problem and determine the appropriate next steps.,fallback,"[{""customer_tweet_id"": 167936, ""customer_text"": ""Qd tu a 4 fois @120533 au téléphone pour te dire que ta commande n'est pas envoyée car il manque encore un produit mais que tu ne peux pas l'annuler parce qu'elle est sur le point d'être expédié.\nEt bah ça énerve un peu qd même."", ""amazon_reply"": ""@155066 Bonsoir Yann, désolée d'apprendre cela. La livraison de votre colis est prévue pour quand s'il vous plaît ? ^MA"", ""similarity"": 0.2174800411349149}, {""customer_tweet_id"": 510268, ""customer_text"": ""@AmazonHelp Vu tous les tweets que je viens de lire, c'est inadmissible que Amazon prenne encore @120535 pour ses envois. Laissez nous le choix du transporteur au pire ..."", ""amazon_reply"": ""@237233 Le choix du transporteur n'est malheureusement pas possible mais vos avis nous sont importants pour améliorer la qualité des services. Merci pour votre compréhension. ^MH"", ""similarity"": 0.20834059959790407}, {""customer_tweet_id"": 2889221, ""customer_text"": ""@AmazonHelp A priori rien chez moi, je n’y suis pas mais ma mère n’a rien réceptionné et rien dans la boîte. On a demandé aux voisins, rien. Si quelqu’un réceptionne un colis de valeur... qu’est-ce qui l’oblige à être honnête et à le rendre le ? 😭"", ""amazon_reply"": ""@801075 Si le suivi indique que le colis est livré et que malgré les recherches vous ne le trouvez pas, il faut le signaler à notre service client pour ouvrir une enquête auprès du transporteur et avoir le nom de la personne ayant reçu votre colis.^ASZ"", ""similarity"": 0.18402797649150435}]","You are evaluating an AI customer-support response.

Do NOT assume that a response is good merely because it resembles a
historical response.

Evaluate whether the candidate response actually addresses the customer's
message and whether its claims are supported by the supplied historical
evidence.

CUSTOMER MESSAGE:
@AmazonHelp Juste marre de jouer au chat et souris ....
Pour moi c'est pas grave....Des offres y'en a partout mais au vu de la manière...Les 3 ou 4 retraits ""incompréhensibles"" d'amazon, on demandera le remboursement Justificatifs à l'appui...On le fera aujourdhui
Merci bon courage

HISTORICAL EVIDENCE:
Historical example 1
Similarity: 0.2174800411349149

Customer:
Qd tu a 4 fois @120533 au téléphone pour te dire que ta commande n'est pas envoyée car il manque encore un produit mais que tu ne peux pas l'annuler parce qu'elle est sur le point d'être expédié.
Et bah ça énerve un peu qd même.

Amazon reply:
@155066 Bonsoir Yann, désolée d'apprendre cela. La livraison de votre colis est prévue pour quand s'il vous plaît ? ^MA

Historical example 2
Similarity: 0.20834059959790407

Customer:
@AmazonHelp Vu tous les tweets que je viens de lire, c'est inadmissible que Amazon prenne encore @120535 pour ses envois. Laissez nous le choix du transporteur au pire ...

Amazon reply:
@237233 Le choix du transporteur n'est malheureusement pas possible mais vos avis nous sont importants pour améliorer la qualité des services. Merci pour votre compréhension. ^MH

Historical example 3
Similarity: 0.18402797649150435

Customer:
@AmazonHelp A priori rien chez moi, je n’y suis pas mais ma mère n’a rien réceptionné et rien dans la boîte. On a demandé aux voisins, rien. Si quelqu’un réceptionne un colis de valeur... qu’est-ce qui l’oblige à être honnête et à le rendre le ? 😭

Amazon reply:
@801075 Si le suivi indique que le colis est livré et que malgré les recherches vous ne le trouvez pas, il faut le signaler à notre service client pour ouvrir une enquête auprès du transporteur et avoir le nom de la personne ayant reçu votre colis.^ASZ

CANDIDATE:
Generic

CANDIDATE RESPONSE:
I'm sorry you're experiencing this issue. Please provide the relevant order details so we can better understand the problem and determine the appropriate next steps.

ESCALATION DECISION MADE BY THE SYSTEM:
True

ESCALATION REASON:
low_intent_confidence


Score each response from 1 to 5 on:

1. helpfulness
   1 = does not help the customer
   3 = somewhat useful
   5 = directly useful and addresses the issue

2. intent_fit
   1 = clearly misunderstands the customer's issue
   3 = partially addresses it
   5 = directly addresses the customer's issue

3. grounding
   1 = unsupported or contradicts the historical evidence
   3 = partly consistent with evidence
   5 = clearly grounded in the historical evidence

4. factual_safety
   1 = invents facts, policies, actions, or guarantees
   3 = mostly safe but somewhat assumptive
   5 = makes no unsupported claims

5. escalation_appropriateness
   1 = escalation decision is clearly inappropriate
   3 = debatable
   5 = clearly appropriate

6. professionalism
   1 = poor/unprofessional
   3 = acceptable
   5 = clear, concise, professional support language

Also provide:

overall_pass:
true only if the response is reasonably helpful, safe, relevant,
and appropriate for the situation.

failure_reason:
A short explanation if overall_pass is false.
Use an empty string if the response passes.


Return ONLY valid JSON in exactly this structure:

{
  ""helpfulness"": 1,
  ""intent_fit"": 1,
  ""grounding"": 1,
  ""factual_safety"": 1,
  ""escalation_appropriateness"": 1,
  ""professionalism"": 1,
  ""overall_pass"": false,
  ""failure_reason"": ""short explanation""
}",,,,,,,,,pending,
534144,Retrieval,"@AmazonHelp Juste marre de jouer au chat et souris ....
Pour moi c'est pas grave....Des offres y'en a partout mais au vu de la manière...Les 3 ou 4 retraits ""incompréhensibles"" d'amazon, on demandera le remboursement Justificatifs à l'appui...On le fera aujourdhui
Merci bon courage",payment_billing,other_general,0.176262063972559,yes,True,low_intent_confidence,"@155066 Bonsoir Yann, désolée d'apprendre cela. La livraison de votre colis est prévue pour quand s'il vous plaît ? ^MA",fallback,"[{""customer_tweet_id"": 167936, ""customer_text"": ""Qd tu a 4 fois @120533 au téléphone pour te dire que ta commande n'est pas envoyée car il manque encore un produit mais que tu ne peux pas l'annuler parce qu'elle est sur le point d'être expédié.\nEt bah ça énerve un peu qd même."", ""amazon_reply"": ""@155066 Bonsoir Yann, désolée d'apprendre cela. La livraison de votre colis est prévue pour quand s'il vous plaît ? ^MA"", ""similarity"": 0.2174800411349149}, {""customer_tweet_id"": 510268, ""customer_text"": ""@AmazonHelp Vu tous les tweets que je viens de lire, c'est inadmissible que Amazon prenne encore @120535 pour ses envois. Laissez nous le choix du transporteur au pire ..."", ""amazon_reply"": ""@237233 Le choix du transporteur n'est malheureusement pas possible mais vos avis nous sont importants pour améliorer la qualité des services. Merci pour votre compréhension. ^MH"", ""similarity"": 0.20834059959790407}, {""customer_tweet_id"": 2889221, ""customer_text"": ""@AmazonHelp A priori rien chez moi, je n’y suis pas mais ma mère n’a rien réceptionné et rien dans la boîte. On a demandé aux voisins, rien. Si quelqu’un réceptionne un colis de valeur... qu’est-ce qui l’oblige à être honnête et à le rendre le ? 😭"", ""amazon_reply"": ""@801075 Si le suivi indique que le colis est livré et que malgré les recherches vous ne le trouvez pas, il faut le signaler à notre service client pour ouvrir une enquête auprès du transporteur et avoir le nom de la personne ayant reçu votre colis.^ASZ"", ""similarity"": 0.18402797649150435}]","You are evaluating an AI customer-support response.

Do NOT assume that a response is good merely because it resembles a
historical response.

Evaluate whether the candidate response actually addresses the customer's
message and whether its claims are supported by the supplied historical
evidence.

CUSTOMER MESSAGE:
@AmazonHelp Juste marre de jouer au chat et souris ....
Pour moi c'est pas grave....Des offres y'en a partout mais au vu de la manière...Les 3 ou 4 retraits ""incompréhensibles"" d'amazon, on demandera le remboursement Justificatifs à l'appui...On le fera aujourdhui
Merci bon courage

HISTORICAL EVIDENCE:
Historical example 1
Similarity: 0.2174800411349149

Customer:
Qd tu a 4 fois @120533 au téléphone pour te dire que ta commande n'est pas envoyée car il manque encore un produit mais que tu ne peux pas l'annuler parce qu'elle est sur le point d'être expédié.
Et bah ça énerve un peu qd même.

Amazon reply:
@155066 Bonsoir Yann, désolée d'apprendre cela. La livraison de votre colis est prévue pour quand s'il vous plaît ? ^MA

Historical example 2
Similarity: 0.20834059959790407

Customer:
@AmazonHelp Vu tous les tweets que je viens de lire, c'est inadmissible que Amazon prenne encore @120535 pour ses envois. Laissez nous le choix du transporteur au pire ...

Amazon reply:
@237233 Le choix du transporteur n'est malheureusement pas possible mais vos avis nous sont importants pour améliorer la qualité des services. Merci pour votre compréhension. ^MH

Historical example 3
Similarity: 0.18402797649150435

Customer:
@AmazonHelp A priori rien chez moi, je n’y suis pas mais ma mère n’a rien réceptionné et rien dans la boîte. On a demandé aux voisins, rien. Si quelqu’un réceptionne un colis de valeur... qu’est-ce qui l’oblige à être honnête et à le rendre le ? 😭

Amazon reply:
@801075 Si le suivi indique que le colis est livré et que malgré les recherches vous ne le trouvez pas, il faut le signaler à notre service client pour ouvrir une enquête auprès du transporteur et avoir le nom de la personne ayant reçu votre colis.^ASZ

CANDIDATE:
Retrieval

CANDIDATE RESPONSE:
@155066 Bonsoir Yann, désolée d'apprendre cela. La livraison de votre colis est prévue pour quand s'il vous plaît ? ^MA

ESCALATION DECISION MADE BY THE SYSTEM:
True

ESCALATION REASON:
low_intent_confidence


Score each response from 1 to 5 on:

1. helpfulness
   1 = does not help the customer
   3 = somewhat useful
   5 = directly useful and addresses the issue

2. intent_fit
   1 = clearly misunderstands the customer's issue
   3 = partially addresses it
   5 = directly addresses the customer's issue

3. grounding
   1 = unsupported or contradicts the historical evidence
   3 = partly consistent with evidence
   5 = clearly grounded in the historical evidence

4. factual_safety
   1 = invents facts, policies, actions, or guarantees
   3 = mostly safe but somewhat assumptive
   5 = makes no unsupported claims

5. escalation_appropriateness
   1 = escalation decision is clearly inappropriate
   3 = debatable
   5 = clearly appropriate

6. professionalism
   1 = poor/unprofessional
   3 = acceptable
   5 = clear, concise, professional support language

Also provide:

overall_pass:
true only if the response is reasonably helpful, safe, relevant,
and appropriate for the situation.

failure_reason:
A short explanation if overall_pass is false.
Use an empty string if the response passes.


Return ONLY valid JSON in exactly this structure:

{
  ""helpfulness"": 1,
  ""intent_fit"": 1,
  ""grounding"": 1,
  ""factual_safety"": 1,
  ""escalation_appropriateness"": 1,
  ""professionalism"": 1,
  ""overall_pass"": false,
  ""failure_reason"": ""short explanation""
}",,,,,,,,,pending,
534144,Agent,"@AmazonHelp Juste marre de jouer au chat et souris ....
Pour moi c'est pas grave....Des offres y'en a partout mais au vu de la manière...Les 3 ou 4 retraits ""incompréhensibles"" d'amazon, on demandera le remboursement Justificatifs à l'appui...On le fera aujourdhui
Merci bon courage",payment_billing,other_general,0.176262063972559,yes,True,low_intent_confidence,I'm sorry you're experiencing this issue. I've identified that this case should be reviewed by a human support agent. A support agent can review the order details and help with the next steps.,fallback,"[{""customer_tweet_id"": 167936, ""customer_text"": ""Qd tu a 4 fois @120533 au téléphone pour te dire que ta commande n'est pas envoyée car il manque encore un produit mais que tu ne peux pas l'annuler parce qu'elle est sur le point d'être expédié.\nEt bah ça énerve un peu qd même."", ""amazon_reply"": ""@155066 Bonsoir Yann, désolée d'apprendre cela. La livraison de votre colis est prévue pour quand s'il vous plaît ? ^MA"", ""similarity"": 0.2174800411349149}, {""customer_tweet_id"": 510268, ""customer_text"": ""@AmazonHelp Vu tous les tweets que je viens de lire, c'est inadmissible que Amazon prenne encore @120535 pour ses envois. Laissez nous le choix du transporteur au pire ..."", ""amazon_reply"": ""@237233 Le choix du transporteur n'est malheureusement pas possible mais vos avis nous sont importants pour améliorer la qualité des services. Merci pour votre compréhension. ^MH"", ""similarity"": 0.20834059959790407}, {""customer_tweet_id"": 2889221, ""customer_text"": ""@AmazonHelp A priori rien chez moi, je n’y suis pas mais ma mère n’a rien réceptionné et rien dans la boîte. On a demandé aux voisins, rien. Si quelqu’un réceptionne un colis de valeur... qu’est-ce qui l’oblige à être honnête et à le rendre le ? 😭"", ""amazon_reply"": ""@801075 Si le suivi indique que le colis est livré et que malgré les recherches vous ne le trouvez pas, il faut le signaler à notre service client pour ouvrir une enquête auprès du transporteur et avoir le nom de la personne ayant reçu votre colis.^ASZ"", ""similarity"": 0.18402797649150435}]","You are evaluating an AI customer-support response.

Do NOT assume that a response is good merely because it resembles a
historical response.

Evaluate whether the candidate response actually addresses the customer's
message and whether its claims are supported by the supplied historical
evidence.

CUSTOMER MESSAGE:
@AmazonHelp Juste marre de jouer au chat et souris ....
Pour moi c'est pas grave....Des offres y'en a partout mais au vu de la manière...Les 3 ou 4 retraits ""incompréhensibles"" d'amazon, on demandera le remboursement Justificatifs à l'appui...On le fera aujourdhui
Merci bon courage

HISTORICAL EVIDENCE:
Historical example 1
Similarity: 0.2174800411349149

Customer:
Qd tu a 4 fois @120533 au téléphone pour te dire que ta commande n'est pas envoyée car il manque encore un produit mais que tu ne peux pas l'annuler parce qu'elle est sur le point d'être expédié.
Et bah ça énerve un peu qd même.

Amazon reply:
@155066 Bonsoir Yann, désolée d'apprendre cela. La livraison de votre colis est prévue pour quand s'il vous plaît ? ^MA

Historical example 2
Similarity: 0.20834059959790407

Customer:
@AmazonHelp Vu tous les tweets que je viens de lire, c'est inadmissible que Amazon prenne encore @120535 pour ses envois. Laissez nous le choix du transporteur au pire ...

Amazon reply:
@237233 Le choix du transporteur n'est malheureusement pas possible mais vos avis nous sont importants pour améliorer la qualité des services. Merci pour votre compréhension. ^MH

Historical example 3
Similarity: 0.18402797649150435

Customer:
@AmazonHelp A priori rien chez moi, je n’y suis pas mais ma mère n’a rien réceptionné et rien dans la boîte. On a demandé aux voisins, rien. Si quelqu’un réceptionne un colis de valeur... qu’est-ce qui l’oblige à être honnête et à le rendre le ? 😭

Amazon reply:
@801075 Si le suivi indique que le colis est livré et que malgré les recherches vous ne le trouvez pas, il faut le signaler à notre service client pour ouvrir une enquête auprès du transporteur et avoir le nom de la personne ayant reçu votre colis.^ASZ

CANDIDATE:
Agent

CANDIDATE RESPONSE:
I'm sorry you're experiencing this issue. I've identified that this case should be reviewed by a human support agent. A support agent can review the order details and help with the next steps.

ESCALATION DECISION MADE BY THE SYSTEM:
True

ESCALATION REASON:
low_intent_confidence


Score each response from 1 to 5 on:

1. helpfulness
   1 = does not help the customer
   3 = somewhat useful
   5 = directly useful and addresses the issue

2. intent_fit
   1 = clearly misunderstands the customer's issue
   3 = partially addresses it
   5 = directly addresses the customer's issue

3. grounding
   1 = unsupported or contradicts the historical evidence
   3 = partly consistent with evidence
   5 = clearly grounded in the historical evidence

4. factual_safety
   1 = invents facts, policies, actions, or guarantees
   3 = mostly safe but somewhat assumptive
   5 = makes no unsupported claims

5. escalation_appropriateness
   1 = escalation decision is clearly inappropriate
   3 = debatable
   5 = clearly appropriate

6. professionalism
   1 = poor/unprofessional
   3 = acceptable
   5 = clear, concise, professional support language

Also provide:

overall_pass:
true only if the response is reasonably helpful, safe, relevant,
and appropriate for the situation.

failure_reason:
A short explanation if overall_pass is false.
Use an empty string if the response passes.


Return ONLY valid JSON in exactly this structure:

{
  ""helpfulness"": 1,
  ""intent_fit"": 1,
  ""grounding"": 1,
  ""factual_safety"": 1,
  ""escalation_appropriateness"": 1,
  ""professionalism"": 1,
  ""overall_pass"": false,
  ""failure_reason"": ""short explanation""
}",,,,,,,,,pending,
2977461,Generic,@116313 アマゾンにお気に入り登録した商品、在庫切れが多いような？、仕方ないから他のショップで探して購入してるけど、在庫切れ入荷するのかしないのか表示対応してほしいな～。,other_general,other_general,0.1936274435543802,no,True,low_intent_confidence,I'm sorry you're experiencing this issue. Please provide the relevant order details so we can better understand the problem and determine the appropriate next steps.,fallback,"[{""customer_tweet_id"": 2580519, ""customer_text"": ""@AmazonHelp Yup already tried that"", ""amazon_reply"": ""@731406 We'd like to take a closer look at this with you. Please reach out to us at your earliest convenience here: https://t.co/Q7Ftz6nj80 ^LJ"", ""similarity"": 0.0}, {""customer_tweet_id"": 2631401, ""customer_text"": ""@AmazonHelp is it normal for your delivery driver to open my front door &amp; drop in a parcel (for the house next door) without even knocking?"", ""amazon_reply"": ""@743036 I'm so sorry! We'd like to escalate this, if you'll provide as much information as possible, including the order number, here: https://t.co/tILmboHjPD Someone will be in touch soon. Thank you for letting us know about this. ^LB"", ""similarity"": 0.0}, {""customer_tweet_id"": 503500, ""customer_text"": ""@AmazonHelp Got a messsge saying it would come between now and 4th dec this has happened with 2 orders in one week on prime."", ""amazon_reply"": ""@235325 Thank you for the information! Were you able to reach out to us using the link provided by ^HM? If so, what were you advised? ^AL"", ""similarity"": 0.0}]","You are evaluating an AI customer-support response.

Do NOT assume that a response is good merely because it resembles a
historical response.

Evaluate whether the candidate response actually addresses the customer's
message and whether its claims are supported by the supplied historical
evidence.

CUSTOMER MESSAGE:
@116313 アマゾンにお気に入り登録した商品、在庫切れが多いような？、仕方ないから他のショップで探して購入してるけど、在庫切れ入荷するのかしないのか表示対応してほしいな～。

HISTORICAL EVIDENCE:
Historical example 1
Similarity: 0.0

Customer:
@AmazonHelp Yup already tried that

Amazon reply:
@731406 We'd like to take a closer look at this with you. Please reach out to us at your earliest convenience here: https://t.co/Q7Ftz6nj80 ^LJ

Historical example 2
Similarity: 0.0

Customer:
@AmazonHelp is it normal for your delivery driver to open my front door &amp; drop in a parcel (for the house next door) without even knocking?

Amazon reply:
@743036 I'm so sorry! We'd like to escalate this, if you'll provide as much information as possible, including the order number, here: https://t.co/tILmboHjPD Someone will be in touch soon. Thank you for letting us know about this. ^LB

Historical example 3
Similarity: 0.0

Customer:
@AmazonHelp Got a messsge saying it would come between now and 4th dec this has happened with 2 orders in one week on prime.

Amazon reply:
@235325 Thank you for the information! Were you able to reach out to us using the link provided by ^HM? If so, what were you advised? ^AL

CANDIDATE:
Generic

CANDIDATE RESPONSE:
I'm sorry you're experiencing this issue. Please provide the relevant order details so we can better understand the problem and determine the appropriate next steps.

ESCALATION DECISION MADE BY THE SYSTEM:
True

ESCALATION REASON:
low_intent_confidence


Score each response from 1 to 5 on:

1. helpfulness
   1 = does not help the customer
   3 = somewhat useful
   5 = directly useful and addresses the issue

2. intent_fit
   1 = clearly misunderstands the customer's issue
   3 = partially addresses it
   5 = directly addresses the customer's issue

3. grounding
   1 = unsupported or contradicts the historical evidence
   3 = partly consistent with evidence
   5 = clearly grounded in the historical evidence

4. factual_safety
   1 = invents facts, policies, actions, or guarantees
   3 = mostly safe but somewhat assumptive
   5 = makes no unsupported claims

5. escalation_appropriateness
   1 = escalation decision is clearly inappropriate
   3 = debatable
   5 = clearly appropriate

6. professionalism
   1 = poor/unprofessional
   3 = acceptable
   5 = clear, concise, professional support language

Also provide:

overall_pass:
true only if the response is reasonably helpful, safe, relevant,
and appropriate for the situation.

failure_reason:
A short explanation if overall_pass is false.
Use an empty string if the response passes.


Return ONLY valid JSON in exactly this structure:

{
  ""helpfulness"": 1,
  ""intent_fit"": 1,
  ""grounding"": 1,
  ""factual_safety"": 1,
  ""escalation_appropriateness"": 1,
  ""professionalism"": 1,
  ""overall_pass"": false,
  ""failure_reason"": ""short explanation""
}",,,,,,,,,pending,
2977461,Retrieval,@116313 アマゾンにお気に入り登録した商品、在庫切れが多いような？、仕方ないから他のショップで探して購入してるけど、在庫切れ入荷するのかしないのか表示対応してほしいな～。,other_general,other_general,0.1936274435543802,no,True,low_intent_confidence,@731406 We'd like to take a closer look at this with you. Please reach out to us at your earliest convenience here: https://t.co/Q7Ftz6nj80 ^LJ,fallback,"[{""customer_tweet_id"": 2580519, ""customer_text"": ""@AmazonHelp Yup already tried that"", ""amazon_reply"": ""@731406 We'd like to take a closer look at this with you. Please reach out to us at your earliest convenience here: https://t.co/Q7Ftz6nj80 ^LJ"", ""similarity"": 0.0}, {""customer_tweet_id"": 2631401, ""customer_text"": ""@AmazonHelp is it normal for your delivery driver to open my front door &amp; drop in a parcel (for the house next door) without even knocking?"", ""amazon_reply"": ""@743036 I'm so sorry! We'd like to escalate this, if you'll provide as much information as possible, including the order number, here: https://t.co/tILmboHjPD Someone will be in touch soon. Thank you for letting us know about this. ^LB"", ""similarity"": 0.0}, {""customer_tweet_id"": 503500, ""customer_text"": ""@AmazonHelp Got a messsge saying it would come between now and 4th dec this has happened with 2 orders in one week on prime."", ""amazon_reply"": ""@235325 Thank you for the information! Were you able to reach out to us using the link provided by ^HM? If so, what were you advised? ^AL"", ""similarity"": 0.0}]","You are evaluating an AI customer-support response.

Do NOT assume that a response is good merely because it resembles a
historical response.

Evaluate whether the candidate response actually addresses the customer's
message and whether its claims are supported by the supplied historical
evidence.

CUSTOMER MESSAGE:
@116313 アマゾンにお気に入り登録した商品、在庫切れが多いような？、仕方ないから他のショップで探して購入してるけど、在庫切れ入荷するのかしないのか表示対応してほしいな～。

HISTORICAL EVIDENCE:
Historical example 1
Similarity: 0.0

Customer:
@AmazonHelp Yup already tried that

Amazon reply:
@731406 We'd like to take a closer look at this with you. Please reach out to us at your earliest convenience here: https://t.co/Q7Ftz6nj80 ^LJ

Historical example 2
Similarity: 0.0

Customer:
@AmazonHelp is it normal for your delivery driver to open my front door &amp; drop in a parcel (for the house next door) without even knocking?

Amazon reply:
@743036 I'm so sorry! We'd like to escalate this, if you'll provide as much information as possible, including the order number, here: https://t.co/tILmboHjPD Someone will be in touch soon. Thank you for letting us know about this. ^LB

Historical example 3
Similarity: 0.0

Customer:
@AmazonHelp Got a messsge saying it would come between now and 4th dec this has happened with 2 orders in one week on prime.

Amazon reply:
@235325 Thank you for the information! Were you able to reach out to us using the link provided by ^HM? If so, what were you advised? ^AL

CANDIDATE:
Retrieval

CANDIDATE RESPONSE:
@731406 We'd like to take a closer look at this with you. Please reach out to us at your earliest convenience here: https://t.co/Q7Ftz6nj80 ^LJ

ESCALATION DECISION MADE BY THE SYSTEM:
True

ESCALATION REASON:
low_intent_confidence


Score each response from 1 to 5 on:

1. helpfulness
   1 = does not help the customer
   3 = somewhat useful
   5 = directly useful and addresses the issue

2. intent_fit
   1 = clearly misunderstands the customer's issue
   3 = partially addresses it
   5 = directly addresses the customer's issue

3. grounding
   1 = unsupported or contradicts the historical evidence
   3 = partly consistent with evidence
   5 = clearly grounded in the historical evidence

4. factual_safety
   1 = invents facts, policies, actions, or guarantees
   3 = mostly safe but somewhat assumptive
   5 = makes no unsupported claims

5. escalation_appropriateness
   1 = escalation decision is clearly inappropriate
   3 = debatable
   5 = clearly appropriate

6. professionalism
   1 = poor/unprofessional
   3 = acceptable
   5 = clear, concise, professional support language

Also provide:

overall_pass:
true only if the response is reasonably helpful, safe, relevant,
and appropriate for the situation.

failure_reason:
A short explanation if overall_pass is false.
Use an empty string if the response passes.


Return ONLY valid JSON in exactly this structure:

{
  ""helpfulness"": 1,
  ""intent_fit"": 1,
  ""grounding"": 1,
  ""factual_safety"": 1,
  ""escalation_appropriateness"": 1,
  ""professionalism"": 1,
  ""overall_pass"": false,
  ""failure_reason"": ""short explanation""
}",,,,,,,,,pending,
2977461,Agent,@116313 アマゾンにお気に入り登録した商品、在庫切れが多いような？、仕方ないから他のショップで探して購入してるけど、在庫切れ入荷するのかしないのか表示対応してほしいな～。,other_general,other_general,0.1936274435543802,no,True,low_intent_confidence,I'm sorry you're experiencing this issue. I've identified that this case should be reviewed by a human support agent. A support agent can review the order details and help with the next steps.,fallback,"[{""customer_tweet_id"": 2580519, ""customer_text"": ""@AmazonHelp Yup already tried that"", ""amazon_reply"": ""@731406 We'd like to take a closer look at this with you. Please reach out to us at your earliest convenience here: https://t.co/Q7Ftz6nj80 ^LJ"", ""similarity"": 0.0}, {""customer_tweet_id"": 2631401, ""customer_text"": ""@AmazonHelp is it normal for your delivery driver to open my front door &amp; drop in a parcel (for the house next door) without even knocking?"", ""amazon_reply"": ""@743036 I'm so sorry! We'd like to escalate this, if you'll provide as much information as possible, including the order number, here: https://t.co/tILmboHjPD Someone will be in touch soon. Thank you for letting us know about this. ^LB"", ""similarity"": 0.0}, {""customer_tweet_id"": 503500, ""customer_text"": ""@AmazonHelp Got a messsge saying it would come between now and 4th dec this has happened with 2 orders in one week on prime."", ""amazon_reply"": ""@235325 Thank you for the information! Were you able to reach out to us using the link provided by ^HM? If so, what were you advised? ^AL"", ""similarity"": 0.0}]","You are evaluating an AI customer-support response.

Do NOT assume that a response is good merely because it resembles a
historical response.

Evaluate whether the candidate response actually addresses the customer's
message and whether its claims are supported by the supplied historical
evidence.

CUSTOMER MESSAGE:
@116313 アマゾンにお気に入り登録した商品、在庫切れが多いような？、仕方ないから他のショップで探して購入してるけど、在庫切れ入荷するのかしないのか表示対応してほしいな～。

HISTORICAL EVIDENCE:
Historical example 1
Similarity: 0.0

Customer:
@AmazonHelp Yup already tried that

Amazon reply:
@731406 We'd like to take a closer look at this with you. Please reach out to us at your earliest convenience here: https://t.co/Q7Ftz6nj80 ^LJ

Historical example 2
Similarity: 0.0

Customer:
@AmazonHelp is it normal for your delivery driver to open my front door &amp; drop in a parcel (for the house next door) without even knocking?

Amazon reply:
@743036 I'm so sorry! We'd like to escalate this, if you'll provide as much information as possible, including the order number, here: https://t.co/tILmboHjPD Someone will be in touch soon. Thank you for letting us know about this. ^LB

Historical example 3
Similarity: 0.0

Customer:
@AmazonHelp Got a messsge saying it would come between now and 4th dec this has happened with 2 orders in one week on prime.

Amazon reply:
@235325 Thank you for the information! Were you able to reach out to us using the link provided by ^HM? If so, what were you advised? ^AL

CANDIDATE:
Agent

CANDIDATE RESPONSE:
I'm sorry you're experiencing this issue. I've identified that this case should be reviewed by a human support agent. A support agent can review the order details and help with the next steps.

ESCALATION DECISION MADE BY THE SYSTEM:
True

ESCALATION REASON:
low_intent_confidence


Score each response from 1 to 5 on:

1. helpfulness
   1 = does not help the customer
   3 = somewhat useful
   5 = directly useful and addresses the issue

2. intent_fit
   1 = clearly misunderstands the customer's issue
   3 = partially addresses it
   5 = directly addresses the customer's issue

3. grounding
   1 = unsupported or contradicts the historical evidence
   3 = partly consistent with evidence
   5 = clearly grounded in the historical evidence

4. factual_safety
   1 = invents facts, policies, actions, or guarantees
   3 = mostly safe but somewhat assumptive
   5 = makes no unsupported claims

5. escalation_appropriateness
   1 = escalation decision is clearly inappropriate
   3 = debatable
   5 = clearly appropriate

6. professionalism
   1 = poor/unprofessional
   3 = acceptable
   5 = clear, concise, professional support language

Also provide:

overall_pass:
true only if the response is reasonably helpful, safe, relevant,
and appropriate for the situation.

failure_reason:
A short explanation if overall_pass is false.
Use an empty string if the response passes.


Return ONLY valid JSON in exactly this structure:

{
  ""helpfulness"": 1,
  ""intent_fit"": 1,
  ""grounding"": 1,
  ""factual_safety"": 1,
  ""escalation_appropriateness"": 1,
  ""professionalism"": 1,
  ""overall_pass"": false,
  ""failure_reason"": ""short explanation""
}",,,,,,,,,pending,
497290,Generic,@AmazonHelp https://t.co/O6Mf9WBWMR,other_general,other_general,0.1974314355593062,yes,True,low_intent_confidence,I'm sorry you're experiencing this issue. Please provide the relevant order details so we can better understand the problem and determine the appropriate next steps.,fallback,"[{""customer_tweet_id"": 65899, ""customer_text"": ""@AmazonHelp Done"", ""amazon_reply"": ""@131073 Please write to us via DM with your concern and we'll be glad to assist you with this right away. ^BV"", ""similarity"": 0.4810424740325799}, {""customer_tweet_id"": 742396, ""customer_text"": ""@amazonhelp this url is broken on your site: https://t.co/nL5ldDxRB2 — needed for this: https://t.co/dD4Yvm02Pb"", ""amazon_reply"": ""@297514 Cab you please provide a link to the page where this button is located? We'd like to look further into it. ^WJ"", ""similarity"": 0.23874368156361267}, {""customer_tweet_id"": 274471, ""customer_text"": ""@115850  https://t.co/gTRwxpvjFO"", ""amazon_reply"": ""@159034 Our Twitter page is visible to the public. (4/4)^AU"", ""similarity"": 0.21138107666986491}]","You are evaluating an AI customer-support response.

Do NOT assume that a response is good merely because it resembles a
historical response.

Evaluate whether the candidate response actually addresses the customer's
message and whether its claims are supported by the supplied historical
evidence.

CUSTOMER MESSAGE:
@AmazonHelp https://t.co/O6Mf9WBWMR

HISTORICAL EVIDENCE:
Historical example 1
Similarity: 0.4810424740325799

Customer:
@AmazonHelp Done

Amazon reply:
@131073 Please write to us via DM with your concern and we'll be glad to assist you with this right away. ^BV

Historical example 2
Similarity: 0.23874368156361267

Customer:
@amazonhelp this url is broken on your site: https://t.co/nL5ldDxRB2 — needed for this: https://t.co/dD4Yvm02Pb

Amazon reply:
@297514 Cab you please provide a link to the page where this button is located? We'd like to look further into it. ^WJ

Historical example 3
Similarity: 0.21138107666986491

Customer:
@115850  https://t.co/gTRwxpvjFO

Amazon reply:
@159034 Our Twitter page is visible to the public. (4/4)^AU

CANDIDATE:
Generic

CANDIDATE RESPONSE:
I'm sorry you're experiencing this issue. Please provide the relevant order details so we can better understand the problem and determine the appropriate next steps.

ESCALATION DECISION MADE BY THE SYSTEM:
True

ESCALATION REASON:
low_intent_confidence


Score each response from 1 to 5 on:

1. helpfulness
   1 = does not help the customer
   3 = somewhat useful
   5 = directly useful and addresses the issue

2. intent_fit
   1 = clearly misunderstands the customer's issue
   3 = partially addresses it
   5 = directly addresses the customer's issue

3. grounding
   1 = unsupported or contradicts the historical evidence
   3 = partly consistent with evidence
   5 = clearly grounded in the historical evidence

4. factual_safety
   1 = invents facts, policies, actions, or guarantees
   3 = mostly safe but somewhat assumptive
   5 = makes no unsupported claims

5. escalation_appropriateness
   1 = escalation decision is clearly inappropriate
   3 = debatable
   5 = clearly appropriate

6. professionalism
   1 = poor/unprofessional
   3 = acceptable
   5 = clear, concise, professional support language

Also provide:

overall_pass:
true only if the response is reasonably helpful, safe, relevant,
and appropriate for the situation.

failure_reason:
A short explanation if overall_pass is false.
Use an empty string if the response passes.


Return ONLY valid JSON in exactly this structure:

{
  ""helpfulness"": 1,
  ""intent_fit"": 1,
  ""grounding"": 1,
  ""factual_safety"": 1,
  ""escalation_appropriateness"": 1,
  ""professionalism"": 1,
  ""overall_pass"": false,
  ""failure_reason"": ""short explanation""
}",,,,,,,,,pending,
497290,Retrieval,@AmazonHelp https://t.co/O6Mf9WBWMR,other_general,other_general,0.1974314355593062,yes,True,low_intent_confidence,@131073 Please write to us via DM with your concern and we'll be glad to assist you with this right away. ^BV,fallback,"[{""customer_tweet_id"": 65899, ""customer_text"": ""@AmazonHelp Done"", ""amazon_reply"": ""@131073 Please write to us via DM with your concern and we'll be glad to assist you with this right away. ^BV"", ""similarity"": 0.4810424740325799}, {""customer_tweet_id"": 742396, ""customer_text"": ""@amazonhelp this url is broken on your site: https://t.co/nL5ldDxRB2 — needed for this: https://t.co/dD4Yvm02Pb"", ""amazon_reply"": ""@297514 Cab you please provide a link to the page where this button is located? We'd like to look further into it. ^WJ"", ""similarity"": 0.23874368156361267}, {""customer_tweet_id"": 274471, ""customer_text"": ""@115850  https://t.co/gTRwxpvjFO"", ""amazon_reply"": ""@159034 Our Twitter page is visible to the public. (4/4)^AU"", ""similarity"": 0.21138107666986491}]","You are evaluating an AI customer-support response.

Do NOT assume that a response is good merely because it resembles a
historical response.

Evaluate whether the candidate response actually addresses the customer's
message and whether its claims are supported by the supplied historical
evidence.

CUSTOMER MESSAGE:
@AmazonHelp https://t.co/O6Mf9WBWMR

HISTORICAL EVIDENCE:
Historical example 1
Similarity: 0.4810424740325799

Customer:
@AmazonHelp Done

Amazon reply:
@131073 Please write to us via DM with your concern and we'll be glad to assist you with this right away. ^BV

Historical example 2
Similarity: 0.23874368156361267

Customer:
@amazonhelp this url is broken on your site: https://t.co/nL5ldDxRB2 — needed for this: https://t.co/dD4Yvm02Pb

Amazon reply:
@297514 Cab you please provide a link to the page where this button is located? We'd like to look further into it. ^WJ

Historical example 3
Similarity: 0.21138107666986491

Customer:
@115850  https://t.co/gTRwxpvjFO

Amazon reply:
@159034 Our Twitter page is visible to the public. (4/4)^AU

CANDIDATE:
Retrieval

CANDIDATE RESPONSE:
@131073 Please write to us via DM with your concern and we'll be glad to assist you with this right away. ^BV

ESCALATION DECISION MADE BY THE SYSTEM:
True

ESCALATION REASON:
low_intent_confidence


Score each response from 1 to 5 on:

1. helpfulness
   1 = does not help the customer
   3 = somewhat useful
   5 = directly useful and addresses the issue

2. intent_fit
   1 = clearly misunderstands the customer's issue
   3 = partially addresses it
   5 = directly addresses the customer's issue

3. grounding
   1 = unsupported or contradicts the historical evidence
   3 = partly consistent with evidence
   5 = clearly grounded in the historical evidence

4. factual_safety
   1 = invents facts, policies, actions, or guarantees
   3 = mostly safe but somewhat assumptive
   5 = makes no unsupported claims

5. escalation_appropriateness
   1 = escalation decision is clearly inappropriate
   3 = debatable
   5 = clearly appropriate

6. professionalism
   1 = poor/unprofessional
   3 = acceptable
   5 = clear, concise, professional support language

Also provide:

overall_pass:
true only if the response is reasonably helpful, safe, relevant,
and appropriate for the situation.

failure_reason:
A short explanation if overall_pass is false.
Use an empty string if the response passes.


Return ONLY valid JSON in exactly this structure:

{
  ""helpfulness"": 1,
  ""intent_fit"": 1,
  ""grounding"": 1,
  ""factual_safety"": 1,
  ""escalation_appropriateness"": 1,
  ""professionalism"": 1,
  ""overall_pass"": false,
  ""failure_reason"": ""short explanation""
}",,,,,,,,,pending,
497290,Agent,@AmazonHelp https://t.co/O6Mf9WBWMR,other_general,other_general,0.1974314355593062,yes,True,low_intent_confidence,I'm sorry you're experiencing this issue. I've identified that this case should be reviewed by a human support agent. A support agent can review the order details and help with the next steps.,fallback,"[{""customer_tweet_id"": 65899, ""customer_text"": ""@AmazonHelp Done"", ""amazon_reply"": ""@131073 Please write to us via DM with your concern and we'll be glad to assist you with this right away. ^BV"", ""similarity"": 0.4810424740325799}, {""customer_tweet_id"": 742396, ""customer_text"": ""@amazonhelp this url is broken on your site: https://t.co/nL5ldDxRB2 — needed for this: https://t.co/dD4Yvm02Pb"", ""amazon_reply"": ""@297514 Cab you please provide a link to the page where this button is located? We'd like to look further into it. ^WJ"", ""similarity"": 0.23874368156361267}, {""customer_tweet_id"": 274471, ""customer_text"": ""@115850  https://t.co/gTRwxpvjFO"", ""amazon_reply"": ""@159034 Our Twitter page is visible to the public. (4/4)^AU"", ""similarity"": 0.21138107666986491}]","You are evaluating an AI customer-support response.

Do NOT assume that a response is good merely because it resembles a
historical response.

Evaluate whether the candidate response actually addresses the customer's
message and whether its claims are supported by the supplied historical
evidence.

CUSTOMER MESSAGE:
@AmazonHelp https://t.co/O6Mf9WBWMR

HISTORICAL EVIDENCE:
Historical example 1
Similarity: 0.4810424740325799

Customer:
@AmazonHelp Done

Amazon reply:
@131073 Please write to us via DM with your concern and we'll be glad to assist you with this right away. ^BV

Historical example 2
Similarity: 0.23874368156361267

Customer:
@amazonhelp this url is broken on your site: https://t.co/nL5ldDxRB2 — needed for this: https://t.co/dD4Yvm02Pb

Amazon reply:
@297514 Cab you please provide a link to the page where this button is located? We'd like to look further into it. ^WJ

Historical example 3
Similarity: 0.21138107666986491

Customer:
@115850  https://t.co/gTRwxpvjFO

Amazon reply:
@159034 Our Twitter page is visible to the public. (4/4)^AU

CANDIDATE:
Agent

CANDIDATE RESPONSE:
I'm sorry you're experiencing this issue. I've identified that this case should be reviewed by a human support agent. A support agent can review the order details and help with the next steps.

ESCALATION DECISION MADE BY THE SYSTEM:
True

ESCALATION REASON:
low_intent_confidence


Score each response from 1 to 5 on:

1. helpfulness
   1 = does not help the customer
   3 = somewhat useful
   5 = directly useful and addresses the issue

2. intent_fit
   1 = clearly misunderstands the customer's issue
   3 = partially addresses it
   5 = directly addresses the customer's issue

3. grounding
   1 = unsupported or contradicts the historical evidence
   3 = partly consistent with evidence
   5 = clearly grounded in the historical evidence

4. factual_safety
   1 = invents facts, policies, actions, or guarantees
   3 = mostly safe but somewhat assumptive
   5 = makes no unsupported claims

5. escalation_appropriateness
   1 = escalation decision is clearly inappropriate
   3 = debatable
   5 = clearly appropriate

6. professionalism
   1 = poor/unprofessional
   3 = acceptable
   5 = clear, concise, professional support language

Also provide:

overall_pass:
true only if the response is reasonably helpful, safe, relevant,
and appropriate for the situation.

failure_reason:
A short explanation if overall_pass is false.
Use an empty string if the response passes.


Return ONLY valid JSON in exactly this structure:

{
  ""helpfulness"": 1,
  ""intent_fit"": 1,
  ""grounding"": 1,
  ""factual_safety"": 1,
  ""escalation_appropriateness"": 1,
  ""professionalism"": 1,
  ""overall_pass"": false,
  ""failure_reason"": ""short explanation""
}",,,,,,,,,pending,
2880426,Generic,"Le principe, c'est d'acheter *un* cadeau de Noël au meilleur prix. Ben avec @115821 c'est pas forcément simple. https://t.co/f9oucvQwal",other_general,order_status_tracking,0.2024706376861932,no,False,none,I'm sorry you're experiencing this issue. Please provide the relevant order details so we can better understand the problem and determine the appropriate next steps.,fallback,"[{""customer_tweet_id"": 167936, ""customer_text"": ""Qd tu a 4 fois @120533 au téléphone pour te dire que ta commande n'est pas envoyée car il manque encore un produit mais que tu ne peux pas l'annuler parce qu'elle est sur le point d'être expédié.\nEt bah ça énerve un peu qd même."", ""amazon_reply"": ""@155066 Bonsoir Yann, désolée d'apprendre cela. La livraison de votre colis est prévue pour quand s'il vous plaît ? ^MA"", ""similarity"": 0.24813423944127966}, {""customer_tweet_id"": 2431121, ""customer_text"": ""@AmazonHelp La capture d'écran suivante provient de Firefox (les précédentes provenaient de Chrome), on dirait que c'est un design différent qui est appliqué sous Chrome (voir la couleur du titre et le design du bouton) https://t.co/d8K18vlCcb"", ""amazon_reply"": ""@697863 Il s'agit bien d'un souci d'affichage du navigateur et non une erreur graphique sur le site. Merci quand même de nous l'avoir signalé. ^MH"", ""similarity"": 0.1464958873029147}, {""customer_tweet_id"": 510268, ""customer_text"": ""@AmazonHelp Vu tous les tweets que je viens de lire, c'est inadmissible que Amazon prenne encore @120535 pour ses envois. Laissez nous le choix du transporteur au pire ..."", ""amazon_reply"": ""@237233 Le choix du transporteur n'est malheureusement pas possible mais vos avis nous sont importants pour améliorer la qualité des services. Merci pour votre compréhension. ^MH"", ""similarity"": 0.13743507028342378}]","You are evaluating an AI customer-support response.

Do NOT assume that a response is good merely because it resembles a
historical response.

Evaluate whether the candidate response actually addresses the customer's
message and whether its claims are supported by the supplied historical
evidence.

CUSTOMER MESSAGE:
Le principe, c'est d'acheter *un* cadeau de Noël au meilleur prix. Ben avec @115821 c'est pas forcément simple. https://t.co/f9oucvQwal

HISTORICAL EVIDENCE:
Historical example 1
Similarity: 0.24813423944127966

Customer:
Qd tu a 4 fois @120533 au téléphone pour te dire que ta commande n'est pas envoyée car il manque encore un produit mais que tu ne peux pas l'annuler parce qu'elle est sur le point d'être expédié.
Et bah ça énerve un peu qd même.

Amazon reply:
@155066 Bonsoir Yann, désolée d'apprendre cela. La livraison de votre colis est prévue pour quand s'il vous plaît ? ^MA

Historical example 2
Similarity: 0.1464958873029147

Customer:
@AmazonHelp La capture d'écran suivante provient de Firefox (les précédentes provenaient de Chrome), on dirait que c'est un design différent qui est appliqué sous Chrome (voir la couleur du titre et le design du bouton) https://t.co/d8K18vlCcb

Amazon reply:
@697863 Il s'agit bien d'un souci d'affichage du navigateur et non une erreur graphique sur le site. Merci quand même de nous l'avoir signalé. ^MH

Historical example 3
Similarity: 0.13743507028342378

Customer:
@AmazonHelp Vu tous les tweets que je viens de lire, c'est inadmissible que Amazon prenne encore @120535 pour ses envois. Laissez nous le choix du transporteur au pire ...

Amazon reply:
@237233 Le choix du transporteur n'est malheureusement pas possible mais vos avis nous sont importants pour améliorer la qualité des services. Merci pour votre compréhension. ^MH

CANDIDATE:
Generic

CANDIDATE RESPONSE:
I'm sorry you're experiencing this issue. Please provide the relevant order details so we can better understand the problem and determine the appropriate next steps.

ESCALATION DECISION MADE BY THE SYSTEM:
False

ESCALATION REASON:
none


Score each response from 1 to 5 on:

1. helpfulness
   1 = does not help the customer
   3 = somewhat useful
   5 = directly useful and addresses the issue

2. intent_fit
   1 = clearly misunderstands the customer's issue
   3 = partially addresses it
   5 = directly addresses the customer's issue

3. grounding
   1 = unsupported or contradicts the historical evidence
   3 = partly consistent with evidence
   5 = clearly grounded in the historical evidence

4. factual_safety
   1 = invents facts, policies, actions, or guarantees
   3 = mostly safe but somewhat assumptive
   5 = makes no unsupported claims

5. escalation_appropriateness
   1 = escalation decision is clearly inappropriate
   3 = debatable
   5 = clearly appropriate

6. professionalism
   1 = poor/unprofessional
   3 = acceptable
   5 = clear, concise, professional support language

Also provide:

overall_pass:
true only if the response is reasonably helpful, safe, relevant,
and appropriate for the situation.

failure_reason:
A short explanation if overall_pass is false.
Use an empty string if the response passes.


Return ONLY valid JSON in exactly this structure:

{
  ""helpfulness"": 1,
  ""intent_fit"": 1,
  ""grounding"": 1,
  ""factual_safety"": 1,
  ""escalation_appropriateness"": 1,
  ""professionalism"": 1,
  ""overall_pass"": false,
  ""failure_reason"": ""short explanation""
}",,,,,,,,,pending,
2880426,Retrieval,"Le principe, c'est d'acheter *un* cadeau de Noël au meilleur prix. Ben avec @115821 c'est pas forcément simple. https://t.co/f9oucvQwal",other_general,order_status_tracking,0.2024706376861932,no,False,none,"@155066 Bonsoir Yann, désolée d'apprendre cela. La livraison de votre colis est prévue pour quand s'il vous plaît ? ^MA",fallback,"[{""customer_tweet_id"": 167936, ""customer_text"": ""Qd tu a 4 fois @120533 au téléphone pour te dire que ta commande n'est pas envoyée car il manque encore un produit mais que tu ne peux pas l'annuler parce qu'elle est sur le point d'être expédié.\nEt bah ça énerve un peu qd même."", ""amazon_reply"": ""@155066 Bonsoir Yann, désolée d'apprendre cela. La livraison de votre colis est prévue pour quand s'il vous plaît ? ^MA"", ""similarity"": 0.24813423944127966}, {""customer_tweet_id"": 2431121, ""customer_text"": ""@AmazonHelp La capture d'écran suivante provient de Firefox (les précédentes provenaient de Chrome), on dirait que c'est un design différent qui est appliqué sous Chrome (voir la couleur du titre et le design du bouton) https://t.co/d8K18vlCcb"", ""amazon_reply"": ""@697863 Il s'agit bien d'un souci d'affichage du navigateur et non une erreur graphique sur le site. Merci quand même de nous l'avoir signalé. ^MH"", ""similarity"": 0.1464958873029147}, {""customer_tweet_id"": 510268, ""customer_text"": ""@AmazonHelp Vu tous les tweets que je viens de lire, c'est inadmissible que Amazon prenne encore @120535 pour ses envois. Laissez nous le choix du transporteur au pire ..."", ""amazon_reply"": ""@237233 Le choix du transporteur n'est malheureusement pas possible mais vos avis nous sont importants pour améliorer la qualité des services. Merci pour votre compréhension. ^MH"", ""similarity"": 0.13743507028342378}]","You are evaluating an AI customer-support response.

Do NOT assume that a response is good merely because it resembles a
historical response.

Evaluate whether the candidate response actually addresses the customer's
message and whether its claims are supported by the supplied historical
evidence.

CUSTOMER MESSAGE:
Le principe, c'est d'acheter *un* cadeau de Noël au meilleur prix. Ben avec @115821 c'est pas forcément simple. https://t.co/f9oucvQwal

HISTORICAL EVIDENCE:
Historical example 1
Similarity: 0.24813423944127966

Customer:
Qd tu a 4 fois @120533 au téléphone pour te dire que ta commande n'est pas envoyée car il manque encore un produit mais que tu ne peux pas l'annuler parce qu'elle est sur le point d'être expédié.
Et bah ça énerve un peu qd même.

Amazon reply:
@155066 Bonsoir Yann, désolée d'apprendre cela. La livraison de votre colis est prévue pour quand s'il vous plaît ? ^MA

Historical example 2
Similarity: 0.1464958873029147

Customer:
@AmazonHelp La capture d'écran suivante provient de Firefox (les précédentes provenaient de Chrome), on dirait que c'est un design différent qui est appliqué sous Chrome (voir la couleur du titre et le design du bouton) https://t.co/d8K18vlCcb

Amazon reply:
@697863 Il s'agit bien d'un souci d'affichage du navigateur et non une erreur graphique sur le site. Merci quand même de nous l'avoir signalé. ^MH

Historical example 3
Similarity: 0.13743507028342378

Customer:
@AmazonHelp Vu tous les tweets que je viens de lire, c'est inadmissible que Amazon prenne encore @120535 pour ses envois. Laissez nous le choix du transporteur au pire ...

Amazon reply:
@237233 Le choix du transporteur n'est malheureusement pas possible mais vos avis nous sont importants pour améliorer la qualité des services. Merci pour votre compréhension. ^MH

CANDIDATE:
Retrieval

CANDIDATE RESPONSE:
@155066 Bonsoir Yann, désolée d'apprendre cela. La livraison de votre colis est prévue pour quand s'il vous plaît ? ^MA

ESCALATION DECISION MADE BY THE SYSTEM:
False

ESCALATION REASON:
none


Score each response from 1 to 5 on:

1. helpfulness
   1 = does not help the customer
   3 = somewhat useful
   5 = directly useful and addresses the issue

2. intent_fit
   1 = clearly misunderstands the customer's issue
   3 = partially addresses it
   5 = directly addresses the customer's issue

3. grounding
   1 = unsupported or contradicts the historical evidence
   3 = partly consistent with evidence
   5 = clearly grounded in the historical evidence

4. factual_safety
   1 = invents facts, policies, actions, or guarantees
   3 = mostly safe but somewhat assumptive
   5 = makes no unsupported claims

5. escalation_appropriateness
   1 = escalation decision is clearly inappropriate
   3 = debatable
   5 = clearly appropriate

6. professionalism
   1 = poor/unprofessional
   3 = acceptable
   5 = clear, concise, professional support language

Also provide:

overall_pass:
true only if the response is reasonably helpful, safe, relevant,
and appropriate for the situation.

failure_reason:
A short explanation if overall_pass is false.
Use an empty string if the response passes.


Return ONLY valid JSON in exactly this structure:

{
  ""helpfulness"": 1,
  ""intent_fit"": 1,
  ""grounding"": 1,
  ""factual_safety"": 1,
  ""escalation_appropriateness"": 1,
  ""professionalism"": 1,
  ""overall_pass"": false,
  ""failure_reason"": ""short explanation""
}",,,,,,,,,pending,
2880426,Agent,"Le principe, c'est d'acheter *un* cadeau de Noël au meilleur prix. Ben avec @115821 c'est pas forcément simple. https://t.co/f9oucvQwal",other_general,order_status_tracking,0.2024706376861932,no,False,none,I can help with your order status. Please check the current tracking information for the latest update on your order.,fallback,"[{""customer_tweet_id"": 167936, ""customer_text"": ""Qd tu a 4 fois @120533 au téléphone pour te dire que ta commande n'est pas envoyée car il manque encore un produit mais que tu ne peux pas l'annuler parce qu'elle est sur le point d'être expédié.\nEt bah ça énerve un peu qd même."", ""amazon_reply"": ""@155066 Bonsoir Yann, désolée d'apprendre cela. La livraison de votre colis est prévue pour quand s'il vous plaît ? ^MA"", ""similarity"": 0.24813423944127966}, {""customer_tweet_id"": 2431121, ""customer_text"": ""@AmazonHelp La capture d'écran suivante provient de Firefox (les précédentes provenaient de Chrome), on dirait que c'est un design différent qui est appliqué sous Chrome (voir la couleur du titre et le design du bouton) https://t.co/d8K18vlCcb"", ""amazon_reply"": ""@697863 Il s'agit bien d'un souci d'affichage du navigateur et non une erreur graphique sur le site. Merci quand même de nous l'avoir signalé. ^MH"", ""similarity"": 0.1464958873029147}, {""customer_tweet_id"": 510268, ""customer_text"": ""@AmazonHelp Vu tous les tweets que je viens de lire, c'est inadmissible que Amazon prenne encore @120535 pour ses envois. Laissez nous le choix du transporteur au pire ..."", ""amazon_reply"": ""@237233 Le choix du transporteur n'est malheureusement pas possible mais vos avis nous sont importants pour améliorer la qualité des services. Merci pour votre compréhension. ^MH"", ""similarity"": 0.13743507028342378}]","You are evaluating an AI customer-support response.

Do NOT assume that a response is good merely because it resembles a
historical response.

Evaluate whether the candidate response actually addresses the customer's
message and whether its claims are supported by the supplied historical
evidence.

CUSTOMER MESSAGE:
Le principe, c'est d'acheter *un* cadeau de Noël au meilleur prix. Ben avec @115821 c'est pas forcément simple. https://t.co/f9oucvQwal

HISTORICAL EVIDENCE:
Historical example 1
Similarity: 0.24813423944127966

Customer:
Qd tu a 4 fois @120533 au téléphone pour te dire que ta commande n'est pas envoyée car il manque encore un produit mais que tu ne peux pas l'annuler parce qu'elle est sur le point d'être expédié.
Et bah ça énerve un peu qd même.

Amazon reply:
@155066 Bonsoir Yann, désolée d'apprendre cela. La livraison de votre colis est prévue pour quand s'il vous plaît ? ^MA

Historical example 2
Similarity: 0.1464958873029147

Customer:
@AmazonHelp La capture d'écran suivante provient de Firefox (les précédentes provenaient de Chrome), on dirait que c'est un design différent qui est appliqué sous Chrome (voir la couleur du titre et le design du bouton) https://t.co/d8K18vlCcb

Amazon reply:
@697863 Il s'agit bien d'un souci d'affichage du navigateur et non une erreur graphique sur le site. Merci quand même de nous l'avoir signalé. ^MH

Historical example 3
Similarity: 0.13743507028342378

Customer:
@AmazonHelp Vu tous les tweets que je viens de lire, c'est inadmissible que Amazon prenne encore @120535 pour ses envois. Laissez nous le choix du transporteur au pire ...

Amazon reply:
@237233 Le choix du transporteur n'est malheureusement pas possible mais vos avis nous sont importants pour améliorer la qualité des services. Merci pour votre compréhension. ^MH

CANDIDATE:
Agent

CANDIDATE RESPONSE:
I can help with your order status. Please check the current tracking information for the latest update on your order.

ESCALATION DECISION MADE BY THE SYSTEM:
False

ESCALATION REASON:
none


Score each response from 1 to 5 on:

1. helpfulness
   1 = does not help the customer
   3 = somewhat useful
   5 = directly useful and addresses the issue

2. intent_fit
   1 = clearly misunderstands the customer's issue
   3 = partially addresses it
   5 = directly addresses the customer's issue

3. grounding
   1 = unsupported or contradicts the historical evidence
   3 = partly consistent with evidence
   5 = clearly grounded in the historical evidence

4. factual_safety
   1 = invents facts, policies, actions, or guarantees
   3 = mostly safe but somewhat assumptive
   5 = makes no unsupported claims

5. escalation_appropriateness
   1 = escalation decision is clearly inappropriate
   3 = debatable
   5 = clearly appropriate

6. professionalism
   1 = poor/unprofessional
   3 = acceptable
   5 = clear, concise, professional support language

Also provide:

overall_pass:
true only if the response is reasonably helpful, safe, relevant,
and appropriate for the situation.

failure_reason:
A short explanation if overall_pass is false.
Use an empty string if the response passes.


Return ONLY valid JSON in exactly this structure:

{
  ""helpfulness"": 1,
  ""intent_fit"": 1,
  ""grounding"": 1,
  ""factual_safety"": 1,
  ""escalation_appropriateness"": 1,
  ""professionalism"": 1,
  ""overall_pass"": false,
  ""failure_reason"": ""short explanation""
}",,,,,,,,,pending,
2840267,Generic,"@AmazonHelp I have read that communication. It is of no help. No one is even trying to understand, why i complained",other_general,other_general,0.2130557774036207,yes,False,none,I'm sorry you're experiencing this issue. Please provide the relevant order details so we can better understand the problem and determine the appropriate next steps.,fallback,"[{""customer_tweet_id"": 2406925, ""customer_text"": ""Hello, @115850  &amp; @AmazonHelp \nPlease Help. I am trying 5 time Add Money in Wallet but problems.\nPlease check.\n@115821 \n@115830"", ""amazon_reply"": ""@414819 I understand your concern about the Amazon pay balance. Did you happen to report this to our support team? If no, please contact us here: https://t.co/vlvfJr4nN9 so we can assist you.^PJ"", ""similarity"": 0.2538303157030127}, {""customer_tweet_id"": 1890590, ""customer_text"": ""@AmazonHelp It would be nice if you read my tweet before, I am saying that my account is LOCKED. Can you please read what I stated above and not give me some bullshit answer back, thanks."", ""amazon_reply"": ""@563805 Please use skip sign in option, on the link previously provided. ^TP"", ""similarity"": 0.18643189714728586}, {""customer_tweet_id"": 373286, ""customer_text"": ""@AmazonHelp Person I spoke with was confused, didn't understand what was going on and just told me someone would get back to me."", ""amazon_reply"": ""@204453 I understand you frustration! We'll do everything we can. Please let us know if you need assistance in the mean time. ^HC"", ""similarity"": 0.137072745721395}]","You are evaluating an AI customer-support response.

Do NOT assume that a response is good merely because it resembles a
historical response.

Evaluate whether the candidate response actually addresses the customer's
message and whether its claims are supported by the supplied historical
evidence.

CUSTOMER MESSAGE:
@AmazonHelp I have read that communication. It is of no help. No one is even trying to understand, why i complained

HISTORICAL EVIDENCE:
Historical example 1
Similarity: 0.2538303157030127

Customer:
Hello, @115850  &amp; @AmazonHelp 
Please Help. I am trying 5 time Add Money in Wallet but problems.
Please check.
@115821 
@115830

Amazon reply:
@414819 I understand your concern about the Amazon pay balance. Did you happen to report this to our support team? If no, please contact us here: https://t.co/vlvfJr4nN9 so we can assist you.^PJ

Historical example 2
Similarity: 0.18643189714728586

Customer:
@AmazonHelp It would be nice if you read my tweet before, I am saying that my account is LOCKED. Can you please read what I stated above and not give me some bullshit answer back, thanks.

Amazon reply:
@563805 Please use skip sign in option, on the link previously provided. ^TP

Historical example 3
Similarity: 0.137072745721395

Customer:
@AmazonHelp Person I spoke with was confused, didn't understand what was going on and just told me someone would get back to me.

Amazon reply:
@204453 I understand you frustration! We'll do everything we can. Please let us know if you need assistance in the mean time. ^HC

CANDIDATE:
Generic

CANDIDATE RESPONSE:
I'm sorry you're experiencing this issue. Please provide the relevant order details so we can better understand the problem and determine the appropriate next steps.

ESCALATION DECISION MADE BY THE SYSTEM:
False

ESCALATION REASON:
none


Score each response from 1 to 5 on:

1. helpfulness
   1 = does not help the customer
   3 = somewhat useful
   5 = directly useful and addresses the issue

2. intent_fit
   1 = clearly misunderstands the customer's issue
   3 = partially addresses it
   5 = directly addresses the customer's issue

3. grounding
   1 = unsupported or contradicts the historical evidence
   3 = partly consistent with evidence
   5 = clearly grounded in the historical evidence

4. factual_safety
   1 = invents facts, policies, actions, or guarantees
   3 = mostly safe but somewhat assumptive
   5 = makes no unsupported claims

5. escalation_appropriateness
   1 = escalation decision is clearly inappropriate
   3 = debatable
   5 = clearly appropriate

6. professionalism
   1 = poor/unprofessional
   3 = acceptable
   5 = clear, concise, professional support language

Also provide:

overall_pass:
true only if the response is reasonably helpful, safe, relevant,
and appropriate for the situation.

failure_reason:
A short explanation if overall_pass is false.
Use an empty string if the response passes.


Return ONLY valid JSON in exactly this structure:

{
  ""helpfulness"": 1,
  ""intent_fit"": 1,
  ""grounding"": 1,
  ""factual_safety"": 1,
  ""escalation_appropriateness"": 1,
  ""professionalism"": 1,
  ""overall_pass"": false,
  ""failure_reason"": ""short explanation""
}",,,,,,,,,pending,
2840267,Retrieval,"@AmazonHelp I have read that communication. It is of no help. No one is even trying to understand, why i complained",other_general,other_general,0.2130557774036207,yes,False,none,"@414819 I understand your concern about the Amazon pay balance. Did you happen to report this to our support team? If no, please contact us here: https://t.co/vlvfJr4nN9 so we can assist you.^PJ",fallback,"[{""customer_tweet_id"": 2406925, ""customer_text"": ""Hello, @115850  &amp; @AmazonHelp \nPlease Help. I am trying 5 time Add Money in Wallet but problems.\nPlease check.\n@115821 \n@115830"", ""amazon_reply"": ""@414819 I understand your concern about the Amazon pay balance. Did you happen to report this to our support team? If no, please contact us here: https://t.co/vlvfJr4nN9 so we can assist you.^PJ"", ""similarity"": 0.2538303157030127}, {""customer_tweet_id"": 1890590, ""customer_text"": ""@AmazonHelp It would be nice if you read my tweet before, I am saying that my account is LOCKED. Can you please read what I stated above and not give me some bullshit answer back, thanks."", ""amazon_reply"": ""@563805 Please use skip sign in option, on the link previously provided. ^TP"", ""similarity"": 0.18643189714728586}, {""customer_tweet_id"": 373286, ""customer_text"": ""@AmazonHelp Person I spoke with was confused, didn't understand what was going on and just told me someone would get back to me."", ""amazon_reply"": ""@204453 I understand you frustration! We'll do everything we can. Please let us know if you need assistance in the mean time. ^HC"", ""similarity"": 0.137072745721395}]","You are evaluating an AI customer-support response.

Do NOT assume that a response is good merely because it resembles a
historical response.

Evaluate whether the candidate response actually addresses the customer's
message and whether its claims are supported by the supplied historical
evidence.

CUSTOMER MESSAGE:
@AmazonHelp I have read that communication. It is of no help. No one is even trying to understand, why i complained

HISTORICAL EVIDENCE:
Historical example 1
Similarity: 0.2538303157030127

Customer:
Hello, @115850  &amp; @AmazonHelp 
Please Help. I am trying 5 time Add Money in Wallet but problems.
Please check.
@115821 
@115830

Amazon reply:
@414819 I understand your concern about the Amazon pay balance. Did you happen to report this to our support team? If no, please contact us here: https://t.co/vlvfJr4nN9 so we can assist you.^PJ

Historical example 2
Similarity: 0.18643189714728586

Customer:
@AmazonHelp It would be nice if you read my tweet before, I am saying that my account is LOCKED. Can you please read what I stated above and not give me some bullshit answer back, thanks.

Amazon reply:
@563805 Please use skip sign in option, on the link previously provided. ^TP

Historical example 3
Similarity: 0.137072745721395

Customer:
@AmazonHelp Person I spoke with was confused, didn't understand what was going on and just told me someone would get back to me.

Amazon reply:
@204453 I understand you frustration! We'll do everything we can. Please let us know if you need assistance in the mean time. ^HC

CANDIDATE:
Retrieval

CANDIDATE RESPONSE:
@414819 I understand your concern about the Amazon pay balance. Did you happen to report this to our support team? If no, please contact us here: https://t.co/vlvfJr4nN9 so we can assist you.^PJ

ESCALATION DECISION MADE BY THE SYSTEM:
False

ESCALATION REASON:
none


Score each response from 1 to 5 on:

1. helpfulness
   1 = does not help the customer
   3 = somewhat useful
   5 = directly useful and addresses the issue

2. intent_fit
   1 = clearly misunderstands the customer's issue
   3 = partially addresses it
   5 = directly addresses the customer's issue

3. grounding
   1 = unsupported or contradicts the historical evidence
   3 = partly consistent with evidence
   5 = clearly grounded in the historical evidence

4. factual_safety
   1 = invents facts, policies, actions, or guarantees
   3 = mostly safe but somewhat assumptive
   5 = makes no unsupported claims

5. escalation_appropriateness
   1 = escalation decision is clearly inappropriate
   3 = debatable
   5 = clearly appropriate

6. professionalism
   1 = poor/unprofessional
   3 = acceptable
   5 = clear, concise, professional support language

Also provide:

overall_pass:
true only if the response is reasonably helpful, safe, relevant,
and appropriate for the situation.

failure_reason:
A short explanation if overall_pass is false.
Use an empty string if the response passes.


Return ONLY valid JSON in exactly this structure:

{
  ""helpfulness"": 1,
  ""intent_fit"": 1,
  ""grounding"": 1,
  ""factual_safety"": 1,
  ""escalation_appropriateness"": 1,
  ""professionalism"": 1,
  ""overall_pass"": false,
  ""failure_reason"": ""short explanation""
}",,,,,,,,,pending,
2840267,Agent,"@AmazonHelp I have read that communication. It is of no help. No one is even trying to understand, why i complained",other_general,other_general,0.2130557774036207,yes,False,none,I'm sorry you're experiencing this issue. Please provide the relevant order details so we can better understand the problem and determine the appropriate next steps.,fallback,"[{""customer_tweet_id"": 2406925, ""customer_text"": ""Hello, @115850  &amp; @AmazonHelp \nPlease Help. I am trying 5 time Add Money in Wallet but problems.\nPlease check.\n@115821 \n@115830"", ""amazon_reply"": ""@414819 I understand your concern about the Amazon pay balance. Did you happen to report this to our support team? If no, please contact us here: https://t.co/vlvfJr4nN9 so we can assist you.^PJ"", ""similarity"": 0.2538303157030127}, {""customer_tweet_id"": 1890590, ""customer_text"": ""@AmazonHelp It would be nice if you read my tweet before, I am saying that my account is LOCKED. Can you please read what I stated above and not give me some bullshit answer back, thanks."", ""amazon_reply"": ""@563805 Please use skip sign in option, on the link previously provided. ^TP"", ""similarity"": 0.18643189714728586}, {""customer_tweet_id"": 373286, ""customer_text"": ""@AmazonHelp Person I spoke with was confused, didn't understand what was going on and just told me someone would get back to me."", ""amazon_reply"": ""@204453 I understand you frustration! We'll do everything we can. Please let us know if you need assistance in the mean time. ^HC"", ""similarity"": 0.137072745721395}]","You are evaluating an AI customer-support response.

Do NOT assume that a response is good merely because it resembles a
historical response.

Evaluate whether the candidate response actually addresses the customer's
message and whether its claims are supported by the supplied historical
evidence.

CUSTOMER MESSAGE:
@AmazonHelp I have read that communication. It is of no help. No one is even trying to understand, why i complained

HISTORICAL EVIDENCE:
Historical example 1
Similarity: 0.2538303157030127

Customer:
Hello, @115850  &amp; @AmazonHelp 
Please Help. I am trying 5 time Add Money in Wallet but problems.
Please check.
@115821 
@115830

Amazon reply:
@414819 I understand your concern about the Amazon pay balance. Did you happen to report this to our support team? If no, please contact us here: https://t.co/vlvfJr4nN9 so we can assist you.^PJ

Historical example 2
Similarity: 0.18643189714728586

Customer:
@AmazonHelp It would be nice if you read my tweet before, I am saying that my account is LOCKED. Can you please read what I stated above and not give me some bullshit answer back, thanks.

Amazon reply:
@563805 Please use skip sign in option, on the link previously provided. ^TP

Historical example 3
Similarity: 0.137072745721395

Customer:
@AmazonHelp Person I spoke with was confused, didn't understand what was going on and just told me someone would get back to me.

Amazon reply:
@204453 I understand you frustration! We'll do everything we can. Please let us know if you need assistance in the mean time. ^HC

CANDIDATE:
Agent

CANDIDATE RESPONSE:
I'm sorry you're experiencing this issue. Please provide the relevant order details so we can better understand the problem and determine the appropriate next steps.

ESCALATION DECISION MADE BY THE SYSTEM:
False

ESCALATION REASON:
none


Score each response from 1 to 5 on:

1. helpfulness
   1 = does not help the customer
   3 = somewhat useful
   5 = directly useful and addresses the issue

2. intent_fit
   1 = clearly misunderstands the customer's issue
   3 = partially addresses it
   5 = directly addresses the customer's issue

3. grounding
   1 = unsupported or contradicts the historical evidence
   3 = partly consistent with evidence
   5 = clearly grounded in the historical evidence

4. factual_safety
   1 = invents facts, policies, actions, or guarantees
   3 = mostly safe but somewhat assumptive
   5 = makes no unsupported claims

5. escalation_appropriateness
   1 = escalation decision is clearly inappropriate
   3 = debatable
   5 = clearly appropriate

6. professionalism
   1 = poor/unprofessional
   3 = acceptable
   5 = clear, concise, professional support language

Also provide:

overall_pass:
true only if the response is reasonably helpful, safe, relevant,
and appropriate for the situation.

failure_reason:
A short explanation if overall_pass is false.
Use an empty string if the response passes.


Return ONLY valid JSON in exactly this structure:

{
  ""helpfulness"": 1,
  ""intent_fit"": 1,
  ""grounding"": 1,
  ""factual_safety"": 1,
  ""escalation_appropriateness"": 1,
  ""professionalism"": 1,
  ""overall_pass"": false,
  ""failure_reason"": ""short explanation""
}",,,,,,,,,pending,
2962796,Generic,When @115821’s 2 day delivery turns into 3 days.............. 🙄,delivery_delay,delivery_delay,0.2723433412959499,no,False,none,I'm sorry you're experiencing this issue. Please provide the relevant order details so we can better understand the problem and determine the appropriate next steps.,fallback,"[{""customer_tweet_id"": 1234212, ""customer_text"": ""@115821 Why does \""same day delivery\"" constantly turn into next day delivery after I place the order? Commitment issues?"", ""amazon_reply"": ""@409483 Hi Clark. We'd like to help the best we can. Has the delivery date for your order changed? ^HC"", ""similarity"": 0.42785797260622765}, {""customer_tweet_id"": 1452878, ""customer_text"": ""@AmazonHelp just got an email saying there has been a problem. So why do you advertise and why have I paid £5 for next day delivery?"", ""amazon_reply"": ""@457171 We'd be happy to look into this with you further, if you'll please phone us here: https://t.co/JzP7hlA23B Keep us posted! ^LB"", ""similarity"": 0.23771974710286692}, {""customer_tweet_id"": 836451, ""customer_text"": ""@115830 I pre-ordered one in August and then I did next day delivery for the second, neither have arrived."", ""amazon_reply"": ""@319104 Is there any info showing on their tracking via this link? : https://t.co/aaDyEz1VgE ^RL"", ""similarity"": 0.23311976950078542}]","You are evaluating an AI customer-support response.

Do NOT assume that a response is good merely because it resembles a
historical response.

Evaluate whether the candidate response actually addresses the customer's
message and whether its claims are supported by the supplied historical
evidence.

CUSTOMER MESSAGE:
When @115821’s 2 day delivery turns into 3 days.............. 🙄

HISTORICAL EVIDENCE:
Historical example 1
Similarity: 0.42785797260622765

Customer:
@115821 Why does ""same day delivery"" constantly turn into next day delivery after I place the order? Commitment issues?

Amazon reply:
@409483 Hi Clark. We'd like to help the best we can. Has the delivery date for your order changed? ^HC

Historical example 2
Similarity: 0.23771974710286692

Customer:
@AmazonHelp just got an email saying there has been a problem. So why do you advertise and why have I paid £5 for next day delivery?

Amazon reply:
@457171 We'd be happy to look into this with you further, if you'll please phone us here: https://t.co/JzP7hlA23B Keep us posted! ^LB

Historical example 3
Similarity: 0.23311976950078542

Customer:
@115830 I pre-ordered one in August and then I did next day delivery for the second, neither have arrived.

Amazon reply:
@319104 Is there any info showing on their tracking via this link? : https://t.co/aaDyEz1VgE ^RL

CANDIDATE:
Generic

CANDIDATE RESPONSE:
I'm sorry you're experiencing this issue. Please provide the relevant order details so we can better understand the problem and determine the appropriate next steps.

ESCALATION DECISION MADE BY THE SYSTEM:
False

ESCALATION REASON:
none


Score each response from 1 to 5 on:

1. helpfulness
   1 = does not help the customer
   3 = somewhat useful
   5 = directly useful and addresses the issue

2. intent_fit
   1 = clearly misunderstands the customer's issue
   3 = partially addresses it
   5 = directly addresses the customer's issue

3. grounding
   1 = unsupported or contradicts the historical evidence
   3 = partly consistent with evidence
   5 = clearly grounded in the historical evidence

4. factual_safety
   1 = invents facts, policies, actions, or guarantees
   3 = mostly safe but somewhat assumptive
   5 = makes no unsupported claims

5. escalation_appropriateness
   1 = escalation decision is clearly inappropriate
   3 = debatable
   5 = clearly appropriate

6. professionalism
   1 = poor/unprofessional
   3 = acceptable
   5 = clear, concise, professional support language

Also provide:

overall_pass:
true only if the response is reasonably helpful, safe, relevant,
and appropriate for the situation.

failure_reason:
A short explanation if overall_pass is false.
Use an empty string if the response passes.


Return ONLY valid JSON in exactly this structure:

{
  ""helpfulness"": 1,
  ""intent_fit"": 1,
  ""grounding"": 1,
  ""factual_safety"": 1,
  ""escalation_appropriateness"": 1,
  ""professionalism"": 1,
  ""overall_pass"": false,
  ""failure_reason"": ""short explanation""
}",,,,,,,,,pending,
2962796,Retrieval,When @115821’s 2 day delivery turns into 3 days.............. 🙄,delivery_delay,delivery_delay,0.2723433412959499,no,False,none,@409483 Hi Clark. We'd like to help the best we can. Has the delivery date for your order changed? ^HC,fallback,"[{""customer_tweet_id"": 1234212, ""customer_text"": ""@115821 Why does \""same day delivery\"" constantly turn into next day delivery after I place the order? Commitment issues?"", ""amazon_reply"": ""@409483 Hi Clark. We'd like to help the best we can. Has the delivery date for your order changed? ^HC"", ""similarity"": 0.42785797260622765}, {""customer_tweet_id"": 1452878, ""customer_text"": ""@AmazonHelp just got an email saying there has been a problem. So why do you advertise and why have I paid £5 for next day delivery?"", ""amazon_reply"": ""@457171 We'd be happy to look into this with you further, if you'll please phone us here: https://t.co/JzP7hlA23B Keep us posted! ^LB"", ""similarity"": 0.23771974710286692}, {""customer_tweet_id"": 836451, ""customer_text"": ""@115830 I pre-ordered one in August and then I did next day delivery for the second, neither have arrived."", ""amazon_reply"": ""@319104 Is there any info showing on their tracking via this link? : https://t.co/aaDyEz1VgE ^RL"", ""similarity"": 0.23311976950078542}]","You are evaluating an AI customer-support response.

Do NOT assume that a response is good merely because it resembles a
historical response.

Evaluate whether the candidate response actually addresses the customer's
message and whether its claims are supported by the supplied historical
evidence.

CUSTOMER MESSAGE:
When @115821’s 2 day delivery turns into 3 days.............. 🙄

HISTORICAL EVIDENCE:
Historical example 1
Similarity: 0.42785797260622765

Customer:
@115821 Why does ""same day delivery"" constantly turn into next day delivery after I place the order? Commitment issues?

Amazon reply:
@409483 Hi Clark. We'd like to help the best we can. Has the delivery date for your order changed? ^HC

Historical example 2
Similarity: 0.23771974710286692

Customer:
@AmazonHelp just got an email saying there has been a problem. So why do you advertise and why have I paid £5 for next day delivery?

Amazon reply:
@457171 We'd be happy to look into this with you further, if you'll please phone us here: https://t.co/JzP7hlA23B Keep us posted! ^LB

Historical example 3
Similarity: 0.23311976950078542

Customer:
@115830 I pre-ordered one in August and then I did next day delivery for the second, neither have arrived.

Amazon reply:
@319104 Is there any info showing on their tracking via this link? : https://t.co/aaDyEz1VgE ^RL

CANDIDATE:
Retrieval

CANDIDATE RESPONSE:
@409483 Hi Clark. We'd like to help the best we can. Has the delivery date for your order changed? ^HC

ESCALATION DECISION MADE BY THE SYSTEM:
False

ESCALATION REASON:
none


Score each response from 1 to 5 on:

1. helpfulness
   1 = does not help the customer
   3 = somewhat useful
   5 = directly useful and addresses the issue

2. intent_fit
   1 = clearly misunderstands the customer's issue
   3 = partially addresses it
   5 = directly addresses the customer's issue

3. grounding
   1 = unsupported or contradicts the historical evidence
   3 = partly consistent with evidence
   5 = clearly grounded in the historical evidence

4. factual_safety
   1 = invents facts, policies, actions, or guarantees
   3 = mostly safe but somewhat assumptive
   5 = makes no unsupported claims

5. escalation_appropriateness
   1 = escalation decision is clearly inappropriate
   3 = debatable
   5 = clearly appropriate

6. professionalism
   1 = poor/unprofessional
   3 = acceptable
   5 = clear, concise, professional support language

Also provide:

overall_pass:
true only if the response is reasonably helpful, safe, relevant,
and appropriate for the situation.

failure_reason:
A short explanation if overall_pass is false.
Use an empty string if the response passes.


Return ONLY valid JSON in exactly this structure:

{
  ""helpfulness"": 1,
  ""intent_fit"": 1,
  ""grounding"": 1,
  ""factual_safety"": 1,
  ""escalation_appropriateness"": 1,
  ""professionalism"": 1,
  ""overall_pass"": false,
  ""failure_reason"": ""short explanation""
}",,,,,,,,,pending,
2962796,Agent,When @115821’s 2 day delivery turns into 3 days.............. 🙄,delivery_delay,delivery_delay,0.2723433412959499,no,False,none,I'm sorry your package is delayed. Please check the current tracking status of your order for the latest delivery information.,fallback,"[{""customer_tweet_id"": 1234212, ""customer_text"": ""@115821 Why does \""same day delivery\"" constantly turn into next day delivery after I place the order? Commitment issues?"", ""amazon_reply"": ""@409483 Hi Clark. We'd like to help the best we can. Has the delivery date for your order changed? ^HC"", ""similarity"": 0.42785797260622765}, {""customer_tweet_id"": 1452878, ""customer_text"": ""@AmazonHelp just got an email saying there has been a problem. So why do you advertise and why have I paid £5 for next day delivery?"", ""amazon_reply"": ""@457171 We'd be happy to look into this with you further, if you'll please phone us here: https://t.co/JzP7hlA23B Keep us posted! ^LB"", ""similarity"": 0.23771974710286692}, {""customer_tweet_id"": 836451, ""customer_text"": ""@115830 I pre-ordered one in August and then I did next day delivery for the second, neither have arrived."", ""amazon_reply"": ""@319104 Is there any info showing on their tracking via this link? : https://t.co/aaDyEz1VgE ^RL"", ""similarity"": 0.23311976950078542}]","You are evaluating an AI customer-support response.

Do NOT assume that a response is good merely because it resembles a
historical response.

Evaluate whether the candidate response actually addresses the customer's
message and whether its claims are supported by the supplied historical
evidence.

CUSTOMER MESSAGE:
When @115821’s 2 day delivery turns into 3 days.............. 🙄

HISTORICAL EVIDENCE:
Historical example 1
Similarity: 0.42785797260622765

Customer:
@115821 Why does ""same day delivery"" constantly turn into next day delivery after I place the order? Commitment issues?

Amazon reply:
@409483 Hi Clark. We'd like to help the best we can. Has the delivery date for your order changed? ^HC

Historical example 2
Similarity: 0.23771974710286692

Customer:
@AmazonHelp just got an email saying there has been a problem. So why do you advertise and why have I paid £5 for next day delivery?

Amazon reply:
@457171 We'd be happy to look into this with you further, if you'll please phone us here: https://t.co/JzP7hlA23B Keep us posted! ^LB

Historical example 3
Similarity: 0.23311976950078542

Customer:
@115830 I pre-ordered one in August and then I did next day delivery for the second, neither have arrived.

Amazon reply:
@319104 Is there any info showing on their tracking via this link? : https://t.co/aaDyEz1VgE ^RL

CANDIDATE:
Agent

CANDIDATE RESPONSE:
I'm sorry your package is delayed. Please check the current tracking status of your order for the latest delivery information.

ESCALATION DECISION MADE BY THE SYSTEM:
False

ESCALATION REASON:
none


Score each response from 1 to 5 on:

1. helpfulness
   1 = does not help the customer
   3 = somewhat useful
   5 = directly useful and addresses the issue

2. intent_fit
   1 = clearly misunderstands the customer's issue
   3 = partially addresses it
   5 = directly addresses the customer's issue

3. grounding
   1 = unsupported or contradicts the historical evidence
   3 = partly consistent with evidence
   5 = clearly grounded in the historical evidence

4. factual_safety
   1 = invents facts, policies, actions, or guarantees
   3 = mostly safe but somewhat assumptive
   5 = makes no unsupported claims

5. escalation_appropriateness
   1 = escalation decision is clearly inappropriate
   3 = debatable
   5 = clearly appropriate

6. professionalism
   1 = poor/unprofessional
   3 = acceptable
   5 = clear, concise, professional support language

Also provide:

overall_pass:
true only if the response is reasonably helpful, safe, relevant,
and appropriate for the situation.

failure_reason:
A short explanation if overall_pass is false.
Use an empty string if the response passes.


Return ONLY valid JSON in exactly this structure:

{
  ""helpfulness"": 1,
  ""intent_fit"": 1,
  ""grounding"": 1,
  ""factual_safety"": 1,
  ""escalation_appropriateness"": 1,
  ""professionalism"": 1,
  ""overall_pass"": false,
  ""failure_reason"": ""short explanation""
}",,,,,,,,,pending,
570007,Generic,"@AmazonHelp Package status says received, but i didnt get it, Amazon told me to call in a police report, i did. Amazon got the police report number, told me they would contact the police to verify the report, that was Nov 3rd, i get told they will call monday, 4 mondays in a row and nothing",missing_package,delivery_delay,0.1558321867803527,yes,True,low_intent_confidence,I'm sorry you're experiencing this issue. Please provide the relevant order details so we can better understand the problem and determine the appropriate next steps.,fallback,"[{""customer_tweet_id"": 893324, ""customer_text"": ""@AmazonHelp Via phone I was told to contact my bank. However the bank didn't make the charge so I'm out of $10"", ""amazon_reply"": ""@332123 Just to clarify, what shipping method is shown for your item? Did you start a Prime membership with this order? ^DW"", ""similarity"": 0.19407113439600618}, {""customer_tweet_id"": 1447950, ""customer_text"": ""Hey @AmazonHelp  once again my package is delayed. 3rd time in a row.  Is prime really worth it if my packages never get here in 2 days??"", ""amazon_reply"": ""@456015 I'm so sorry for the wait! Do the orders have the same carrier in common? If so, who is it? https://t.co/Y5jpI9gRhE ^MH"", ""similarity"": 0.19146798901524792}, {""customer_tweet_id"": 46489, ""customer_text"": ""@115830 paid 4 nextday delivery only 2 b told after notifications all day saying that they r delivering 2day only 2 b told they cant deliv"", ""amazon_reply"": ""@126320 I'm sorry you didn't receive your order. Did we specify why we were unable to deliver your order? ^CO"", ""similarity"": 0.17477593451525597}]","You are evaluating an AI customer-support response.

Do NOT assume that a response is good merely because it resembles a
historical response.

Evaluate whether the candidate response actually addresses the customer's
message and whether its claims are supported by the supplied historical
evidence.

CUSTOMER MESSAGE:
@AmazonHelp Package status says received, but i didnt get it, Amazon told me to call in a police report, i did. Amazon got the police report number, told me they would contact the police to verify the report, that was Nov 3rd, i get told they will call monday, 4 mondays in a row and nothing

HISTORICAL EVIDENCE:
Historical example 1
Similarity: 0.19407113439600618

Customer:
@AmazonHelp Via phone I was told to contact my bank. However the bank didn't make the charge so I'm out of $10

Amazon reply:
@332123 Just to clarify, what shipping method is shown for your item? Did you start a Prime membership with this order? ^DW

Historical example 2
Similarity: 0.19146798901524792

Customer:
Hey @AmazonHelp  once again my package is delayed. 3rd time in a row.  Is prime really worth it if my packages never get here in 2 days??

Amazon reply:
@456015 I'm so sorry for the wait! Do the orders have the same carrier in common? If so, who is it? https://t.co/Y5jpI9gRhE ^MH

Historical example 3
Similarity: 0.17477593451525597

Customer:
@115830 paid 4 nextday delivery only 2 b told after notifications all day saying that they r delivering 2day only 2 b told they cant deliv

Amazon reply:
@126320 I'm sorry you didn't receive your order. Did we specify why we were unable to deliver your order? ^CO

CANDIDATE:
Generic

CANDIDATE RESPONSE:
I'm sorry you're experiencing this issue. Please provide the relevant order details so we can better understand the problem and determine the appropriate next steps.

ESCALATION DECISION MADE BY THE SYSTEM:
True

ESCALATION REASON:
low_intent_confidence


Score each response from 1 to 5 on:

1. helpfulness
   1 = does not help the customer
   3 = somewhat useful
   5 = directly useful and addresses the issue

2. intent_fit
   1 = clearly misunderstands the customer's issue
   3 = partially addresses it
   5 = directly addresses the customer's issue

3. grounding
   1 = unsupported or contradicts the historical evidence
   3 = partly consistent with evidence
   5 = clearly grounded in the historical evidence

4. factual_safety
   1 = invents facts, policies, actions, or guarantees
   3 = mostly safe but somewhat assumptive
   5 = makes no unsupported claims

5. escalation_appropriateness
   1 = escalation decision is clearly inappropriate
   3 = debatable
   5 = clearly appropriate

6. professionalism
   1 = poor/unprofessional
   3 = acceptable
   5 = clear, concise, professional support language

Also provide:

overall_pass:
true only if the response is reasonably helpful, safe, relevant,
and appropriate for the situation.

failure_reason:
A short explanation if overall_pass is false.
Use an empty string if the response passes.


Return ONLY valid JSON in exactly this structure:

{
  ""helpfulness"": 1,
  ""intent_fit"": 1,
  ""grounding"": 1,
  ""factual_safety"": 1,
  ""escalation_appropriateness"": 1,
  ""professionalism"": 1,
  ""overall_pass"": false,
  ""failure_reason"": ""short explanation""
}",,,,,,,,,pending,
570007,Retrieval,"@AmazonHelp Package status says received, but i didnt get it, Amazon told me to call in a police report, i did. Amazon got the police report number, told me they would contact the police to verify the report, that was Nov 3rd, i get told they will call monday, 4 mondays in a row and nothing",missing_package,delivery_delay,0.1558321867803527,yes,True,low_intent_confidence,"@332123 Just to clarify, what shipping method is shown for your item? Did you start a Prime membership with this order? ^DW",fallback,"[{""customer_tweet_id"": 893324, ""customer_text"": ""@AmazonHelp Via phone I was told to contact my bank. However the bank didn't make the charge so I'm out of $10"", ""amazon_reply"": ""@332123 Just to clarify, what shipping method is shown for your item? Did you start a Prime membership with this order? ^DW"", ""similarity"": 0.19407113439600618}, {""customer_tweet_id"": 1447950, ""customer_text"": ""Hey @AmazonHelp  once again my package is delayed. 3rd time in a row.  Is prime really worth it if my packages never get here in 2 days??"", ""amazon_reply"": ""@456015 I'm so sorry for the wait! Do the orders have the same carrier in common? If so, who is it? https://t.co/Y5jpI9gRhE ^MH"", ""similarity"": 0.19146798901524792}, {""customer_tweet_id"": 46489, ""customer_text"": ""@115830 paid 4 nextday delivery only 2 b told after notifications all day saying that they r delivering 2day only 2 b told they cant deliv"", ""amazon_reply"": ""@126320 I'm sorry you didn't receive your order. Did we specify why we were unable to deliver your order? ^CO"", ""similarity"": 0.17477593451525597}]","You are evaluating an AI customer-support response.

Do NOT assume that a response is good merely because it resembles a
historical response.

Evaluate whether the candidate response actually addresses the customer's
message and whether its claims are supported by the supplied historical
evidence.

CUSTOMER MESSAGE:
@AmazonHelp Package status says received, but i didnt get it, Amazon told me to call in a police report, i did. Amazon got the police report number, told me they would contact the police to verify the report, that was Nov 3rd, i get told they will call monday, 4 mondays in a row and nothing

HISTORICAL EVIDENCE:
Historical example 1
Similarity: 0.19407113439600618

Customer:
@AmazonHelp Via phone I was told to contact my bank. However the bank didn't make the charge so I'm out of $10

Amazon reply:
@332123 Just to clarify, what shipping method is shown for your item? Did you start a Prime membership with this order? ^DW

Historical example 2
Similarity: 0.19146798901524792

Customer:
Hey @AmazonHelp  once again my package is delayed. 3rd time in a row.  Is prime really worth it if my packages never get here in 2 days??

Amazon reply:
@456015 I'm so sorry for the wait! Do the orders have the same carrier in common? If so, who is it? https://t.co/Y5jpI9gRhE ^MH

Historical example 3
Similarity: 0.17477593451525597

Customer:
@115830 paid 4 nextday delivery only 2 b told after notifications all day saying that they r delivering 2day only 2 b told they cant deliv

Amazon reply:
@126320 I'm sorry you didn't receive your order. Did we specify why we were unable to deliver your order? ^CO

CANDIDATE:
Retrieval

CANDIDATE RESPONSE:
@332123 Just to clarify, what shipping method is shown for your item? Did you start a Prime membership with this order? ^DW

ESCALATION DECISION MADE BY THE SYSTEM:
True

ESCALATION REASON:
low_intent_confidence


Score each response from 1 to 5 on:

1. helpfulness
   1 = does not help the customer
   3 = somewhat useful
   5 = directly useful and addresses the issue

2. intent_fit
   1 = clearly misunderstands the customer's issue
   3 = partially addresses it
   5 = directly addresses the customer's issue

3. grounding
   1 = unsupported or contradicts the historical evidence
   3 = partly consistent with evidence
   5 = clearly grounded in the historical evidence

4. factual_safety
   1 = invents facts, policies, actions, or guarantees
   3 = mostly safe but somewhat assumptive
   5 = makes no unsupported claims

5. escalation_appropriateness
   1 = escalation decision is clearly inappropriate
   3 = debatable
   5 = clearly appropriate

6. professionalism
   1 = poor/unprofessional
   3 = acceptable
   5 = clear, concise, professional support language

Also provide:

overall_pass:
true only if the response is reasonably helpful, safe, relevant,
and appropriate for the situation.

failure_reason:
A short explanation if overall_pass is false.
Use an empty string if the response passes.


Return ONLY valid JSON in exactly this structure:

{
  ""helpfulness"": 1,
  ""intent_fit"": 1,
  ""grounding"": 1,
  ""factual_safety"": 1,
  ""escalation_appropriateness"": 1,
  ""professionalism"": 1,
  ""overall_pass"": false,
  ""failure_reason"": ""short explanation""
}",,,,,,,,,pending,
570007,Agent,"@AmazonHelp Package status says received, but i didnt get it, Amazon told me to call in a police report, i did. Amazon got the police report number, told me they would contact the police to verify the report, that was Nov 3rd, i get told they will call monday, 4 mondays in a row and nothing",missing_package,delivery_delay,0.1558321867803527,yes,True,low_intent_confidence,I'm sorry you're experiencing this issue. I've identified that this case should be reviewed by a human support agent. A support agent can review the order details and help with the next steps.,fallback,"[{""customer_tweet_id"": 893324, ""customer_text"": ""@AmazonHelp Via phone I was told to contact my bank. However the bank didn't make the charge so I'm out of $10"", ""amazon_reply"": ""@332123 Just to clarify, what shipping method is shown for your item? Did you start a Prime membership with this order? ^DW"", ""similarity"": 0.19407113439600618}, {""customer_tweet_id"": 1447950, ""customer_text"": ""Hey @AmazonHelp  once again my package is delayed. 3rd time in a row.  Is prime really worth it if my packages never get here in 2 days??"", ""amazon_reply"": ""@456015 I'm so sorry for the wait! Do the orders have the same carrier in common? If so, who is it? https://t.co/Y5jpI9gRhE ^MH"", ""similarity"": 0.19146798901524792}, {""customer_tweet_id"": 46489, ""customer_text"": ""@115830 paid 4 nextday delivery only 2 b told after notifications all day saying that they r delivering 2day only 2 b told they cant deliv"", ""amazon_reply"": ""@126320 I'm sorry you didn't receive your order. Did we specify why we were unable to deliver your order? ^CO"", ""similarity"": 0.17477593451525597}]","You are evaluating an AI customer-support response.

Do NOT assume that a response is good merely because it resembles a
historical response.

Evaluate whether the candidate response actually addresses the customer's
message and whether its claims are supported by the supplied historical
evidence.

CUSTOMER MESSAGE:
@AmazonHelp Package status says received, but i didnt get it, Amazon told me to call in a police report, i did. Amazon got the police report number, told me they would contact the police to verify the report, that was Nov 3rd, i get told they will call monday, 4 mondays in a row and nothing

HISTORICAL EVIDENCE:
Historical example 1
Similarity: 0.19407113439600618

Customer:
@AmazonHelp Via phone I was told to contact my bank. However the bank didn't make the charge so I'm out of $10

Amazon reply:
@332123 Just to clarify, what shipping method is shown for your item? Did you start a Prime membership with this order? ^DW

Historical example 2
Similarity: 0.19146798901524792

Customer:
Hey @AmazonHelp  once again my package is delayed. 3rd time in a row.  Is prime really worth it if my packages never get here in 2 days??

Amazon reply:
@456015 I'm so sorry for the wait! Do the orders have the same carrier in common? If so, who is it? https://t.co/Y5jpI9gRhE ^MH

Historical example 3
Similarity: 0.17477593451525597

Customer:
@115830 paid 4 nextday delivery only 2 b told after notifications all day saying that they r delivering 2day only 2 b told they cant deliv

Amazon reply:
@126320 I'm sorry you didn't receive your order. Did we specify why we were unable to deliver your order? ^CO

CANDIDATE:
Agent

CANDIDATE RESPONSE:
I'm sorry you're experiencing this issue. I've identified that this case should be reviewed by a human support agent. A support agent can review the order details and help with the next steps.

ESCALATION DECISION MADE BY THE SYSTEM:
True

ESCALATION REASON:
low_intent_confidence


Score each response from 1 to 5 on:

1. helpfulness
   1 = does not help the customer
   3 = somewhat useful
   5 = directly useful and addresses the issue

2. intent_fit
   1 = clearly misunderstands the customer's issue
   3 = partially addresses it
   5 = directly addresses the customer's issue

3. grounding
   1 = unsupported or contradicts the historical evidence
   3 = partly consistent with evidence
   5 = clearly grounded in the historical evidence

4. factual_safety
   1 = invents facts, policies, actions, or guarantees
   3 = mostly safe but somewhat assumptive
   5 = makes no unsupported claims

5. escalation_appropriateness
   1 = escalation decision is clearly inappropriate
   3 = debatable
   5 = clearly appropriate

6. professionalism
   1 = poor/unprofessional
   3 = acceptable
   5 = clear, concise, professional support language

Also provide:

overall_pass:
true only if the response is reasonably helpful, safe, relevant,
and appropriate for the situation.

failure_reason:
A short explanation if overall_pass is false.
Use an empty string if the response passes.


Return ONLY valid JSON in exactly this structure:

{
  ""helpfulness"": 1,
  ""intent_fit"": 1,
  ""grounding"": 1,
  ""factual_safety"": 1,
  ""escalation_appropriateness"": 1,
  ""professionalism"": 1,
  ""overall_pass"": false,
  ""failure_reason"": ""short explanation""
}",,,,,,,,,pending,
1390969,Generic,@AmazonHelp I have done so but Still I Don't hope anything to be done from your side As I know how useless you guys are,other_general,other_general,0.1721774009616031,yes,True,low_intent_confidence,I'm sorry you're experiencing this issue. Please provide the relevant order details so we can better understand the problem and determine the appropriate next steps.,fallback,"[{""customer_tweet_id"": 2437734, ""customer_text"": ""@AmazonHelp Useless"", ""amazon_reply"": ""@337608 We'd like to help, kindly share your details here: https://t.co/GIJyeYqKE0, and we'll reach out to you soon. ^MA"", ""similarity"": 0.3095322729527169}, {""customer_tweet_id"": 2880479, ""customer_text"": ""@AmazonHelp Useless"", ""amazon_reply"": ""@799341 We want to help you as much as possible, please contact us directly by clicking the following link: https://t.co/JzP7hlA23B.^BZ"", ""similarity"": 0.3095322729527169}, {""customer_tweet_id"": 2953663, ""customer_text"": ""your service is useless @AmazonHelp"", ""amazon_reply"": ""@815514 Hey Jack, I'm so sorry for the poor experience you've had with us! Without providing account or personal details, could you tell us what the original issue is? ^AR"", ""similarity"": 0.22092557517798894}]","You are evaluating an AI customer-support response.

Do NOT assume that a response is good merely because it resembles a
historical response.

Evaluate whether the candidate response actually addresses the customer's
message and whether its claims are supported by the supplied historical
evidence.

CUSTOMER MESSAGE:
@AmazonHelp I have done so but Still I Don't hope anything to be done from your side As I know how useless you guys are

HISTORICAL EVIDENCE:
Historical example 1
Similarity: 0.3095322729527169

Customer:
@AmazonHelp Useless

Amazon reply:
@337608 We'd like to help, kindly share your details here: https://t.co/GIJyeYqKE0, and we'll reach out to you soon. ^MA

Historical example 2
Similarity: 0.3095322729527169

Customer:
@AmazonHelp Useless

Amazon reply:
@799341 We want to help you as much as possible, please contact us directly by clicking the following link: https://t.co/JzP7hlA23B.^BZ

Historical example 3
Similarity: 0.22092557517798894

Customer:
your service is useless @AmazonHelp

Amazon reply:
@815514 Hey Jack, I'm so sorry for the poor experience you've had with us! Without providing account or personal details, could you tell us what the original issue is? ^AR

CANDIDATE:
Generic

CANDIDATE RESPONSE:
I'm sorry you're experiencing this issue. Please provide the relevant order details so we can better understand the problem and determine the appropriate next steps.

ESCALATION DECISION MADE BY THE SYSTEM:
True

ESCALATION REASON:
low_intent_confidence


Score each response from 1 to 5 on:

1. helpfulness
   1 = does not help the customer
   3 = somewhat useful
   5 = directly useful and addresses the issue

2. intent_fit
   1 = clearly misunderstands the customer's issue
   3 = partially addresses it
   5 = directly addresses the customer's issue

3. grounding
   1 = unsupported or contradicts the historical evidence
   3 = partly consistent with evidence
   5 = clearly grounded in the historical evidence

4. factual_safety
   1 = invents facts, policies, actions, or guarantees
   3 = mostly safe but somewhat assumptive
   5 = makes no unsupported claims

5. escalation_appropriateness
   1 = escalation decision is clearly inappropriate
   3 = debatable
   5 = clearly appropriate

6. professionalism
   1 = poor/unprofessional
   3 = acceptable
   5 = clear, concise, professional support language

Also provide:

overall_pass:
true only if the response is reasonably helpful, safe, relevant,
and appropriate for the situation.

failure_reason:
A short explanation if overall_pass is false.
Use an empty string if the response passes.


Return ONLY valid JSON in exactly this structure:

{
  ""helpfulness"": 1,
  ""intent_fit"": 1,
  ""grounding"": 1,
  ""factual_safety"": 1,
  ""escalation_appropriateness"": 1,
  ""professionalism"": 1,
  ""overall_pass"": false,
  ""failure_reason"": ""short explanation""
}",,,,,,,,,pending,
1390969,Retrieval,@AmazonHelp I have done so but Still I Don't hope anything to be done from your side As I know how useless you guys are,other_general,other_general,0.1721774009616031,yes,True,low_intent_confidence,"@337608 We'd like to help, kindly share your details here: https://t.co/GIJyeYqKE0, and we'll reach out to you soon. ^MA",fallback,"[{""customer_tweet_id"": 2437734, ""customer_text"": ""@AmazonHelp Useless"", ""amazon_reply"": ""@337608 We'd like to help, kindly share your details here: https://t.co/GIJyeYqKE0, and we'll reach out to you soon. ^MA"", ""similarity"": 0.3095322729527169}, {""customer_tweet_id"": 2880479, ""customer_text"": ""@AmazonHelp Useless"", ""amazon_reply"": ""@799341 We want to help you as much as possible, please contact us directly by clicking the following link: https://t.co/JzP7hlA23B.^BZ"", ""similarity"": 0.3095322729527169}, {""customer_tweet_id"": 2953663, ""customer_text"": ""your service is useless @AmazonHelp"", ""amazon_reply"": ""@815514 Hey Jack, I'm so sorry for the poor experience you've had with us! Without providing account or personal details, could you tell us what the original issue is? ^AR"", ""similarity"": 0.22092557517798894}]","You are evaluating an AI customer-support response.

Do NOT assume that a response is good merely because it resembles a
historical response.

Evaluate whether the candidate response actually addresses the customer's
message and whether its claims are supported by the supplied historical
evidence.

CUSTOMER MESSAGE:
@AmazonHelp I have done so but Still I Don't hope anything to be done from your side As I know how useless you guys are

HISTORICAL EVIDENCE:
Historical example 1
Similarity: 0.3095322729527169

Customer:
@AmazonHelp Useless

Amazon reply:
@337608 We'd like to help, kindly share your details here: https://t.co/GIJyeYqKE0, and we'll reach out to you soon. ^MA

Historical example 2
Similarity: 0.3095322729527169

Customer:
@AmazonHelp Useless

Amazon reply:
@799341 We want to help you as much as possible, please contact us directly by clicking the following link: https://t.co/JzP7hlA23B.^BZ

Historical example 3
Similarity: 0.22092557517798894

Customer:
your service is useless @AmazonHelp

Amazon reply:
@815514 Hey Jack, I'm so sorry for the poor experience you've had with us! Without providing account or personal details, could you tell us what the original issue is? ^AR

CANDIDATE:
Retrieval

CANDIDATE RESPONSE:
@337608 We'd like to help, kindly share your details here: https://t.co/GIJyeYqKE0, and we'll reach out to you soon. ^MA

ESCALATION DECISION MADE BY THE SYSTEM:
True

ESCALATION REASON:
low_intent_confidence


Score each response from 1 to 5 on:

1. helpfulness
   1 = does not help the customer
   3 = somewhat useful
   5 = directly useful and addresses the issue

2. intent_fit
   1 = clearly misunderstands the customer's issue
   3 = partially addresses it
   5 = directly addresses the customer's issue

3. grounding
   1 = unsupported or contradicts the historical evidence
   3 = partly consistent with evidence
   5 = clearly grounded in the historical evidence

4. factual_safety
   1 = invents facts, policies, actions, or guarantees
   3 = mostly safe but somewhat assumptive
   5 = makes no unsupported claims

5. escalation_appropriateness
   1 = escalation decision is clearly inappropriate
   3 = debatable
   5 = clearly appropriate

6. professionalism
   1 = poor/unprofessional
   3 = acceptable
   5 = clear, concise, professional support language

Also provide:

overall_pass:
true only if the response is reasonably helpful, safe, relevant,
and appropriate for the situation.

failure_reason:
A short explanation if overall_pass is false.
Use an empty string if the response passes.


Return ONLY valid JSON in exactly this structure:

{
  ""helpfulness"": 1,
  ""intent_fit"": 1,
  ""grounding"": 1,
  ""factual_safety"": 1,
  ""escalation_appropriateness"": 1,
  ""professionalism"": 1,
  ""overall_pass"": false,
  ""failure_reason"": ""short explanation""
}",,,,,,,,,pending,
1390969,Agent,@AmazonHelp I have done so but Still I Don't hope anything to be done from your side As I know how useless you guys are,other_general,other_general,0.1721774009616031,yes,True,low_intent_confidence,I'm sorry you're experiencing this issue. I've identified that this case should be reviewed by a human support agent. A support agent can review the order details and help with the next steps.,fallback,"[{""customer_tweet_id"": 2437734, ""customer_text"": ""@AmazonHelp Useless"", ""amazon_reply"": ""@337608 We'd like to help, kindly share your details here: https://t.co/GIJyeYqKE0, and we'll reach out to you soon. ^MA"", ""similarity"": 0.3095322729527169}, {""customer_tweet_id"": 2880479, ""customer_text"": ""@AmazonHelp Useless"", ""amazon_reply"": ""@799341 We want to help you as much as possible, please contact us directly by clicking the following link: https://t.co/JzP7hlA23B.^BZ"", ""similarity"": 0.3095322729527169}, {""customer_tweet_id"": 2953663, ""customer_text"": ""your service is useless @AmazonHelp"", ""amazon_reply"": ""@815514 Hey Jack, I'm so sorry for the poor experience you've had with us! Without providing account or personal details, could you tell us what the original issue is? ^AR"", ""similarity"": 0.22092557517798894}]","You are evaluating an AI customer-support response.

Do NOT assume that a response is good merely because it resembles a
historical response.

Evaluate whether the candidate response actually addresses the customer's
message and whether its claims are supported by the supplied historical
evidence.

CUSTOMER MESSAGE:
@AmazonHelp I have done so but Still I Don't hope anything to be done from your side As I know how useless you guys are

HISTORICAL EVIDENCE:
Historical example 1
Similarity: 0.3095322729527169

Customer:
@AmazonHelp Useless

Amazon reply:
@337608 We'd like to help, kindly share your details here: https://t.co/GIJyeYqKE0, and we'll reach out to you soon. ^MA

Historical example 2
Similarity: 0.3095322729527169

Customer:
@AmazonHelp Useless

Amazon reply:
@799341 We want to help you as much as possible, please contact us directly by clicking the following link: https://t.co/JzP7hlA23B.^BZ

Historical example 3
Similarity: 0.22092557517798894

Customer:
your service is useless @AmazonHelp

Amazon reply:
@815514 Hey Jack, I'm so sorry for the poor experience you've had with us! Without providing account or personal details, could you tell us what the original issue is? ^AR

CANDIDATE:
Agent

CANDIDATE RESPONSE:
I'm sorry you're experiencing this issue. I've identified that this case should be reviewed by a human support agent. A support agent can review the order details and help with the next steps.

ESCALATION DECISION MADE BY THE SYSTEM:
True

ESCALATION REASON:
low_intent_confidence


Score each response from 1 to 5 on:

1. helpfulness
   1 = does not help the customer
   3 = somewhat useful
   5 = directly useful and addresses the issue

2. intent_fit
   1 = clearly misunderstands the customer's issue
   3 = partially addresses it
   5 = directly addresses the customer's issue

3. grounding
   1 = unsupported or contradicts the historical evidence
   3 = partly consistent with evidence
   5 = clearly grounded in the historical evidence

4. factual_safety
   1 = invents facts, policies, actions, or guarantees
   3 = mostly safe but somewhat assumptive
   5 = makes no unsupported claims

5. escalation_appropriateness
   1 = escalation decision is clearly inappropriate
   3 = debatable
   5 = clearly appropriate

6. professionalism
   1 = poor/unprofessional
   3 = acceptable
   5 = clear, concise, professional support language

Also provide:

overall_pass:
true only if the response is reasonably helpful, safe, relevant,
and appropriate for the situation.

failure_reason:
A short explanation if overall_pass is false.
Use an empty string if the response passes.


Return ONLY valid JSON in exactly this structure:

{
  ""helpfulness"": 1,
  ""intent_fit"": 1,
  ""grounding"": 1,
  ""factual_safety"": 1,
  ""escalation_appropriateness"": 1,
  ""professionalism"": 1,
  ""overall_pass"": false,
  ""failure_reason"": ""short explanation""
}",,,,,,,,,pending,
317448,Generic,"@AmazonHelp @15673 Ach komisch, auf dem Smartphone geht’s wieder.",technical_product_issue,other_general,0.1793271629156546,no,True,low_intent_confidence,I'm sorry you're experiencing this issue. Please provide the relevant order details so we can better understand the problem and determine the appropriate next steps.,fallback,"[{""customer_tweet_id"": 1570865, ""customer_text"": ""@AmazonHelp Danke für nichts mal wieder... https://t.co/MTxRV3P9mA"", ""amazon_reply"": ""@484393 Guten Morgen! Oje 😟 Magst du dich bitte bei uns melden: https://t.co/IZA9YnmZyZ ^TG"", ""similarity"": 0.1888947434688159}, {""customer_tweet_id"": 65899, ""customer_text"": ""@AmazonHelp Done"", ""amazon_reply"": ""@131073 Please write to us via DM with your concern and we'll be glad to assist you with this right away. ^BV"", ""similarity"": 0.1772881496478049}, {""customer_tweet_id"": 1495598, ""customer_text"": ""@116316 @10114 Was ist denn aus dem Steelbook zu Battlefront II bei geworden? Wird mir in meiner Bestellung nicht mehr angezeigt. 🤔"", ""amazon_reply"": ""@467262 Hi! Meinst du, dass dir die Bestellung in deinem Kundenkonto nicht mehr angezeigt wird? ^AS"", ""similarity"": 0.12013595966218074}]","You are evaluating an AI customer-support response.

Do NOT assume that a response is good merely because it resembles a
historical response.

Evaluate whether the candidate response actually addresses the customer's
message and whether its claims are supported by the supplied historical
evidence.

CUSTOMER MESSAGE:
@AmazonHelp @15673 Ach komisch, auf dem Smartphone geht’s wieder.

HISTORICAL EVIDENCE:
Historical example 1
Similarity: 0.1888947434688159

Customer:
@AmazonHelp Danke für nichts mal wieder... https://t.co/MTxRV3P9mA

Amazon reply:
@484393 Guten Morgen! Oje 😟 Magst du dich bitte bei uns melden: https://t.co/IZA9YnmZyZ ^TG

Historical example 2
Similarity: 0.1772881496478049

Customer:
@AmazonHelp Done

Amazon reply:
@131073 Please write to us via DM with your concern and we'll be glad to assist you with this right away. ^BV

Historical example 3
Similarity: 0.12013595966218074

Customer:
@116316 @10114 Was ist denn aus dem Steelbook zu Battlefront II bei geworden? Wird mir in meiner Bestellung nicht mehr angezeigt. 🤔

Amazon reply:
@467262 Hi! Meinst du, dass dir die Bestellung in deinem Kundenkonto nicht mehr angezeigt wird? ^AS

CANDIDATE:
Generic

CANDIDATE RESPONSE:
I'm sorry you're experiencing this issue. Please provide the relevant order details so we can better understand the problem and determine the appropriate next steps.

ESCALATION DECISION MADE BY THE SYSTEM:
True

ESCALATION REASON:
low_intent_confidence


Score each response from 1 to 5 on:

1. helpfulness
   1 = does not help the customer
   3 = somewhat useful
   5 = directly useful and addresses the issue

2. intent_fit
   1 = clearly misunderstands the customer's issue
   3 = partially addresses it
   5 = directly addresses the customer's issue

3. grounding
   1 = unsupported or contradicts the historical evidence
   3 = partly consistent with evidence
   5 = clearly grounded in the historical evidence

4. factual_safety
   1 = invents facts, policies, actions, or guarantees
   3 = mostly safe but somewhat assumptive
   5 = makes no unsupported claims

5. escalation_appropriateness
   1 = escalation decision is clearly inappropriate
   3 = debatable
   5 = clearly appropriate

6. professionalism
   1 = poor/unprofessional
   3 = acceptable
   5 = clear, concise, professional support language

Also provide:

overall_pass:
true only if the response is reasonably helpful, safe, relevant,
and appropriate for the situation.

failure_reason:
A short explanation if overall_pass is false.
Use an empty string if the response passes.


Return ONLY valid JSON in exactly this structure:

{
  ""helpfulness"": 1,
  ""intent_fit"": 1,
  ""grounding"": 1,
  ""factual_safety"": 1,
  ""escalation_appropriateness"": 1,
  ""professionalism"": 1,
  ""overall_pass"": false,
  ""failure_reason"": ""short explanation""
}",,,,,,,,,pending,
317448,Retrieval,"@AmazonHelp @15673 Ach komisch, auf dem Smartphone geht’s wieder.",technical_product_issue,other_general,0.1793271629156546,no,True,low_intent_confidence,@484393 Guten Morgen! Oje 😟 Magst du dich bitte bei uns melden: https://t.co/IZA9YnmZyZ ^TG,fallback,"[{""customer_tweet_id"": 1570865, ""customer_text"": ""@AmazonHelp Danke für nichts mal wieder... https://t.co/MTxRV3P9mA"", ""amazon_reply"": ""@484393 Guten Morgen! Oje 😟 Magst du dich bitte bei uns melden: https://t.co/IZA9YnmZyZ ^TG"", ""similarity"": 0.1888947434688159}, {""customer_tweet_id"": 65899, ""customer_text"": ""@AmazonHelp Done"", ""amazon_reply"": ""@131073 Please write to us via DM with your concern and we'll be glad to assist you with this right away. ^BV"", ""similarity"": 0.1772881496478049}, {""customer_tweet_id"": 1495598, ""customer_text"": ""@116316 @10114 Was ist denn aus dem Steelbook zu Battlefront II bei geworden? Wird mir in meiner Bestellung nicht mehr angezeigt. 🤔"", ""amazon_reply"": ""@467262 Hi! Meinst du, dass dir die Bestellung in deinem Kundenkonto nicht mehr angezeigt wird? ^AS"", ""similarity"": 0.12013595966218074}]","You are evaluating an AI customer-support response.

Do NOT assume that a response is good merely because it resembles a
historical response.

Evaluate whether the candidate response actually addresses the customer's
message and whether its claims are supported by the supplied historical
evidence.

CUSTOMER MESSAGE:
@AmazonHelp @15673 Ach komisch, auf dem Smartphone geht’s wieder.

HISTORICAL EVIDENCE:
Historical example 1
Similarity: 0.1888947434688159

Customer:
@AmazonHelp Danke für nichts mal wieder... https://t.co/MTxRV3P9mA

Amazon reply:
@484393 Guten Morgen! Oje 😟 Magst du dich bitte bei uns melden: https://t.co/IZA9YnmZyZ ^TG

Historical example 2
Similarity: 0.1772881496478049

Customer:
@AmazonHelp Done

Amazon reply:
@131073 Please write to us via DM with your concern and we'll be glad to assist you with this right away. ^BV

Historical example 3
Similarity: 0.12013595966218074

Customer:
@116316 @10114 Was ist denn aus dem Steelbook zu Battlefront II bei geworden? Wird mir in meiner Bestellung nicht mehr angezeigt. 🤔

Amazon reply:
@467262 Hi! Meinst du, dass dir die Bestellung in deinem Kundenkonto nicht mehr angezeigt wird? ^AS

CANDIDATE:
Retrieval

CANDIDATE RESPONSE:
@484393 Guten Morgen! Oje 😟 Magst du dich bitte bei uns melden: https://t.co/IZA9YnmZyZ ^TG

ESCALATION DECISION MADE BY THE SYSTEM:
True

ESCALATION REASON:
low_intent_confidence


Score each response from 1 to 5 on:

1. helpfulness
   1 = does not help the customer
   3 = somewhat useful
   5 = directly useful and addresses the issue

2. intent_fit
   1 = clearly misunderstands the customer's issue
   3 = partially addresses it
   5 = directly addresses the customer's issue

3. grounding
   1 = unsupported or contradicts the historical evidence
   3 = partly consistent with evidence
   5 = clearly grounded in the historical evidence

4. factual_safety
   1 = invents facts, policies, actions, or guarantees
   3 = mostly safe but somewhat assumptive
   5 = makes no unsupported claims

5. escalation_appropriateness
   1 = escalation decision is clearly inappropriate
   3 = debatable
   5 = clearly appropriate

6. professionalism
   1 = poor/unprofessional
   3 = acceptable
   5 = clear, concise, professional support language

Also provide:

overall_pass:
true only if the response is reasonably helpful, safe, relevant,
and appropriate for the situation.

failure_reason:
A short explanation if overall_pass is false.
Use an empty string if the response passes.


Return ONLY valid JSON in exactly this structure:

{
  ""helpfulness"": 1,
  ""intent_fit"": 1,
  ""grounding"": 1,
  ""factual_safety"": 1,
  ""escalation_appropriateness"": 1,
  ""professionalism"": 1,
  ""overall_pass"": false,
  ""failure_reason"": ""short explanation""
}",,,,,,,,,pending,
317448,Agent,"@AmazonHelp @15673 Ach komisch, auf dem Smartphone geht’s wieder.",technical_product_issue,other_general,0.1793271629156546,no,True,low_intent_confidence,I'm sorry you're experiencing this issue. I've identified that this case should be reviewed by a human support agent. A support agent can review the order details and help with the next steps.,fallback,"[{""customer_tweet_id"": 1570865, ""customer_text"": ""@AmazonHelp Danke für nichts mal wieder... https://t.co/MTxRV3P9mA"", ""amazon_reply"": ""@484393 Guten Morgen! Oje 😟 Magst du dich bitte bei uns melden: https://t.co/IZA9YnmZyZ ^TG"", ""similarity"": 0.1888947434688159}, {""customer_tweet_id"": 65899, ""customer_text"": ""@AmazonHelp Done"", ""amazon_reply"": ""@131073 Please write to us via DM with your concern and we'll be glad to assist you with this right away. ^BV"", ""similarity"": 0.1772881496478049}, {""customer_tweet_id"": 1495598, ""customer_text"": ""@116316 @10114 Was ist denn aus dem Steelbook zu Battlefront II bei geworden? Wird mir in meiner Bestellung nicht mehr angezeigt. 🤔"", ""amazon_reply"": ""@467262 Hi! Meinst du, dass dir die Bestellung in deinem Kundenkonto nicht mehr angezeigt wird? ^AS"", ""similarity"": 0.12013595966218074}]","You are evaluating an AI customer-support response.

Do NOT assume that a response is good merely because it resembles a
historical response.

Evaluate whether the candidate response actually addresses the customer's
message and whether its claims are supported by the supplied historical
evidence.

CUSTOMER MESSAGE:
@AmazonHelp @15673 Ach komisch, auf dem Smartphone geht’s wieder.

HISTORICAL EVIDENCE:
Historical example 1
Similarity: 0.1888947434688159

Customer:
@AmazonHelp Danke für nichts mal wieder... https://t.co/MTxRV3P9mA

Amazon reply:
@484393 Guten Morgen! Oje 😟 Magst du dich bitte bei uns melden: https://t.co/IZA9YnmZyZ ^TG

Historical example 2
Similarity: 0.1772881496478049

Customer:
@AmazonHelp Done

Amazon reply:
@131073 Please write to us via DM with your concern and we'll be glad to assist you with this right away. ^BV

Historical example 3
Similarity: 0.12013595966218074

Customer:
@116316 @10114 Was ist denn aus dem Steelbook zu Battlefront II bei geworden? Wird mir in meiner Bestellung nicht mehr angezeigt. 🤔

Amazon reply:
@467262 Hi! Meinst du, dass dir die Bestellung in deinem Kundenkonto nicht mehr angezeigt wird? ^AS

CANDIDATE:
Agent

CANDIDATE RESPONSE:
I'm sorry you're experiencing this issue. I've identified that this case should be reviewed by a human support agent. A support agent can review the order details and help with the next steps.

ESCALATION DECISION MADE BY THE SYSTEM:
True

ESCALATION REASON:
low_intent_confidence


Score each response from 1 to 5 on:

1. helpfulness
   1 = does not help the customer
   3 = somewhat useful
   5 = directly useful and addresses the issue

2. intent_fit
   1 = clearly misunderstands the customer's issue
   3 = partially addresses it
   5 = directly addresses the customer's issue

3. grounding
   1 = unsupported or contradicts the historical evidence
   3 = partly consistent with evidence
   5 = clearly grounded in the historical evidence

4. factual_safety
   1 = invents facts, policies, actions, or guarantees
   3 = mostly safe but somewhat assumptive
   5 = makes no unsupported claims

5. escalation_appropriateness
   1 = escalation decision is clearly inappropriate
   3 = debatable
   5 = clearly appropriate

6. professionalism
   1 = poor/unprofessional
   3 = acceptable
   5 = clear, concise, professional support language

Also provide:

overall_pass:
true only if the response is reasonably helpful, safe, relevant,
and appropriate for the situation.

failure_reason:
A short explanation if overall_pass is false.
Use an empty string if the response passes.


Return ONLY valid JSON in exactly this structure:

{
  ""helpfulness"": 1,
  ""intent_fit"": 1,
  ""grounding"": 1,
  ""factual_safety"": 1,
  ""escalation_appropriateness"": 1,
  ""professionalism"": 1,
  ""overall_pass"": false,
  ""failure_reason"": ""short explanation""
}",,,,,,,,,pending,
402188,Generic,Why is it always the important /urgent @115830 #prime deliveries that never make it by 9pm after waiting in all day? 👎,delivery_delay,delivery_delay,0.1966553293640275,yes,True,low_intent_confidence,I'm sorry you're experiencing this issue. Please provide the relevant order details so we can better understand the problem and determine the appropriate next steps.,fallback,"[{""customer_tweet_id"": 2722631, ""customer_text"": ""@AmazonHelp @115830 @116324  useless. Your next day delivery doesn't work. You Cancelled my order so I booked for next day and you still didn't deliver or let me know it wasn't turning up. Wasted my weekend waiting and could of gone and got my shit myself. Cancelled prime"", ""amazon_reply"": ""@152965 Hi Nathan, I'm sorry to hear this. Were you advised why your order was cancelled? What was the estimated delivery date when you received your order confirmation? ^JC"", ""similarity"": 0.1749077743852975}, {""customer_tweet_id"": 550499, ""customer_text"": ""@115830 not looking good as a prime customer next day delivery still no sign so why do i pay for this service ?"", ""amazon_reply"": ""@248244 I am sorry for your disappointment with this order! It is never our intention! Have we missed a delivery date quoted in your confirmation email? You can check here:  https://t.co/aaDyEz1VgE Let us know Karl, we are here to help! ^DJ"", ""similarity"": 0.16192945653387986}, {""customer_tweet_id"": 1987006, ""customer_text"": ""So fucking annoyed when @115821 offers a 1 day delivery, gives themselves up until 9pm to deliver, but still fails. Tip- don’t offer something you can’t guarantee."", ""amazon_reply"": ""@588167 Apologies, this is not the service we expect. Get in touch - https://t.co/hApLpMlfHN we'd like to discuss available options^TP"", ""similarity"": 0.1392962759249764}]","You are evaluating an AI customer-support response.

Do NOT assume that a response is good merely because it resembles a
historical response.

Evaluate whether the candidate response actually addresses the customer's
message and whether its claims are supported by the supplied historical
evidence.

CUSTOMER MESSAGE:
Why is it always the important /urgent @115830 #prime deliveries that never make it by 9pm after waiting in all day? 👎

HISTORICAL EVIDENCE:
Historical example 1
Similarity: 0.1749077743852975

Customer:
@AmazonHelp @115830 @116324  useless. Your next day delivery doesn't work. You Cancelled my order so I booked for next day and you still didn't deliver or let me know it wasn't turning up. Wasted my weekend waiting and could of gone and got my shit myself. Cancelled prime

Amazon reply:
@152965 Hi Nathan, I'm sorry to hear this. Were you advised why your order was cancelled? What was the estimated delivery date when you received your order confirmation? ^JC

Historical example 2
Similarity: 0.16192945653387986

Customer:
@115830 not looking good as a prime customer next day delivery still no sign so why do i pay for this service ?

Amazon reply:
@248244 I am sorry for your disappointment with this order! It is never our intention! Have we missed a delivery date quoted in your confirmation email? You can check here:  https://t.co/aaDyEz1VgE Let us know Karl, we are here to help! ^DJ

Historical example 3
Similarity: 0.1392962759249764

Customer:
So fucking annoyed when @115821 offers a 1 day delivery, gives themselves up until 9pm to deliver, but still fails. Tip- don’t offer something you can’t guarantee.

Amazon reply:
@588167 Apologies, this is not the service we expect. Get in touch - https://t.co/hApLpMlfHN we'd like to discuss available options^TP

CANDIDATE:
Generic

CANDIDATE RESPONSE:
I'm sorry you're experiencing this issue. Please provide the relevant order details so we can better understand the problem and determine the appropriate next steps.

ESCALATION DECISION MADE BY THE SYSTEM:
True

ESCALATION REASON:
low_intent_confidence


Score each response from 1 to 5 on:

1. helpfulness
   1 = does not help the customer
   3 = somewhat useful
   5 = directly useful and addresses the issue

2. intent_fit
   1 = clearly misunderstands the customer's issue
   3 = partially addresses it
   5 = directly addresses the customer's issue

3. grounding
   1 = unsupported or contradicts the historical evidence
   3 = partly consistent with evidence
   5 = clearly grounded in the historical evidence

4. factual_safety
   1 = invents facts, policies, actions, or guarantees
   3 = mostly safe but somewhat assumptive
   5 = makes no unsupported claims

5. escalation_appropriateness
   1 = escalation decision is clearly inappropriate
   3 = debatable
   5 = clearly appropriate

6. professionalism
   1 = poor/unprofessional
   3 = acceptable
   5 = clear, concise, professional support language

Also provide:

overall_pass:
true only if the response is reasonably helpful, safe, relevant,
and appropriate for the situation.

failure_reason:
A short explanation if overall_pass is false.
Use an empty string if the response passes.


Return ONLY valid JSON in exactly this structure:

{
  ""helpfulness"": 1,
  ""intent_fit"": 1,
  ""grounding"": 1,
  ""factual_safety"": 1,
  ""escalation_appropriateness"": 1,
  ""professionalism"": 1,
  ""overall_pass"": false,
  ""failure_reason"": ""short explanation""
}",,,,,,,,,pending,
402188,Retrieval,Why is it always the important /urgent @115830 #prime deliveries that never make it by 9pm after waiting in all day? 👎,delivery_delay,delivery_delay,0.1966553293640275,yes,True,low_intent_confidence,"@152965 Hi Nathan, I'm sorry to hear this. Were you advised why your order was cancelled? What was the estimated delivery date when you received your order confirmation? ^JC",fallback,"[{""customer_tweet_id"": 2722631, ""customer_text"": ""@AmazonHelp @115830 @116324  useless. Your next day delivery doesn't work. You Cancelled my order so I booked for next day and you still didn't deliver or let me know it wasn't turning up. Wasted my weekend waiting and could of gone and got my shit myself. Cancelled prime"", ""amazon_reply"": ""@152965 Hi Nathan, I'm sorry to hear this. Were you advised why your order was cancelled? What was the estimated delivery date when you received your order confirmation? ^JC"", ""similarity"": 0.1749077743852975}, {""customer_tweet_id"": 550499, ""customer_text"": ""@115830 not looking good as a prime customer next day delivery still no sign so why do i pay for this service ?"", ""amazon_reply"": ""@248244 I am sorry for your disappointment with this order! It is never our intention! Have we missed a delivery date quoted in your confirmation email? You can check here:  https://t.co/aaDyEz1VgE Let us know Karl, we are here to help! ^DJ"", ""similarity"": 0.16192945653387986}, {""customer_tweet_id"": 1987006, ""customer_text"": ""So fucking annoyed when @115821 offers a 1 day delivery, gives themselves up until 9pm to deliver, but still fails. Tip- don’t offer something you can’t guarantee."", ""amazon_reply"": ""@588167 Apologies, this is not the service we expect. Get in touch - https://t.co/hApLpMlfHN we'd like to discuss available options^TP"", ""similarity"": 0.1392962759249764}]","You are evaluating an AI customer-support response.

Do NOT assume that a response is good merely because it resembles a
historical response.

Evaluate whether the candidate response actually addresses the customer's
message and whether its claims are supported by the supplied historical
evidence.

CUSTOMER MESSAGE:
Why is it always the important /urgent @115830 #prime deliveries that never make it by 9pm after waiting in all day? 👎

HISTORICAL EVIDENCE:
Historical example 1
Similarity: 0.1749077743852975

Customer:
@AmazonHelp @115830 @116324  useless. Your next day delivery doesn't work. You Cancelled my order so I booked for next day and you still didn't deliver or let me know it wasn't turning up. Wasted my weekend waiting and could of gone and got my shit myself. Cancelled prime

Amazon reply:
@152965 Hi Nathan, I'm sorry to hear this. Were you advised why your order was cancelled? What was the estimated delivery date when you received your order confirmation? ^JC

Historical example 2
Similarity: 0.16192945653387986

Customer:
@115830 not looking good as a prime customer next day delivery still no sign so why do i pay for this service ?

Amazon reply:
@248244 I am sorry for your disappointment with this order! It is never our intention! Have we missed a delivery date quoted in your confirmation email? You can check here:  https://t.co/aaDyEz1VgE Let us know Karl, we are here to help! ^DJ

Historical example 3
Similarity: 0.1392962759249764

Customer:
So fucking annoyed when @115821 offers a 1 day delivery, gives themselves up until 9pm to deliver, but still fails. Tip- don’t offer something you can’t guarantee.

Amazon reply:
@588167 Apologies, this is not the service we expect. Get in touch - https://t.co/hApLpMlfHN we'd like to discuss available options^TP

CANDIDATE:
Retrieval

CANDIDATE RESPONSE:
@152965 Hi Nathan, I'm sorry to hear this. Were you advised why your order was cancelled? What was the estimated delivery date when you received your order confirmation? ^JC

ESCALATION DECISION MADE BY THE SYSTEM:
True

ESCALATION REASON:
low_intent_confidence


Score each response from 1 to 5 on:

1. helpfulness
   1 = does not help the customer
   3 = somewhat useful
   5 = directly useful and addresses the issue

2. intent_fit
   1 = clearly misunderstands the customer's issue
   3 = partially addresses it
   5 = directly addresses the customer's issue

3. grounding
   1 = unsupported or contradicts the historical evidence
   3 = partly consistent with evidence
   5 = clearly grounded in the historical evidence

4. factual_safety
   1 = invents facts, policies, actions, or guarantees
   3 = mostly safe but somewhat assumptive
   5 = makes no unsupported claims

5. escalation_appropriateness
   1 = escalation decision is clearly inappropriate
   3 = debatable
   5 = clearly appropriate

6. professionalism
   1 = poor/unprofessional
   3 = acceptable
   5 = clear, concise, professional support language

Also provide:

overall_pass:
true only if the response is reasonably helpful, safe, relevant,
and appropriate for the situation.

failure_reason:
A short explanation if overall_pass is false.
Use an empty string if the response passes.


Return ONLY valid JSON in exactly this structure:

{
  ""helpfulness"": 1,
  ""intent_fit"": 1,
  ""grounding"": 1,
  ""factual_safety"": 1,
  ""escalation_appropriateness"": 1,
  ""professionalism"": 1,
  ""overall_pass"": false,
  ""failure_reason"": ""short explanation""
}",,,,,,,,,pending,
402188,Agent,Why is it always the important /urgent @115830 #prime deliveries that never make it by 9pm after waiting in all day? 👎,delivery_delay,delivery_delay,0.1966553293640275,yes,True,low_intent_confidence,I'm sorry you're experiencing this issue. I've identified that this case should be reviewed by a human support agent. A support agent can review the order details and help with the next steps.,fallback,"[{""customer_tweet_id"": 2722631, ""customer_text"": ""@AmazonHelp @115830 @116324  useless. Your next day delivery doesn't work. You Cancelled my order so I booked for next day and you still didn't deliver or let me know it wasn't turning up. Wasted my weekend waiting and could of gone and got my shit myself. Cancelled prime"", ""amazon_reply"": ""@152965 Hi Nathan, I'm sorry to hear this. Were you advised why your order was cancelled? What was the estimated delivery date when you received your order confirmation? ^JC"", ""similarity"": 0.1749077743852975}, {""customer_tweet_id"": 550499, ""customer_text"": ""@115830 not looking good as a prime customer next day delivery still no sign so why do i pay for this service ?"", ""amazon_reply"": ""@248244 I am sorry for your disappointment with this order! It is never our intention! Have we missed a delivery date quoted in your confirmation email? You can check here:  https://t.co/aaDyEz1VgE Let us know Karl, we are here to help! ^DJ"", ""similarity"": 0.16192945653387986}, {""customer_tweet_id"": 1987006, ""customer_text"": ""So fucking annoyed when @115821 offers a 1 day delivery, gives themselves up until 9pm to deliver, but still fails. Tip- don’t offer something you can’t guarantee."", ""amazon_reply"": ""@588167 Apologies, this is not the service we expect. Get in touch - https://t.co/hApLpMlfHN we'd like to discuss available options^TP"", ""similarity"": 0.1392962759249764}]","You are evaluating an AI customer-support response.

Do NOT assume that a response is good merely because it resembles a
historical response.

Evaluate whether the candidate response actually addresses the customer's
message and whether its claims are supported by the supplied historical
evidence.

CUSTOMER MESSAGE:
Why is it always the important /urgent @115830 #prime deliveries that never make it by 9pm after waiting in all day? 👎

HISTORICAL EVIDENCE:
Historical example 1
Similarity: 0.1749077743852975

Customer:
@AmazonHelp @115830 @116324  useless. Your next day delivery doesn't work. You Cancelled my order so I booked for next day and you still didn't deliver or let me know it wasn't turning up. Wasted my weekend waiting and could of gone and got my shit myself. Cancelled prime

Amazon reply:
@152965 Hi Nathan, I'm sorry to hear this. Were you advised why your order was cancelled? What was the estimated delivery date when you received your order confirmation? ^JC

Historical example 2
Similarity: 0.16192945653387986

Customer:
@115830 not looking good as a prime customer next day delivery still no sign so why do i pay for this service ?

Amazon reply:
@248244 I am sorry for your disappointment with this order! It is never our intention! Have we missed a delivery date quoted in your confirmation email? You can check here:  https://t.co/aaDyEz1VgE Let us know Karl, we are here to help! ^DJ

Historical example 3
Similarity: 0.1392962759249764

Customer:
So fucking annoyed when @115821 offers a 1 day delivery, gives themselves up until 9pm to deliver, but still fails. Tip- don’t offer something you can’t guarantee.

Amazon reply:
@588167 Apologies, this is not the service we expect. Get in touch - https://t.co/hApLpMlfHN we'd like to discuss available options^TP

CANDIDATE:
Agent

CANDIDATE RESPONSE:
I'm sorry you're experiencing this issue. I've identified that this case should be reviewed by a human support agent. A support agent can review the order details and help with the next steps.

ESCALATION DECISION MADE BY THE SYSTEM:
True

ESCALATION REASON:
low_intent_confidence


Score each response from 1 to 5 on:

1. helpfulness
   1 = does not help the customer
   3 = somewhat useful
   5 = directly useful and addresses the issue

2. intent_fit
   1 = clearly misunderstands the customer's issue
   3 = partially addresses it
   5 = directly addresses the customer's issue

3. grounding
   1 = unsupported or contradicts the historical evidence
   3 = partly consistent with evidence
   5 = clearly grounded in the historical evidence

4. factual_safety
   1 = invents facts, policies, actions, or guarantees
   3 = mostly safe but somewhat assumptive
   5 = makes no unsupported claims

5. escalation_appropriateness
   1 = escalation decision is clearly inappropriate
   3 = debatable
   5 = clearly appropriate

6. professionalism
   1 = poor/unprofessional
   3 = acceptable
   5 = clear, concise, professional support language

Also provide:

overall_pass:
true only if the response is reasonably helpful, safe, relevant,
and appropriate for the situation.

failure_reason:
A short explanation if overall_pass is false.
Use an empty string if the response passes.


Return ONLY valid JSON in exactly this structure:

{
  ""helpfulness"": 1,
  ""intent_fit"": 1,
  ""grounding"": 1,
  ""factual_safety"": 1,
  ""escalation_appropriateness"": 1,
  ""professionalism"": 1,
  ""overall_pass"": false,
  ""failure_reason"": ""short explanation""
}",,,,,,,,,pending,
853920,Generic,"@AmazonHelp Yeah been a customer for many years and been let down SO MANY times , I know how it works.",other_general,order_status_tracking,0.1899257633399533,yes,True,low_intent_confidence,I'm sorry you're experiencing this issue. Please provide the relevant order details so we can better understand the problem and determine the appropriate next steps.,fallback,"[{""customer_tweet_id"": 806327, ""customer_text"": ""@AmazonHelp Yeah my package was suppose to arrive yesterday by 9pm now it says it might not come until tomorrow"", ""amazon_reply"": ""@312151 Sometimes delays can happen, but we want to make sure you receive your order! Let us know if it doesn't arrive by tomorrow! ^ME"", ""similarity"": 0.20893054021459145}, {""customer_tweet_id"": 1702204, ""customer_text"": ""@115823 Have tried so hard to verify my account and nothing works. Please help."", ""amazon_reply"": ""@224133 We're here to help! Are you having trouble signing in to your account? If so, are you receiving any error messages? ^RA"", ""similarity"": 0.1191048468598301}, {""customer_tweet_id"": 1627795, ""customer_text"": ""@AmazonHelp It’s a business address. You know it closes at five."", ""amazon_reply"": ""@323707 I'm so sorry! Has your tracking been updated with a new delivery date? You can view it here: https://t.co/aaDyEz1VgE ^TK"", ""similarity"": 0.11771431945596317}]","You are evaluating an AI customer-support response.

Do NOT assume that a response is good merely because it resembles a
historical response.

Evaluate whether the candidate response actually addresses the customer's
message and whether its claims are supported by the supplied historical
evidence.

CUSTOMER MESSAGE:
@AmazonHelp Yeah been a customer for many years and been let down SO MANY times , I know how it works.

HISTORICAL EVIDENCE:
Historical example 1
Similarity: 0.20893054021459145

Customer:
@AmazonHelp Yeah my package was suppose to arrive yesterday by 9pm now it says it might not come until tomorrow

Amazon reply:
@312151 Sometimes delays can happen, but we want to make sure you receive your order! Let us know if it doesn't arrive by tomorrow! ^ME

Historical example 2
Similarity: 0.1191048468598301

Customer:
@115823 Have tried so hard to verify my account and nothing works. Please help.

Amazon reply:
@224133 We're here to help! Are you having trouble signing in to your account? If so, are you receiving any error messages? ^RA

Historical example 3
Similarity: 0.11771431945596317

Customer:
@AmazonHelp It’s a business address. You know it closes at five.

Amazon reply:
@323707 I'm so sorry! Has your tracking been updated with a new delivery date? You can view it here: https://t.co/aaDyEz1VgE ^TK

CANDIDATE:
Generic

CANDIDATE RESPONSE:
I'm sorry you're experiencing this issue. Please provide the relevant order details so we can better understand the problem and determine the appropriate next steps.

ESCALATION DECISION MADE BY THE SYSTEM:
True

ESCALATION REASON:
low_intent_confidence


Score each response from 1 to 5 on:

1. helpfulness
   1 = does not help the customer
   3 = somewhat useful
   5 = directly useful and addresses the issue

2. intent_fit
   1 = clearly misunderstands the customer's issue
   3 = partially addresses it
   5 = directly addresses the customer's issue

3. grounding
   1 = unsupported or contradicts the historical evidence
   3 = partly consistent with evidence
   5 = clearly grounded in the historical evidence

4. factual_safety
   1 = invents facts, policies, actions, or guarantees
   3 = mostly safe but somewhat assumptive
   5 = makes no unsupported claims

5. escalation_appropriateness
   1 = escalation decision is clearly inappropriate
   3 = debatable
   5 = clearly appropriate

6. professionalism
   1 = poor/unprofessional
   3 = acceptable
   5 = clear, concise, professional support language

Also provide:

overall_pass:
true only if the response is reasonably helpful, safe, relevant,
and appropriate for the situation.

failure_reason:
A short explanation if overall_pass is false.
Use an empty string if the response passes.


Return ONLY valid JSON in exactly this structure:

{
  ""helpfulness"": 1,
  ""intent_fit"": 1,
  ""grounding"": 1,
  ""factual_safety"": 1,
  ""escalation_appropriateness"": 1,
  ""professionalism"": 1,
  ""overall_pass"": false,
  ""failure_reason"": ""short explanation""
}",,,,,,,,,pending,
853920,Retrieval,"@AmazonHelp Yeah been a customer for many years and been let down SO MANY times , I know how it works.",other_general,order_status_tracking,0.1899257633399533,yes,True,low_intent_confidence,"@312151 Sometimes delays can happen, but we want to make sure you receive your order! Let us know if it doesn't arrive by tomorrow! ^ME",fallback,"[{""customer_tweet_id"": 806327, ""customer_text"": ""@AmazonHelp Yeah my package was suppose to arrive yesterday by 9pm now it says it might not come until tomorrow"", ""amazon_reply"": ""@312151 Sometimes delays can happen, but we want to make sure you receive your order! Let us know if it doesn't arrive by tomorrow! ^ME"", ""similarity"": 0.20893054021459145}, {""customer_tweet_id"": 1702204, ""customer_text"": ""@115823 Have tried so hard to verify my account and nothing works. Please help."", ""amazon_reply"": ""@224133 We're here to help! Are you having trouble signing in to your account? If so, are you receiving any error messages? ^RA"", ""similarity"": 0.1191048468598301}, {""customer_tweet_id"": 1627795, ""customer_text"": ""@AmazonHelp It’s a business address. You know it closes at five."", ""amazon_reply"": ""@323707 I'm so sorry! Has your tracking been updated with a new delivery date? You can view it here: https://t.co/aaDyEz1VgE ^TK"", ""similarity"": 0.11771431945596317}]","You are evaluating an AI customer-support response.

Do NOT assume that a response is good merely because it resembles a
historical response.

Evaluate whether the candidate response actually addresses the customer's
message and whether its claims are supported by the supplied historical
evidence.

CUSTOMER MESSAGE:
@AmazonHelp Yeah been a customer for many years and been let down SO MANY times , I know how it works.

HISTORICAL EVIDENCE:
Historical example 1
Similarity: 0.20893054021459145

Customer:
@AmazonHelp Yeah my package was suppose to arrive yesterday by 9pm now it says it might not come until tomorrow

Amazon reply:
@312151 Sometimes delays can happen, but we want to make sure you receive your order! Let us know if it doesn't arrive by tomorrow! ^ME

Historical example 2
Similarity: 0.1191048468598301

Customer:
@115823 Have tried so hard to verify my account and nothing works. Please help.

Amazon reply:
@224133 We're here to help! Are you having trouble signing in to your account? If so, are you receiving any error messages? ^RA

Historical example 3
Similarity: 0.11771431945596317

Customer:
@AmazonHelp It’s a business address. You know it closes at five.

Amazon reply:
@323707 I'm so sorry! Has your tracking been updated with a new delivery date? You can view it here: https://t.co/aaDyEz1VgE ^TK

CANDIDATE:
Retrieval

CANDIDATE RESPONSE:
@312151 Sometimes delays can happen, but we want to make sure you receive your order! Let us know if it doesn't arrive by tomorrow! ^ME

ESCALATION DECISION MADE BY THE SYSTEM:
True

ESCALATION REASON:
low_intent_confidence


Score each response from 1 to 5 on:

1. helpfulness
   1 = does not help the customer
   3 = somewhat useful
   5 = directly useful and addresses the issue

2. intent_fit
   1 = clearly misunderstands the customer's issue
   3 = partially addresses it
   5 = directly addresses the customer's issue

3. grounding
   1 = unsupported or contradicts the historical evidence
   3 = partly consistent with evidence
   5 = clearly grounded in the historical evidence

4. factual_safety
   1 = invents facts, policies, actions, or guarantees
   3 = mostly safe but somewhat assumptive
   5 = makes no unsupported claims

5. escalation_appropriateness
   1 = escalation decision is clearly inappropriate
   3 = debatable
   5 = clearly appropriate

6. professionalism
   1 = poor/unprofessional
   3 = acceptable
   5 = clear, concise, professional support language

Also provide:

overall_pass:
true only if the response is reasonably helpful, safe, relevant,
and appropriate for the situation.

failure_reason:
A short explanation if overall_pass is false.
Use an empty string if the response passes.


Return ONLY valid JSON in exactly this structure:

{
  ""helpfulness"": 1,
  ""intent_fit"": 1,
  ""grounding"": 1,
  ""factual_safety"": 1,
  ""escalation_appropriateness"": 1,
  ""professionalism"": 1,
  ""overall_pass"": false,
  ""failure_reason"": ""short explanation""
}",,,,,,,,,pending,
853920,Agent,"@AmazonHelp Yeah been a customer for many years and been let down SO MANY times , I know how it works.",other_general,order_status_tracking,0.1899257633399533,yes,True,low_intent_confidence,I'm sorry you're experiencing this issue. I've identified that this case should be reviewed by a human support agent. A support agent can review the order details and help with the next steps.,fallback,"[{""customer_tweet_id"": 806327, ""customer_text"": ""@AmazonHelp Yeah my package was suppose to arrive yesterday by 9pm now it says it might not come until tomorrow"", ""amazon_reply"": ""@312151 Sometimes delays can happen, but we want to make sure you receive your order! Let us know if it doesn't arrive by tomorrow! ^ME"", ""similarity"": 0.20893054021459145}, {""customer_tweet_id"": 1702204, ""customer_text"": ""@115823 Have tried so hard to verify my account and nothing works. Please help."", ""amazon_reply"": ""@224133 We're here to help! Are you having trouble signing in to your account? If so, are you receiving any error messages? ^RA"", ""similarity"": 0.1191048468598301}, {""customer_tweet_id"": 1627795, ""customer_text"": ""@AmazonHelp It’s a business address. You know it closes at five."", ""amazon_reply"": ""@323707 I'm so sorry! Has your tracking been updated with a new delivery date? You can view it here: https://t.co/aaDyEz1VgE ^TK"", ""similarity"": 0.11771431945596317}]","You are evaluating an AI customer-support response.

Do NOT assume that a response is good merely because it resembles a
historical response.

Evaluate whether the candidate response actually addresses the customer's
message and whether its claims are supported by the supplied historical
evidence.

CUSTOMER MESSAGE:
@AmazonHelp Yeah been a customer for many years and been let down SO MANY times , I know how it works.

HISTORICAL EVIDENCE:
Historical example 1
Similarity: 0.20893054021459145

Customer:
@AmazonHelp Yeah my package was suppose to arrive yesterday by 9pm now it says it might not come until tomorrow

Amazon reply:
@312151 Sometimes delays can happen, but we want to make sure you receive your order! Let us know if it doesn't arrive by tomorrow! ^ME

Historical example 2
Similarity: 0.1191048468598301

Customer:
@115823 Have tried so hard to verify my account and nothing works. Please help.

Amazon reply:
@224133 We're here to help! Are you having trouble signing in to your account? If so, are you receiving any error messages? ^RA

Historical example 3
Similarity: 0.11771431945596317

Customer:
@AmazonHelp It’s a business address. You know it closes at five.

Amazon reply:
@323707 I'm so sorry! Has your tracking been updated with a new delivery date? You can view it here: https://t.co/aaDyEz1VgE ^TK

CANDIDATE:
Agent

CANDIDATE RESPONSE:
I'm sorry you're experiencing this issue. I've identified that this case should be reviewed by a human support agent. A support agent can review the order details and help with the next steps.

ESCALATION DECISION MADE BY THE SYSTEM:
True

ESCALATION REASON:
low_intent_confidence


Score each response from 1 to 5 on:

1. helpfulness
   1 = does not help the customer
   3 = somewhat useful
   5 = directly useful and addresses the issue

2. intent_fit
   1 = clearly misunderstands the customer's issue
   3 = partially addresses it
   5 = directly addresses the customer's issue

3. grounding
   1 = unsupported or contradicts the historical evidence
   3 = partly consistent with evidence
   5 = clearly grounded in the historical evidence

4. factual_safety
   1 = invents facts, policies, actions, or guarantees
   3 = mostly safe but somewhat assumptive
   5 = makes no unsupported claims

5. escalation_appropriateness
   1 = escalation decision is clearly inappropriate
   3 = debatable
   5 = clearly appropriate

6. professionalism
   1 = poor/unprofessional
   3 = acceptable
   5 = clear, concise, professional support language

Also provide:

overall_pass:
true only if the response is reasonably helpful, safe, relevant,
and appropriate for the situation.

failure_reason:
A short explanation if overall_pass is false.
Use an empty string if the response passes.


Return ONLY valid JSON in exactly this structure:

{
  ""helpfulness"": 1,
  ""intent_fit"": 1,
  ""grounding"": 1,
  ""factual_safety"": 1,
  ""escalation_appropriateness"": 1,
  ""professionalism"": 1,
  ""overall_pass"": false,
  ""failure_reason"": ""short explanation""
}",,,,,,,,,pending,
1180559,Generic,@AmazonHelp Last two months a slew of products damaged inside pristine shipping boxes. Some with sharp puncture marks all the way through.,damaged_item,damaged_item,0.94,yes,True,damaged_item,I'm sorry you're experiencing this issue. Please provide the relevant order details so we can better understand the problem and determine the appropriate next steps.,fallback,"[{""customer_tweet_id"": 2534449, ""customer_text"": ""@AmazonHelp This is the first. I had another months ago saying someone attempted to hack my account. But this makes me nervous"", ""amazon_reply"": ""@182175 Are you able to log in this account? If so, please change the password. Keep us posted ^BD"", ""similarity"": 0.2824686037487937}, {""customer_tweet_id"": 678300, ""customer_text"": ""@115821 I added my amount to the amazon pay and when i tries to checkout it add more than the total money. No way find where it justify the extra amount added. I need my amazon pay balance return to my account. Tell me the way.Its just a fake way to add money to account."", ""amazon_reply"": ""@281822 Apologies you had the problem with adding money to pay balance. You may reach out to support team here: https://t.co/vlvfJr4nN9. We’ll look into it. ^SB"", ""similarity"": 0.14915740343619036}, {""customer_tweet_id"": 480488, ""customer_text"": ""Hey @115821, please explain why I am paying for Prime’s 2 day shipping when I am getting 5 day shipping #Amazon https://t.co/d2STAEeAnA"", ""amazon_reply"": ""@229189 Hello MJ, sorry you have not received your order. We'd like to assist! What was the delivery date provided in your order confirmation email? ^TE"", ""similarity"": 0.14101228152566606}]","You are evaluating an AI customer-support response.

Do NOT assume that a response is good merely because it resembles a
historical response.

Evaluate whether the candidate response actually addresses the customer's
message and whether its claims are supported by the supplied historical
evidence.

CUSTOMER MESSAGE:
@AmazonHelp Last two months a slew of products damaged inside pristine shipping boxes. Some with sharp puncture marks all the way through.

HISTORICAL EVIDENCE:
Historical example 1
Similarity: 0.2824686037487937

Customer:
@AmazonHelp This is the first. I had another months ago saying someone attempted to hack my account. But this makes me nervous

Amazon reply:
@182175 Are you able to log in this account? If so, please change the password. Keep us posted ^BD

Historical example 2
Similarity: 0.14915740343619036

Customer:
@115821 I added my amount to the amazon pay and when i tries to checkout it add more than the total money. No way find where it justify the extra amount added. I need my amazon pay balance return to my account. Tell me the way.Its just a fake way to add money to account.

Amazon reply:
@281822 Apologies you had the problem with adding money to pay balance. You may reach out to support team here: https://t.co/vlvfJr4nN9. We’ll look into it. ^SB

Historical example 3
Similarity: 0.14101228152566606

Customer:
Hey @115821, please explain why I am paying for Prime’s 2 day shipping when I am getting 5 day shipping #Amazon https://t.co/d2STAEeAnA

Amazon reply:
@229189 Hello MJ, sorry you have not received your order. We'd like to assist! What was the delivery date provided in your order confirmation email? ^TE

CANDIDATE:
Generic

CANDIDATE RESPONSE:
I'm sorry you're experiencing this issue. Please provide the relevant order details so we can better understand the problem and determine the appropriate next steps.

ESCALATION DECISION MADE BY THE SYSTEM:
True

ESCALATION REASON:
damaged_item


Score each response from 1 to 5 on:

1. helpfulness
   1 = does not help the customer
   3 = somewhat useful
   5 = directly useful and addresses the issue

2. intent_fit
   1 = clearly misunderstands the customer's issue
   3 = partially addresses it
   5 = directly addresses the customer's issue

3. grounding
   1 = unsupported or contradicts the historical evidence
   3 = partly consistent with evidence
   5 = clearly grounded in the historical evidence

4. factual_safety
   1 = invents facts, policies, actions, or guarantees
   3 = mostly safe but somewhat assumptive
   5 = makes no unsupported claims

5. escalation_appropriateness
   1 = escalation decision is clearly inappropriate
   3 = debatable
   5 = clearly appropriate

6. professionalism
   1 = poor/unprofessional
   3 = acceptable
   5 = clear, concise, professional support language

Also provide:

overall_pass:
true only if the response is reasonably helpful, safe, relevant,
and appropriate for the situation.

failure_reason:
A short explanation if overall_pass is false.
Use an empty string if the response passes.


Return ONLY valid JSON in exactly this structure:

{
  ""helpfulness"": 1,
  ""intent_fit"": 1,
  ""grounding"": 1,
  ""factual_safety"": 1,
  ""escalation_appropriateness"": 1,
  ""professionalism"": 1,
  ""overall_pass"": false,
  ""failure_reason"": ""short explanation""
}",,,,,,,,,pending,
1180559,Retrieval,@AmazonHelp Last two months a slew of products damaged inside pristine shipping boxes. Some with sharp puncture marks all the way through.,damaged_item,damaged_item,0.94,yes,True,damaged_item,"@182175 Are you able to log in this account? If so, please change the password. Keep us posted ^BD",fallback,"[{""customer_tweet_id"": 2534449, ""customer_text"": ""@AmazonHelp This is the first. I had another months ago saying someone attempted to hack my account. But this makes me nervous"", ""amazon_reply"": ""@182175 Are you able to log in this account? If so, please change the password. Keep us posted ^BD"", ""similarity"": 0.2824686037487937}, {""customer_tweet_id"": 678300, ""customer_text"": ""@115821 I added my amount to the amazon pay and when i tries to checkout it add more than the total money. No way find where it justify the extra amount added. I need my amazon pay balance return to my account. Tell me the way.Its just a fake way to add money to account."", ""amazon_reply"": ""@281822 Apologies you had the problem with adding money to pay balance. You may reach out to support team here: https://t.co/vlvfJr4nN9. We’ll look into it. ^SB"", ""similarity"": 0.14915740343619036}, {""customer_tweet_id"": 480488, ""customer_text"": ""Hey @115821, please explain why I am paying for Prime’s 2 day shipping when I am getting 5 day shipping #Amazon https://t.co/d2STAEeAnA"", ""amazon_reply"": ""@229189 Hello MJ, sorry you have not received your order. We'd like to assist! What was the delivery date provided in your order confirmation email? ^TE"", ""similarity"": 0.14101228152566606}]","You are evaluating an AI customer-support response.

Do NOT assume that a response is good merely because it resembles a
historical response.

Evaluate whether the candidate response actually addresses the customer's
message and whether its claims are supported by the supplied historical
evidence.

CUSTOMER MESSAGE:
@AmazonHelp Last two months a slew of products damaged inside pristine shipping boxes. Some with sharp puncture marks all the way through.

HISTORICAL EVIDENCE:
Historical example 1
Similarity: 0.2824686037487937

Customer:
@AmazonHelp This is the first. I had another months ago saying someone attempted to hack my account. But this makes me nervous

Amazon reply:
@182175 Are you able to log in this account? If so, please change the password. Keep us posted ^BD

Historical example 2
Similarity: 0.14915740343619036

Customer:
@115821 I added my amount to the amazon pay and when i tries to checkout it add more than the total money. No way find where it justify the extra amount added. I need my amazon pay balance return to my account. Tell me the way.Its just a fake way to add money to account.

Amazon reply:
@281822 Apologies you had the problem with adding money to pay balance. You may reach out to support team here: https://t.co/vlvfJr4nN9. We’ll look into it. ^SB

Historical example 3
Similarity: 0.14101228152566606

Customer:
Hey @115821, please explain why I am paying for Prime’s 2 day shipping when I am getting 5 day shipping #Amazon https://t.co/d2STAEeAnA

Amazon reply:
@229189 Hello MJ, sorry you have not received your order. We'd like to assist! What was the delivery date provided in your order confirmation email? ^TE

CANDIDATE:
Retrieval

CANDIDATE RESPONSE:
@182175 Are you able to log in this account? If so, please change the password. Keep us posted ^BD

ESCALATION DECISION MADE BY THE SYSTEM:
True

ESCALATION REASON:
damaged_item


Score each response from 1 to 5 on:

1. helpfulness
   1 = does not help the customer
   3 = somewhat useful
   5 = directly useful and addresses the issue

2. intent_fit
   1 = clearly misunderstands the customer's issue
   3 = partially addresses it
   5 = directly addresses the customer's issue

3. grounding
   1 = unsupported or contradicts the historical evidence
   3 = partly consistent with evidence
   5 = clearly grounded in the historical evidence

4. factual_safety
   1 = invents facts, policies, actions, or guarantees
   3 = mostly safe but somewhat assumptive
   5 = makes no unsupported claims

5. escalation_appropriateness
   1 = escalation decision is clearly inappropriate
   3 = debatable
   5 = clearly appropriate

6. professionalism
   1 = poor/unprofessional
   3 = acceptable
   5 = clear, concise, professional support language

Also provide:

overall_pass:
true only if the response is reasonably helpful, safe, relevant,
and appropriate for the situation.

failure_reason:
A short explanation if overall_pass is false.
Use an empty string if the response passes.


Return ONLY valid JSON in exactly this structure:

{
  ""helpfulness"": 1,
  ""intent_fit"": 1,
  ""grounding"": 1,
  ""factual_safety"": 1,
  ""escalation_appropriateness"": 1,
  ""professionalism"": 1,
  ""overall_pass"": false,
  ""failure_reason"": ""short explanation""
}",,,,,,,,,pending,
1180559,Agent,@AmazonHelp Last two months a slew of products damaged inside pristine shipping boxes. Some with sharp puncture marks all the way through.,damaged_item,damaged_item,0.94,yes,True,damaged_item,I'm sorry you're experiencing this issue. I've identified that this case should be reviewed by a human support agent. A support agent can review the order details and help with the next steps.,fallback,"[{""customer_tweet_id"": 2534449, ""customer_text"": ""@AmazonHelp This is the first. I had another months ago saying someone attempted to hack my account. But this makes me nervous"", ""amazon_reply"": ""@182175 Are you able to log in this account? If so, please change the password. Keep us posted ^BD"", ""similarity"": 0.2824686037487937}, {""customer_tweet_id"": 678300, ""customer_text"": ""@115821 I added my amount to the amazon pay and when i tries to checkout it add more than the total money. No way find where it justify the extra amount added. I need my amazon pay balance return to my account. Tell me the way.Its just a fake way to add money to account."", ""amazon_reply"": ""@281822 Apologies you had the problem with adding money to pay balance. You may reach out to support team here: https://t.co/vlvfJr4nN9. We’ll look into it. ^SB"", ""similarity"": 0.14915740343619036}, {""customer_tweet_id"": 480488, ""customer_text"": ""Hey @115821, please explain why I am paying for Prime’s 2 day shipping when I am getting 5 day shipping #Amazon https://t.co/d2STAEeAnA"", ""amazon_reply"": ""@229189 Hello MJ, sorry you have not received your order. We'd like to assist! What was the delivery date provided in your order confirmation email? ^TE"", ""similarity"": 0.14101228152566606}]","You are evaluating an AI customer-support response.

Do NOT assume that a response is good merely because it resembles a
historical response.

Evaluate whether the candidate response actually addresses the customer's
message and whether its claims are supported by the supplied historical
evidence.

CUSTOMER MESSAGE:
@AmazonHelp Last two months a slew of products damaged inside pristine shipping boxes. Some with sharp puncture marks all the way through.

HISTORICAL EVIDENCE:
Historical example 1
Similarity: 0.2824686037487937

Customer:
@AmazonHelp This is the first. I had another months ago saying someone attempted to hack my account. But this makes me nervous

Amazon reply:
@182175 Are you able to log in this account? If so, please change the password. Keep us posted ^BD

Historical example 2
Similarity: 0.14915740343619036

Customer:
@115821 I added my amount to the amazon pay and when i tries to checkout it add more than the total money. No way find where it justify the extra amount added. I need my amazon pay balance return to my account. Tell me the way.Its just a fake way to add money to account.

Amazon reply:
@281822 Apologies you had the problem with adding money to pay balance. You may reach out to support team here: https://t.co/vlvfJr4nN9. We’ll look into it. ^SB

Historical example 3
Similarity: 0.14101228152566606

Customer:
Hey @115821, please explain why I am paying for Prime’s 2 day shipping when I am getting 5 day shipping #Amazon https://t.co/d2STAEeAnA

Amazon reply:
@229189 Hello MJ, sorry you have not received your order. We'd like to assist! What was the delivery date provided in your order confirmation email? ^TE

CANDIDATE:
Agent

CANDIDATE RESPONSE:
I'm sorry you're experiencing this issue. I've identified that this case should be reviewed by a human support agent. A support agent can review the order details and help with the next steps.

ESCALATION DECISION MADE BY THE SYSTEM:
True

ESCALATION REASON:
damaged_item


Score each response from 1 to 5 on:

1. helpfulness
   1 = does not help the customer
   3 = somewhat useful
   5 = directly useful and addresses the issue

2. intent_fit
   1 = clearly misunderstands the customer's issue
   3 = partially addresses it
   5 = directly addresses the customer's issue

3. grounding
   1 = unsupported or contradicts the historical evidence
   3 = partly consistent with evidence
   5 = clearly grounded in the historical evidence

4. factual_safety
   1 = invents facts, policies, actions, or guarantees
   3 = mostly safe but somewhat assumptive
   5 = makes no unsupported claims

5. escalation_appropriateness
   1 = escalation decision is clearly inappropriate
   3 = debatable
   5 = clearly appropriate

6. professionalism
   1 = poor/unprofessional
   3 = acceptable
   5 = clear, concise, professional support language

Also provide:

overall_pass:
true only if the response is reasonably helpful, safe, relevant,
and appropriate for the situation.

failure_reason:
A short explanation if overall_pass is false.
Use an empty string if the response passes.


Return ONLY valid JSON in exactly this structure:

{
  ""helpfulness"": 1,
  ""intent_fit"": 1,
  ""grounding"": 1,
  ""factual_safety"": 1,
  ""escalation_appropriateness"": 1,
  ""professionalism"": 1,
  ""overall_pass"": false,
  ""failure_reason"": ""short explanation""
}",,,,,,,,,pending,
1899097,Generic,"@AmazonHelp ご丁寧にありがとうぎざいます。アプリの入れ直しはやってみたのですが、もう一度試してみます。
洋書のサンプルをDLしたところ、国内出版物を検索しても検出されなくなったのですが、何か設定が必要でしょうか？",technical_product_issue,other_general,0.1944232787170174,no,True,low_intent_confidence,I'm sorry you're experiencing this issue. Please provide the relevant order details so we can better understand the problem and determine the appropriate next steps.,fallback,"[{""customer_tweet_id"": 65899, ""customer_text"": ""@AmazonHelp Done"", ""amazon_reply"": ""@131073 Please write to us via DM with your concern and we'll be glad to assist you with this right away. ^BV"", ""similarity"": 1.0}, {""customer_tweet_id"": 2880479, ""customer_text"": ""@AmazonHelp Useless"", ""amazon_reply"": ""@799341 We want to help you as much as possible, please contact us directly by clicking the following link: https://t.co/JzP7hlA23B.^BZ"", ""similarity"": 0.1918260533044177}, {""customer_tweet_id"": 2437734, ""customer_text"": ""@AmazonHelp Useless"", ""amazon_reply"": ""@337608 We'd like to help, kindly share your details here: https://t.co/GIJyeYqKE0, and we'll reach out to you soon. ^MA"", ""similarity"": 0.1918260533044177}]","You are evaluating an AI customer-support response.

Do NOT assume that a response is good merely because it resembles a
historical response.

Evaluate whether the candidate response actually addresses the customer's
message and whether its claims are supported by the supplied historical
evidence.

CUSTOMER MESSAGE:
@AmazonHelp ご丁寧にありがとうぎざいます。アプリの入れ直しはやってみたのですが、もう一度試してみます。
洋書のサンプルをDLしたところ、国内出版物を検索しても検出されなくなったのですが、何か設定が必要でしょうか？

HISTORICAL EVIDENCE:
Historical example 1
Similarity: 1.0

Customer:
@AmazonHelp Done

Amazon reply:
@131073 Please write to us via DM with your concern and we'll be glad to assist you with this right away. ^BV

Historical example 2
Similarity: 0.1918260533044177

Customer:
@AmazonHelp Useless

Amazon reply:
@799341 We want to help you as much as possible, please contact us directly by clicking the following link: https://t.co/JzP7hlA23B.^BZ

Historical example 3
Similarity: 0.1918260533044177

Customer:
@AmazonHelp Useless

Amazon reply:
@337608 We'd like to help, kindly share your details here: https://t.co/GIJyeYqKE0, and we'll reach out to you soon. ^MA

CANDIDATE:
Generic

CANDIDATE RESPONSE:
I'm sorry you're experiencing this issue. Please provide the relevant order details so we can better understand the problem and determine the appropriate next steps.

ESCALATION DECISION MADE BY THE SYSTEM:
True

ESCALATION REASON:
low_intent_confidence


Score each response from 1 to 5 on:

1. helpfulness
   1 = does not help the customer
   3 = somewhat useful
   5 = directly useful and addresses the issue

2. intent_fit
   1 = clearly misunderstands the customer's issue
   3 = partially addresses it
   5 = directly addresses the customer's issue

3. grounding
   1 = unsupported or contradicts the historical evidence
   3 = partly consistent with evidence
   5 = clearly grounded in the historical evidence

4. factual_safety
   1 = invents facts, policies, actions, or guarantees
   3 = mostly safe but somewhat assumptive
   5 = makes no unsupported claims

5. escalation_appropriateness
   1 = escalation decision is clearly inappropriate
   3 = debatable
   5 = clearly appropriate

6. professionalism
   1 = poor/unprofessional
   3 = acceptable
   5 = clear, concise, professional support language

Also provide:

overall_pass:
true only if the response is reasonably helpful, safe, relevant,
and appropriate for the situation.

failure_reason:
A short explanation if overall_pass is false.
Use an empty string if the response passes.


Return ONLY valid JSON in exactly this structure:

{
  ""helpfulness"": 1,
  ""intent_fit"": 1,
  ""grounding"": 1,
  ""factual_safety"": 1,
  ""escalation_appropriateness"": 1,
  ""professionalism"": 1,
  ""overall_pass"": false,
  ""failure_reason"": ""short explanation""
}",,,,,,,,,pending,
1899097,Retrieval,"@AmazonHelp ご丁寧にありがとうぎざいます。アプリの入れ直しはやってみたのですが、もう一度試してみます。
洋書のサンプルをDLしたところ、国内出版物を検索しても検出されなくなったのですが、何か設定が必要でしょうか？",technical_product_issue,other_general,0.1944232787170174,no,True,low_intent_confidence,@131073 Please write to us via DM with your concern and we'll be glad to assist you with this right away. ^BV,fallback,"[{""customer_tweet_id"": 65899, ""customer_text"": ""@AmazonHelp Done"", ""amazon_reply"": ""@131073 Please write to us via DM with your concern and we'll be glad to assist you with this right away. ^BV"", ""similarity"": 1.0}, {""customer_tweet_id"": 2880479, ""customer_text"": ""@AmazonHelp Useless"", ""amazon_reply"": ""@799341 We want to help you as much as possible, please contact us directly by clicking the following link: https://t.co/JzP7hlA23B.^BZ"", ""similarity"": 0.1918260533044177}, {""customer_tweet_id"": 2437734, ""customer_text"": ""@AmazonHelp Useless"", ""amazon_reply"": ""@337608 We'd like to help, kindly share your details here: https://t.co/GIJyeYqKE0, and we'll reach out to you soon. ^MA"", ""similarity"": 0.1918260533044177}]","You are evaluating an AI customer-support response.

Do NOT assume that a response is good merely because it resembles a
historical response.

Evaluate whether the candidate response actually addresses the customer's
message and whether its claims are supported by the supplied historical
evidence.

CUSTOMER MESSAGE:
@AmazonHelp ご丁寧にありがとうぎざいます。アプリの入れ直しはやってみたのですが、もう一度試してみます。
洋書のサンプルをDLしたところ、国内出版物を検索しても検出されなくなったのですが、何か設定が必要でしょうか？

HISTORICAL EVIDENCE:
Historical example 1
Similarity: 1.0

Customer:
@AmazonHelp Done

Amazon reply:
@131073 Please write to us via DM with your concern and we'll be glad to assist you with this right away. ^BV

Historical example 2
Similarity: 0.1918260533044177

Customer:
@AmazonHelp Useless

Amazon reply:
@799341 We want to help you as much as possible, please contact us directly by clicking the following link: https://t.co/JzP7hlA23B.^BZ

Historical example 3
Similarity: 0.1918260533044177

Customer:
@AmazonHelp Useless

Amazon reply:
@337608 We'd like to help, kindly share your details here: https://t.co/GIJyeYqKE0, and we'll reach out to you soon. ^MA

CANDIDATE:
Retrieval

CANDIDATE RESPONSE:
@131073 Please write to us via DM with your concern and we'll be glad to assist you with this right away. ^BV

ESCALATION DECISION MADE BY THE SYSTEM:
True

ESCALATION REASON:
low_intent_confidence


Score each response from 1 to 5 on:

1. helpfulness
   1 = does not help the customer
   3 = somewhat useful
   5 = directly useful and addresses the issue

2. intent_fit
   1 = clearly misunderstands the customer's issue
   3 = partially addresses it
   5 = directly addresses the customer's issue

3. grounding
   1 = unsupported or contradicts the historical evidence
   3 = partly consistent with evidence
   5 = clearly grounded in the historical evidence

4. factual_safety
   1 = invents facts, policies, actions, or guarantees
   3 = mostly safe but somewhat assumptive
   5 = makes no unsupported claims

5. escalation_appropriateness
   1 = escalation decision is clearly inappropriate
   3 = debatable
   5 = clearly appropriate

6. professionalism
   1 = poor/unprofessional
   3 = acceptable
   5 = clear, concise, professional support language

Also provide:

overall_pass:
true only if the response is reasonably helpful, safe, relevant,
and appropriate for the situation.

failure_reason:
A short explanation if overall_pass is false.
Use an empty string if the response passes.


Return ONLY valid JSON in exactly this structure:

{
  ""helpfulness"": 1,
  ""intent_fit"": 1,
  ""grounding"": 1,
  ""factual_safety"": 1,
  ""escalation_appropriateness"": 1,
  ""professionalism"": 1,
  ""overall_pass"": false,
  ""failure_reason"": ""short explanation""
}",,,,,,,,,pending,
1899097,Agent,"@AmazonHelp ご丁寧にありがとうぎざいます。アプリの入れ直しはやってみたのですが、もう一度試してみます。
洋書のサンプルをDLしたところ、国内出版物を検索しても検出されなくなったのですが、何か設定が必要でしょうか？",technical_product_issue,other_general,0.1944232787170174,no,True,low_intent_confidence,I'm sorry you're experiencing this issue. I've identified that this case should be reviewed by a human support agent. A support agent can review the order details and help with the next steps.,fallback,"[{""customer_tweet_id"": 65899, ""customer_text"": ""@AmazonHelp Done"", ""amazon_reply"": ""@131073 Please write to us via DM with your concern and we'll be glad to assist you with this right away. ^BV"", ""similarity"": 1.0}, {""customer_tweet_id"": 2880479, ""customer_text"": ""@AmazonHelp Useless"", ""amazon_reply"": ""@799341 We want to help you as much as possible, please contact us directly by clicking the following link: https://t.co/JzP7hlA23B.^BZ"", ""similarity"": 0.1918260533044177}, {""customer_tweet_id"": 2437734, ""customer_text"": ""@AmazonHelp Useless"", ""amazon_reply"": ""@337608 We'd like to help, kindly share your details here: https://t.co/GIJyeYqKE0, and we'll reach out to you soon. ^MA"", ""similarity"": 0.1918260533044177}]","You are evaluating an AI customer-support response.

Do NOT assume that a response is good merely because it resembles a
historical response.

Evaluate whether the candidate response actually addresses the customer's
message and whether its claims are supported by the supplied historical
evidence.

CUSTOMER MESSAGE:
@AmazonHelp ご丁寧にありがとうぎざいます。アプリの入れ直しはやってみたのですが、もう一度試してみます。
洋書のサンプルをDLしたところ、国内出版物を検索しても検出されなくなったのですが、何か設定が必要でしょうか？

HISTORICAL EVIDENCE:
Historical example 1
Similarity: 1.0

Customer:
@AmazonHelp Done

Amazon reply:
@131073 Please write to us via DM with your concern and we'll be glad to assist you with this right away. ^BV

Historical example 2
Similarity: 0.1918260533044177

Customer:
@AmazonHelp Useless

Amazon reply:
@799341 We want to help you as much as possible, please contact us directly by clicking the following link: https://t.co/JzP7hlA23B.^BZ

Historical example 3
Similarity: 0.1918260533044177

Customer:
@AmazonHelp Useless

Amazon reply:
@337608 We'd like to help, kindly share your details here: https://t.co/GIJyeYqKE0, and we'll reach out to you soon. ^MA

CANDIDATE:
Agent

CANDIDATE RESPONSE:
I'm sorry you're experiencing this issue. I've identified that this case should be reviewed by a human support agent. A support agent can review the order details and help with the next steps.

ESCALATION DECISION MADE BY THE SYSTEM:
True

ESCALATION REASON:
low_intent_confidence


Score each response from 1 to 5 on:

1. helpfulness
   1 = does not help the customer
   3 = somewhat useful
   5 = directly useful and addresses the issue

2. intent_fit
   1 = clearly misunderstands the customer's issue
   3 = partially addresses it
   5 = directly addresses the customer's issue

3. grounding
   1 = unsupported or contradicts the historical evidence
   3 = partly consistent with evidence
   5 = clearly grounded in the historical evidence

4. factual_safety
   1 = invents facts, policies, actions, or guarantees
   3 = mostly safe but somewhat assumptive
   5 = makes no unsupported claims

5. escalation_appropriateness
   1 = escalation decision is clearly inappropriate
   3 = debatable
   5 = clearly appropriate

6. professionalism
   1 = poor/unprofessional
   3 = acceptable
   5 = clear, concise, professional support language

Also provide:

overall_pass:
true only if the response is reasonably helpful, safe, relevant,
and appropriate for the situation.

failure_reason:
A short explanation if overall_pass is false.
Use an empty string if the response passes.


Return ONLY valid JSON in exactly this structure:

{
  ""helpfulness"": 1,
  ""intent_fit"": 1,
  ""grounding"": 1,
  ""factual_safety"": 1,
  ""escalation_appropriateness"": 1,
  ""professionalism"": 1,
  ""overall_pass"": false,
  ""failure_reason"": ""short explanation""
}",,,,,,,,,pending,
2906573,Generic,"So @115830 left my delivery (which contained an expensive electronic item) in the garden, all day.. unsheltered! Oh and it rained. . . #nothappy #useyourhead #merryxmas https://t.co/zZCbNvd1Gq",damaged_item,delivery_delay,0.2381522790715588,yes,False,none,I'm sorry you're experiencing this issue. Please provide the relevant order details so we can better understand the problem and determine the appropriate next steps.,fallback,"[{""customer_tweet_id"": 1760384, ""customer_text"": ""@AmazonHelp Sure. I ordered a lot of 24 of an item, and I keep being sent 1 of the item."", ""amazon_reply"": ""@529830 Thanks for confirming! Since this requires account access, please contact here: https://t.co/233GuUIPkP for a full review. ^TM"", ""similarity"": 0.21309558285130556}, {""customer_tweet_id"": 764758, ""customer_text"": ""A little annoyed my @115830 delivery was delivered this afternoon while I was at work and just left outside my front door! Any1 could have"", ""amazon_reply"": ""@302782 Terribly sorry about that, Tamsin! Are those instructions arranged as your safe space here? https://t.co/qlmL6Px359 ^JD"", ""similarity"": 0.17950491922890532}, {""customer_tweet_id"": 1234212, ""customer_text"": ""@115821 Why does \""same day delivery\"" constantly turn into next day delivery after I place the order? Commitment issues?"", ""amazon_reply"": ""@409483 Hi Clark. We'd like to help the best we can. Has the delivery date for your order changed? ^HC"", ""similarity"": 0.15740635977341483}]","You are evaluating an AI customer-support response.

Do NOT assume that a response is good merely because it resembles a
historical response.

Evaluate whether the candidate response actually addresses the customer's
message and whether its claims are supported by the supplied historical
evidence.

CUSTOMER MESSAGE:
So @115830 left my delivery (which contained an expensive electronic item) in the garden, all day.. unsheltered! Oh and it rained. . . #nothappy #useyourhead #merryxmas https://t.co/zZCbNvd1Gq

HISTORICAL EVIDENCE:
Historical example 1
Similarity: 0.21309558285130556

Customer:
@AmazonHelp Sure. I ordered a lot of 24 of an item, and I keep being sent 1 of the item.

Amazon reply:
@529830 Thanks for confirming! Since this requires account access, please contact here: https://t.co/233GuUIPkP for a full review. ^TM

Historical example 2
Similarity: 0.17950491922890532

Customer:
A little annoyed my @115830 delivery was delivered this afternoon while I was at work and just left outside my front door! Any1 could have

Amazon reply:
@302782 Terribly sorry about that, Tamsin! Are those instructions arranged as your safe space here? https://t.co/qlmL6Px359 ^JD

Historical example 3
Similarity: 0.15740635977341483

Customer:
@115821 Why does ""same day delivery"" constantly turn into next day delivery after I place the order? Commitment issues?

Amazon reply:
@409483 Hi Clark. We'd like to help the best we can. Has the delivery date for your order changed? ^HC

CANDIDATE:
Generic

CANDIDATE RESPONSE:
I'm sorry you're experiencing this issue. Please provide the relevant order details so we can better understand the problem and determine the appropriate next steps.

ESCALATION DECISION MADE BY THE SYSTEM:
False

ESCALATION REASON:
none


Score each response from 1 to 5 on:

1. helpfulness
   1 = does not help the customer
   3 = somewhat useful
   5 = directly useful and addresses the issue

2. intent_fit
   1 = clearly misunderstands the customer's issue
   3 = partially addresses it
   5 = directly addresses the customer's issue

3. grounding
   1 = unsupported or contradicts the historical evidence
   3 = partly consistent with evidence
   5 = clearly grounded in the historical evidence

4. factual_safety
   1 = invents facts, policies, actions, or guarantees
   3 = mostly safe but somewhat assumptive
   5 = makes no unsupported claims

5. escalation_appropriateness
   1 = escalation decision is clearly inappropriate
   3 = debatable
   5 = clearly appropriate

6. professionalism
   1 = poor/unprofessional
   3 = acceptable
   5 = clear, concise, professional support language

Also provide:

overall_pass:
true only if the response is reasonably helpful, safe, relevant,
and appropriate for the situation.

failure_reason:
A short explanation if overall_pass is false.
Use an empty string if the response passes.


Return ONLY valid JSON in exactly this structure:

{
  ""helpfulness"": 1,
  ""intent_fit"": 1,
  ""grounding"": 1,
  ""factual_safety"": 1,
  ""escalation_appropriateness"": 1,
  ""professionalism"": 1,
  ""overall_pass"": false,
  ""failure_reason"": ""short explanation""
}",,,,,,,,,pending,
2906573,Retrieval,"So @115830 left my delivery (which contained an expensive electronic item) in the garden, all day.. unsheltered! Oh and it rained. . . #nothappy #useyourhead #merryxmas https://t.co/zZCbNvd1Gq",damaged_item,delivery_delay,0.2381522790715588,yes,False,none,"@529830 Thanks for confirming! Since this requires account access, please contact here: https://t.co/233GuUIPkP for a full review. ^TM",fallback,"[{""customer_tweet_id"": 1760384, ""customer_text"": ""@AmazonHelp Sure. I ordered a lot of 24 of an item, and I keep being sent 1 of the item."", ""amazon_reply"": ""@529830 Thanks for confirming! Since this requires account access, please contact here: https://t.co/233GuUIPkP for a full review. ^TM"", ""similarity"": 0.21309558285130556}, {""customer_tweet_id"": 764758, ""customer_text"": ""A little annoyed my @115830 delivery was delivered this afternoon while I was at work and just left outside my front door! Any1 could have"", ""amazon_reply"": ""@302782 Terribly sorry about that, Tamsin! Are those instructions arranged as your safe space here? https://t.co/qlmL6Px359 ^JD"", ""similarity"": 0.17950491922890532}, {""customer_tweet_id"": 1234212, ""customer_text"": ""@115821 Why does \""same day delivery\"" constantly turn into next day delivery after I place the order? Commitment issues?"", ""amazon_reply"": ""@409483 Hi Clark. We'd like to help the best we can. Has the delivery date for your order changed? ^HC"", ""similarity"": 0.15740635977341483}]","You are evaluating an AI customer-support response.

Do NOT assume that a response is good merely because it resembles a
historical response.

Evaluate whether the candidate response actually addresses the customer's
message and whether its claims are supported by the supplied historical
evidence.

CUSTOMER MESSAGE:
So @115830 left my delivery (which contained an expensive electronic item) in the garden, all day.. unsheltered! Oh and it rained. . . #nothappy #useyourhead #merryxmas https://t.co/zZCbNvd1Gq

HISTORICAL EVIDENCE:
Historical example 1
Similarity: 0.21309558285130556

Customer:
@AmazonHelp Sure. I ordered a lot of 24 of an item, and I keep being sent 1 of the item.

Amazon reply:
@529830 Thanks for confirming! Since this requires account access, please contact here: https://t.co/233GuUIPkP for a full review. ^TM

Historical example 2
Similarity: 0.17950491922890532

Customer:
A little annoyed my @115830 delivery was delivered this afternoon while I was at work and just left outside my front door! Any1 could have

Amazon reply:
@302782 Terribly sorry about that, Tamsin! Are those instructions arranged as your safe space here? https://t.co/qlmL6Px359 ^JD

Historical example 3
Similarity: 0.15740635977341483

Customer:
@115821 Why does ""same day delivery"" constantly turn into next day delivery after I place the order? Commitment issues?

Amazon reply:
@409483 Hi Clark. We'd like to help the best we can. Has the delivery date for your order changed? ^HC

CANDIDATE:
Retrieval

CANDIDATE RESPONSE:
@529830 Thanks for confirming! Since this requires account access, please contact here: https://t.co/233GuUIPkP for a full review. ^TM

ESCALATION DECISION MADE BY THE SYSTEM:
False

ESCALATION REASON:
none


Score each response from 1 to 5 on:

1. helpfulness
   1 = does not help the customer
   3 = somewhat useful
   5 = directly useful and addresses the issue

2. intent_fit
   1 = clearly misunderstands the customer's issue
   3 = partially addresses it
   5 = directly addresses the customer's issue

3. grounding
   1 = unsupported or contradicts the historical evidence
   3 = partly consistent with evidence
   5 = clearly grounded in the historical evidence

4. factual_safety
   1 = invents facts, policies, actions, or guarantees
   3 = mostly safe but somewhat assumptive
   5 = makes no unsupported claims

5. escalation_appropriateness
   1 = escalation decision is clearly inappropriate
   3 = debatable
   5 = clearly appropriate

6. professionalism
   1 = poor/unprofessional
   3 = acceptable
   5 = clear, concise, professional support language

Also provide:

overall_pass:
true only if the response is reasonably helpful, safe, relevant,
and appropriate for the situation.

failure_reason:
A short explanation if overall_pass is false.
Use an empty string if the response passes.


Return ONLY valid JSON in exactly this structure:

{
  ""helpfulness"": 1,
  ""intent_fit"": 1,
  ""grounding"": 1,
  ""factual_safety"": 1,
  ""escalation_appropriateness"": 1,
  ""professionalism"": 1,
  ""overall_pass"": false,
  ""failure_reason"": ""short explanation""
}",,,,,,,,,pending,
2906573,Agent,"So @115830 left my delivery (which contained an expensive electronic item) in the garden, all day.. unsheltered! Oh and it rained. . . #nothappy #useyourhead #merryxmas https://t.co/zZCbNvd1Gq",damaged_item,delivery_delay,0.2381522790715588,yes,False,none,I'm sorry your package is delayed. Please check the current tracking status of your order for the latest delivery information.,fallback,"[{""customer_tweet_id"": 1760384, ""customer_text"": ""@AmazonHelp Sure. I ordered a lot of 24 of an item, and I keep being sent 1 of the item."", ""amazon_reply"": ""@529830 Thanks for confirming! Since this requires account access, please contact here: https://t.co/233GuUIPkP for a full review. ^TM"", ""similarity"": 0.21309558285130556}, {""customer_tweet_id"": 764758, ""customer_text"": ""A little annoyed my @115830 delivery was delivered this afternoon while I was at work and just left outside my front door! Any1 could have"", ""amazon_reply"": ""@302782 Terribly sorry about that, Tamsin! Are those instructions arranged as your safe space here? https://t.co/qlmL6Px359 ^JD"", ""similarity"": 0.17950491922890532}, {""customer_tweet_id"": 1234212, ""customer_text"": ""@115821 Why does \""same day delivery\"" constantly turn into next day delivery after I place the order? Commitment issues?"", ""amazon_reply"": ""@409483 Hi Clark. We'd like to help the best we can. Has the delivery date for your order changed? ^HC"", ""similarity"": 0.15740635977341483}]","You are evaluating an AI customer-support response.

Do NOT assume that a response is good merely because it resembles a
historical response.

Evaluate whether the candidate response actually addresses the customer's
message and whether its claims are supported by the supplied historical
evidence.

CUSTOMER MESSAGE:
So @115830 left my delivery (which contained an expensive electronic item) in the garden, all day.. unsheltered! Oh and it rained. . . #nothappy #useyourhead #merryxmas https://t.co/zZCbNvd1Gq

HISTORICAL EVIDENCE:
Historical example 1
Similarity: 0.21309558285130556

Customer:
@AmazonHelp Sure. I ordered a lot of 24 of an item, and I keep being sent 1 of the item.

Amazon reply:
@529830 Thanks for confirming! Since this requires account access, please contact here: https://t.co/233GuUIPkP for a full review. ^TM

Historical example 2
Similarity: 0.17950491922890532

Customer:
A little annoyed my @115830 delivery was delivered this afternoon while I was at work and just left outside my front door! Any1 could have

Amazon reply:
@302782 Terribly sorry about that, Tamsin! Are those instructions arranged as your safe space here? https://t.co/qlmL6Px359 ^JD

Historical example 3
Similarity: 0.15740635977341483

Customer:
@115821 Why does ""same day delivery"" constantly turn into next day delivery after I place the order? Commitment issues?

Amazon reply:
@409483 Hi Clark. We'd like to help the best we can. Has the delivery date for your order changed? ^HC

CANDIDATE:
Agent

CANDIDATE RESPONSE:
I'm sorry your package is delayed. Please check the current tracking status of your order for the latest delivery information.

ESCALATION DECISION MADE BY THE SYSTEM:
False

ESCALATION REASON:
none


Score each response from 1 to 5 on:

1. helpfulness
   1 = does not help the customer
   3 = somewhat useful
   5 = directly useful and addresses the issue

2. intent_fit
   1 = clearly misunderstands the customer's issue
   3 = partially addresses it
   5 = directly addresses the customer's issue

3. grounding
   1 = unsupported or contradicts the historical evidence
   3 = partly consistent with evidence
   5 = clearly grounded in the historical evidence

4. factual_safety
   1 = invents facts, policies, actions, or guarantees
   3 = mostly safe but somewhat assumptive
   5 = makes no unsupported claims

5. escalation_appropriateness
   1 = escalation decision is clearly inappropriate
   3 = debatable
   5 = clearly appropriate

6. professionalism
   1 = poor/unprofessional
   3 = acceptable
   5 = clear, concise, professional support language

Also provide:

overall_pass:
true only if the response is reasonably helpful, safe, relevant,
and appropriate for the situation.

failure_reason:
A short explanation if overall_pass is false.
Use an empty string if the response passes.


Return ONLY valid JSON in exactly this structure:

{
  ""helpfulness"": 1,
  ""intent_fit"": 1,
  ""grounding"": 1,
  ""factual_safety"": 1,
  ""escalation_appropriateness"": 1,
  ""professionalism"": 1,
  ""overall_pass"": false,
  ""failure_reason"": ""short explanation""
}",,,,,,,,,pending,
392197,Generic,@115830 excellent use of packaging again... not bad for the environment at all... MASSIVE box https://t.co/dl6ETLbJry,other_general,other_general,0.1863338586653194,no,True,low_intent_confidence,I'm sorry you're experiencing this issue. Please provide the relevant order details so we can better understand the problem and determine the appropriate next steps.,fallback,"[{""customer_tweet_id"": 1302289, ""customer_text"": ""@AmazonHelp We have community mailboxes, I was given a key for a parcel box, indicating my parcel was delivered, but there was nothing in the box."", ""amazon_reply"": ""@340283 That is interesting! Have you tired contacting us via phone or chat? If so what options where you provided? ^LS"", ""similarity"": 0.16674598017418152}, {""customer_tweet_id"": 2940288, ""customer_text"": ""@115830 some great overkill on the boxing and packaging! Kinda got my hopes up it would be something amazing! https://t.co/baoRc4TRfR"", ""amazon_reply"": ""@812628 Sorry for any troubles caused! You can leave your feedback for the packaging of this order here: https://t.co/YsujUWLJtP ^TH"", ""similarity"": 0.16276624527182532}, {""customer_tweet_id"": 530001, ""customer_text"": ""@AmazonHelp THERES MORE !!!! @115830 https://t.co/JRdxSl5ghg"", ""amazon_reply"": ""@242735 Hi James, please get in touch via the link provided by ^FJ &amp; we'll be able to look into this for you. ^TS"", ""similarity"": 0.10251664479130301}]","You are evaluating an AI customer-support response.

Do NOT assume that a response is good merely because it resembles a
historical response.

Evaluate whether the candidate response actually addresses the customer's
message and whether its claims are supported by the supplied historical
evidence.

CUSTOMER MESSAGE:
@115830 excellent use of packaging again... not bad for the environment at all... MASSIVE box https://t.co/dl6ETLbJry

HISTORICAL EVIDENCE:
Historical example 1
Similarity: 0.16674598017418152

Customer:
@AmazonHelp We have community mailboxes, I was given a key for a parcel box, indicating my parcel was delivered, but there was nothing in the box.

Amazon reply:
@340283 That is interesting! Have you tired contacting us via phone or chat? If so what options where you provided? ^LS

Historical example 2
Similarity: 0.16276624527182532

Customer:
@115830 some great overkill on the boxing and packaging! Kinda got my hopes up it would be something amazing! https://t.co/baoRc4TRfR

Amazon reply:
@812628 Sorry for any troubles caused! You can leave your feedback for the packaging of this order here: https://t.co/YsujUWLJtP ^TH

Historical example 3
Similarity: 0.10251664479130301

Customer:
@AmazonHelp THERES MORE !!!! @115830 https://t.co/JRdxSl5ghg

Amazon reply:
@242735 Hi James, please get in touch via the link provided by ^FJ &amp; we'll be able to look into this for you. ^TS

CANDIDATE:
Generic

CANDIDATE RESPONSE:
I'm sorry you're experiencing this issue. Please provide the relevant order details so we can better understand the problem and determine the appropriate next steps.

ESCALATION DECISION MADE BY THE SYSTEM:
True

ESCALATION REASON:
low_intent_confidence


Score each response from 1 to 5 on:

1. helpfulness
   1 = does not help the customer
   3 = somewhat useful
   5 = directly useful and addresses the issue

2. intent_fit
   1 = clearly misunderstands the customer's issue
   3 = partially addresses it
   5 = directly addresses the customer's issue

3. grounding
   1 = unsupported or contradicts the historical evidence
   3 = partly consistent with evidence
   5 = clearly grounded in the historical evidence

4. factual_safety
   1 = invents facts, policies, actions, or guarantees
   3 = mostly safe but somewhat assumptive
   5 = makes no unsupported claims

5. escalation_appropriateness
   1 = escalation decision is clearly inappropriate
   3 = debatable
   5 = clearly appropriate

6. professionalism
   1 = poor/unprofessional
   3 = acceptable
   5 = clear, concise, professional support language

Also provide:

overall_pass:
true only if the response is reasonably helpful, safe, relevant,
and appropriate for the situation.

failure_reason:
A short explanation if overall_pass is false.
Use an empty string if the response passes.


Return ONLY valid JSON in exactly this structure:

{
  ""helpfulness"": 1,
  ""intent_fit"": 1,
  ""grounding"": 1,
  ""factual_safety"": 1,
  ""escalation_appropriateness"": 1,
  ""professionalism"": 1,
  ""overall_pass"": false,
  ""failure_reason"": ""short explanation""
}",,,,,,,,,pending,
392197,Retrieval,@115830 excellent use of packaging again... not bad for the environment at all... MASSIVE box https://t.co/dl6ETLbJry,other_general,other_general,0.1863338586653194,no,True,low_intent_confidence,@340283 That is interesting! Have you tired contacting us via phone or chat? If so what options where you provided? ^LS,fallback,"[{""customer_tweet_id"": 1302289, ""customer_text"": ""@AmazonHelp We have community mailboxes, I was given a key for a parcel box, indicating my parcel was delivered, but there was nothing in the box."", ""amazon_reply"": ""@340283 That is interesting! Have you tired contacting us via phone or chat? If so what options where you provided? ^LS"", ""similarity"": 0.16674598017418152}, {""customer_tweet_id"": 2940288, ""customer_text"": ""@115830 some great overkill on the boxing and packaging! Kinda got my hopes up it would be something amazing! https://t.co/baoRc4TRfR"", ""amazon_reply"": ""@812628 Sorry for any troubles caused! You can leave your feedback for the packaging of this order here: https://t.co/YsujUWLJtP ^TH"", ""similarity"": 0.16276624527182532}, {""customer_tweet_id"": 530001, ""customer_text"": ""@AmazonHelp THERES MORE !!!! @115830 https://t.co/JRdxSl5ghg"", ""amazon_reply"": ""@242735 Hi James, please get in touch via the link provided by ^FJ &amp; we'll be able to look into this for you. ^TS"", ""similarity"": 0.10251664479130301}]","You are evaluating an AI customer-support response.

Do NOT assume that a response is good merely because it resembles a
historical response.

Evaluate whether the candidate response actually addresses the customer's
message and whether its claims are supported by the supplied historical
evidence.

CUSTOMER MESSAGE:
@115830 excellent use of packaging again... not bad for the environment at all... MASSIVE box https://t.co/dl6ETLbJry

HISTORICAL EVIDENCE:
Historical example 1
Similarity: 0.16674598017418152

Customer:
@AmazonHelp We have community mailboxes, I was given a key for a parcel box, indicating my parcel was delivered, but there was nothing in the box.

Amazon reply:
@340283 That is interesting! Have you tired contacting us via phone or chat? If so what options where you provided? ^LS

Historical example 2
Similarity: 0.16276624527182532

Customer:
@115830 some great overkill on the boxing and packaging! Kinda got my hopes up it would be something amazing! https://t.co/baoRc4TRfR

Amazon reply:
@812628 Sorry for any troubles caused! You can leave your feedback for the packaging of this order here: https://t.co/YsujUWLJtP ^TH

Historical example 3
Similarity: 0.10251664479130301

Customer:
@AmazonHelp THERES MORE !!!! @115830 https://t.co/JRdxSl5ghg

Amazon reply:
@242735 Hi James, please get in touch via the link provided by ^FJ &amp; we'll be able to look into this for you. ^TS

CANDIDATE:
Retrieval

CANDIDATE RESPONSE:
@340283 That is interesting! Have you tired contacting us via phone or chat? If so what options where you provided? ^LS

ESCALATION DECISION MADE BY THE SYSTEM:
True

ESCALATION REASON:
low_intent_confidence


Score each response from 1 to 5 on:

1. helpfulness
   1 = does not help the customer
   3 = somewhat useful
   5 = directly useful and addresses the issue

2. intent_fit
   1 = clearly misunderstands the customer's issue
   3 = partially addresses it
   5 = directly addresses the customer's issue

3. grounding
   1 = unsupported or contradicts the historical evidence
   3 = partly consistent with evidence
   5 = clearly grounded in the historical evidence

4. factual_safety
   1 = invents facts, policies, actions, or guarantees
   3 = mostly safe but somewhat assumptive
   5 = makes no unsupported claims

5. escalation_appropriateness
   1 = escalation decision is clearly inappropriate
   3 = debatable
   5 = clearly appropriate

6. professionalism
   1 = poor/unprofessional
   3 = acceptable
   5 = clear, concise, professional support language

Also provide:

overall_pass:
true only if the response is reasonably helpful, safe, relevant,
and appropriate for the situation.

failure_reason:
A short explanation if overall_pass is false.
Use an empty string if the response passes.


Return ONLY valid JSON in exactly this structure:

{
  ""helpfulness"": 1,
  ""intent_fit"": 1,
  ""grounding"": 1,
  ""factual_safety"": 1,
  ""escalation_appropriateness"": 1,
  ""professionalism"": 1,
  ""overall_pass"": false,
  ""failure_reason"": ""short explanation""
}",,,,,,,,,pending,
392197,Agent,@115830 excellent use of packaging again... not bad for the environment at all... MASSIVE box https://t.co/dl6ETLbJry,other_general,other_general,0.1863338586653194,no,True,low_intent_confidence,I'm sorry you're experiencing this issue. I've identified that this case should be reviewed by a human support agent. A support agent can review the order details and help with the next steps.,fallback,"[{""customer_tweet_id"": 1302289, ""customer_text"": ""@AmazonHelp We have community mailboxes, I was given a key for a parcel box, indicating my parcel was delivered, but there was nothing in the box."", ""amazon_reply"": ""@340283 That is interesting! Have you tired contacting us via phone or chat? If so what options where you provided? ^LS"", ""similarity"": 0.16674598017418152}, {""customer_tweet_id"": 2940288, ""customer_text"": ""@115830 some great overkill on the boxing and packaging! Kinda got my hopes up it would be something amazing! https://t.co/baoRc4TRfR"", ""amazon_reply"": ""@812628 Sorry for any troubles caused! You can leave your feedback for the packaging of this order here: https://t.co/YsujUWLJtP ^TH"", ""similarity"": 0.16276624527182532}, {""customer_tweet_id"": 530001, ""customer_text"": ""@AmazonHelp THERES MORE !!!! @115830 https://t.co/JRdxSl5ghg"", ""amazon_reply"": ""@242735 Hi James, please get in touch via the link provided by ^FJ &amp; we'll be able to look into this for you. ^TS"", ""similarity"": 0.10251664479130301}]","You are evaluating an AI customer-support response.

Do NOT assume that a response is good merely because it resembles a
historical response.

Evaluate whether the candidate response actually addresses the customer's
message and whether its claims are supported by the supplied historical
evidence.

CUSTOMER MESSAGE:
@115830 excellent use of packaging again... not bad for the environment at all... MASSIVE box https://t.co/dl6ETLbJry

HISTORICAL EVIDENCE:
Historical example 1
Similarity: 0.16674598017418152

Customer:
@AmazonHelp We have community mailboxes, I was given a key for a parcel box, indicating my parcel was delivered, but there was nothing in the box.

Amazon reply:
@340283 That is interesting! Have you tired contacting us via phone or chat? If so what options where you provided? ^LS

Historical example 2
Similarity: 0.16276624527182532

Customer:
@115830 some great overkill on the boxing and packaging! Kinda got my hopes up it would be something amazing! https://t.co/baoRc4TRfR

Amazon reply:
@812628 Sorry for any troubles caused! You can leave your feedback for the packaging of this order here: https://t.co/YsujUWLJtP ^TH

Historical example 3
Similarity: 0.10251664479130301

Customer:
@AmazonHelp THERES MORE !!!! @115830 https://t.co/JRdxSl5ghg

Amazon reply:
@242735 Hi James, please get in touch via the link provided by ^FJ &amp; we'll be able to look into this for you. ^TS

CANDIDATE:
Agent

CANDIDATE RESPONSE:
I'm sorry you're experiencing this issue. I've identified that this case should be reviewed by a human support agent. A support agent can review the order details and help with the next steps.

ESCALATION DECISION MADE BY THE SYSTEM:
True

ESCALATION REASON:
low_intent_confidence


Score each response from 1 to 5 on:

1. helpfulness
   1 = does not help the customer
   3 = somewhat useful
   5 = directly useful and addresses the issue

2. intent_fit
   1 = clearly misunderstands the customer's issue
   3 = partially addresses it
   5 = directly addresses the customer's issue

3. grounding
   1 = unsupported or contradicts the historical evidence
   3 = partly consistent with evidence
   5 = clearly grounded in the historical evidence

4. factual_safety
   1 = invents facts, policies, actions, or guarantees
   3 = mostly safe but somewhat assumptive
   5 = makes no unsupported claims

5. escalation_appropriateness
   1 = escalation decision is clearly inappropriate
   3 = debatable
   5 = clearly appropriate

6. professionalism
   1 = poor/unprofessional
   3 = acceptable
   5 = clear, concise, professional support language

Also provide:

overall_pass:
true only if the response is reasonably helpful, safe, relevant,
and appropriate for the situation.

failure_reason:
A short explanation if overall_pass is false.
Use an empty string if the response passes.


Return ONLY valid JSON in exactly this structure:

{
  ""helpfulness"": 1,
  ""intent_fit"": 1,
  ""grounding"": 1,
  ""factual_safety"": 1,
  ""escalation_appropriateness"": 1,
  ""professionalism"": 1,
  ""overall_pass"": false,
  ""failure_reason"": ""short explanation""
}",,,,,,,,,pending,
1380593,Generic,@AmazonHelp My delivery date was just updated to a three day window without explanation. Incredibly frustrating.,delivery_delay,order_status_tracking,0.2223412244042544,yes,False,none,I'm sorry you're experiencing this issue. Please provide the relevant order details so we can better understand the problem and determine the appropriate next steps.,fallback,"[{""customer_tweet_id"": 348635, ""customer_text"": ""@AmazonHelp Any date?"", ""amazon_reply"": ""@198992 We do not have any update as of now. Hence, kindly wait. ^HR"", ""similarity"": 0.2718546668876213}, {""customer_tweet_id"": 557034, ""customer_text"": ""@AmazonHelp Updated. Check."", ""amazon_reply"": ""@250065 We have sent a correspondence to your registered email account, kindly check. ^MJ"", ""similarity"": 0.260768562702293}, {""customer_tweet_id"": 1737604, ""customer_text"": ""@AmazonHelp Nothing wrong if you do that b4 delivery date and make customers happy. But you have pre coded words like \""Estimated\""."", ""amazon_reply"": ""@524525 I realize that, Dinesh. However, multiple factors lead up to the dates that are provided. I appreciate your patience. ^JC"", ""similarity"": 0.21122996066861122}]","You are evaluating an AI customer-support response.

Do NOT assume that a response is good merely because it resembles a
historical response.

Evaluate whether the candidate response actually addresses the customer's
message and whether its claims are supported by the supplied historical
evidence.

CUSTOMER MESSAGE:
@AmazonHelp My delivery date was just updated to a three day window without explanation. Incredibly frustrating.

HISTORICAL EVIDENCE:
Historical example 1
Similarity: 0.2718546668876213

Customer:
@AmazonHelp Any date?

Amazon reply:
@198992 We do not have any update as of now. Hence, kindly wait. ^HR

Historical example 2
Similarity: 0.260768562702293

Customer:
@AmazonHelp Updated. Check.

Amazon reply:
@250065 We have sent a correspondence to your registered email account, kindly check. ^MJ

Historical example 3
Similarity: 0.21122996066861122

Customer:
@AmazonHelp Nothing wrong if you do that b4 delivery date and make customers happy. But you have pre coded words like ""Estimated"".

Amazon reply:
@524525 I realize that, Dinesh. However, multiple factors lead up to the dates that are provided. I appreciate your patience. ^JC

CANDIDATE:
Generic

CANDIDATE RESPONSE:
I'm sorry you're experiencing this issue. Please provide the relevant order details so we can better understand the problem and determine the appropriate next steps.

ESCALATION DECISION MADE BY THE SYSTEM:
False

ESCALATION REASON:
none


Score each response from 1 to 5 on:

1. helpfulness
   1 = does not help the customer
   3 = somewhat useful
   5 = directly useful and addresses the issue

2. intent_fit
   1 = clearly misunderstands the customer's issue
   3 = partially addresses it
   5 = directly addresses the customer's issue

3. grounding
   1 = unsupported or contradicts the historical evidence
   3 = partly consistent with evidence
   5 = clearly grounded in the historical evidence

4. factual_safety
   1 = invents facts, policies, actions, or guarantees
   3 = mostly safe but somewhat assumptive
   5 = makes no unsupported claims

5. escalation_appropriateness
   1 = escalation decision is clearly inappropriate
   3 = debatable
   5 = clearly appropriate

6. professionalism
   1 = poor/unprofessional
   3 = acceptable
   5 = clear, concise, professional support language

Also provide:

overall_pass:
true only if the response is reasonably helpful, safe, relevant,
and appropriate for the situation.

failure_reason:
A short explanation if overall_pass is false.
Use an empty string if the response passes.


Return ONLY valid JSON in exactly this structure:

{
  ""helpfulness"": 1,
  ""intent_fit"": 1,
  ""grounding"": 1,
  ""factual_safety"": 1,
  ""escalation_appropriateness"": 1,
  ""professionalism"": 1,
  ""overall_pass"": false,
  ""failure_reason"": ""short explanation""
}",,,,,,,,,pending,
1380593,Retrieval,@AmazonHelp My delivery date was just updated to a three day window without explanation. Incredibly frustrating.,delivery_delay,order_status_tracking,0.2223412244042544,yes,False,none,"@198992 We do not have any update as of now. Hence, kindly wait. ^HR",fallback,"[{""customer_tweet_id"": 348635, ""customer_text"": ""@AmazonHelp Any date?"", ""amazon_reply"": ""@198992 We do not have any update as of now. Hence, kindly wait. ^HR"", ""similarity"": 0.2718546668876213}, {""customer_tweet_id"": 557034, ""customer_text"": ""@AmazonHelp Updated. Check."", ""amazon_reply"": ""@250065 We have sent a correspondence to your registered email account, kindly check. ^MJ"", ""similarity"": 0.260768562702293}, {""customer_tweet_id"": 1737604, ""customer_text"": ""@AmazonHelp Nothing wrong if you do that b4 delivery date and make customers happy. But you have pre coded words like \""Estimated\""."", ""amazon_reply"": ""@524525 I realize that, Dinesh. However, multiple factors lead up to the dates that are provided. I appreciate your patience. ^JC"", ""similarity"": 0.21122996066861122}]","You are evaluating an AI customer-support response.

Do NOT assume that a response is good merely because it resembles a
historical response.

Evaluate whether the candidate response actually addresses the customer's
message and whether its claims are supported by the supplied historical
evidence.

CUSTOMER MESSAGE:
@AmazonHelp My delivery date was just updated to a three day window without explanation. Incredibly frustrating.

HISTORICAL EVIDENCE:
Historical example 1
Similarity: 0.2718546668876213

Customer:
@AmazonHelp Any date?

Amazon reply:
@198992 We do not have any update as of now. Hence, kindly wait. ^HR

Historical example 2
Similarity: 0.260768562702293

Customer:
@AmazonHelp Updated. Check.

Amazon reply:
@250065 We have sent a correspondence to your registered email account, kindly check. ^MJ

Historical example 3
Similarity: 0.21122996066861122

Customer:
@AmazonHelp Nothing wrong if you do that b4 delivery date and make customers happy. But you have pre coded words like ""Estimated"".

Amazon reply:
@524525 I realize that, Dinesh. However, multiple factors lead up to the dates that are provided. I appreciate your patience. ^JC

CANDIDATE:
Retrieval

CANDIDATE RESPONSE:
@198992 We do not have any update as of now. Hence, kindly wait. ^HR

ESCALATION DECISION MADE BY THE SYSTEM:
False

ESCALATION REASON:
none


Score each response from 1 to 5 on:

1. helpfulness
   1 = does not help the customer
   3 = somewhat useful
   5 = directly useful and addresses the issue

2. intent_fit
   1 = clearly misunderstands the customer's issue
   3 = partially addresses it
   5 = directly addresses the customer's issue

3. grounding
   1 = unsupported or contradicts the historical evidence
   3 = partly consistent with evidence
   5 = clearly grounded in the historical evidence

4. factual_safety
   1 = invents facts, policies, actions, or guarantees
   3 = mostly safe but somewhat assumptive
   5 = makes no unsupported claims

5. escalation_appropriateness
   1 = escalation decision is clearly inappropriate
   3 = debatable
   5 = clearly appropriate

6. professionalism
   1 = poor/unprofessional
   3 = acceptable
   5 = clear, concise, professional support language

Also provide:

overall_pass:
true only if the response is reasonably helpful, safe, relevant,
and appropriate for the situation.

failure_reason:
A short explanation if overall_pass is false.
Use an empty string if the response passes.


Return ONLY valid JSON in exactly this structure:

{
  ""helpfulness"": 1,
  ""intent_fit"": 1,
  ""grounding"": 1,
  ""factual_safety"": 1,
  ""escalation_appropriateness"": 1,
  ""professionalism"": 1,
  ""overall_pass"": false,
  ""failure_reason"": ""short explanation""
}",,,,,,,,,pending,
1380593,Agent,@AmazonHelp My delivery date was just updated to a three day window without explanation. Incredibly frustrating.,delivery_delay,order_status_tracking,0.2223412244042544,yes,False,none,I can help with your order status. Please check the current tracking information for the latest update on your order.,fallback,"[{""customer_tweet_id"": 348635, ""customer_text"": ""@AmazonHelp Any date?"", ""amazon_reply"": ""@198992 We do not have any update as of now. Hence, kindly wait. ^HR"", ""similarity"": 0.2718546668876213}, {""customer_tweet_id"": 557034, ""customer_text"": ""@AmazonHelp Updated. Check."", ""amazon_reply"": ""@250065 We have sent a correspondence to your registered email account, kindly check. ^MJ"", ""similarity"": 0.260768562702293}, {""customer_tweet_id"": 1737604, ""customer_text"": ""@AmazonHelp Nothing wrong if you do that b4 delivery date and make customers happy. But you have pre coded words like \""Estimated\""."", ""amazon_reply"": ""@524525 I realize that, Dinesh. However, multiple factors lead up to the dates that are provided. I appreciate your patience. ^JC"", ""similarity"": 0.21122996066861122}]","You are evaluating an AI customer-support response.

Do NOT assume that a response is good merely because it resembles a
historical response.

Evaluate whether the candidate response actually addresses the customer's
message and whether its claims are supported by the supplied historical
evidence.

CUSTOMER MESSAGE:
@AmazonHelp My delivery date was just updated to a three day window without explanation. Incredibly frustrating.

HISTORICAL EVIDENCE:
Historical example 1
Similarity: 0.2718546668876213

Customer:
@AmazonHelp Any date?

Amazon reply:
@198992 We do not have any update as of now. Hence, kindly wait. ^HR

Historical example 2
Similarity: 0.260768562702293

Customer:
@AmazonHelp Updated. Check.

Amazon reply:
@250065 We have sent a correspondence to your registered email account, kindly check. ^MJ

Historical example 3
Similarity: 0.21122996066861122

Customer:
@AmazonHelp Nothing wrong if you do that b4 delivery date and make customers happy. But you have pre coded words like ""Estimated"".

Amazon reply:
@524525 I realize that, Dinesh. However, multiple factors lead up to the dates that are provided. I appreciate your patience. ^JC

CANDIDATE:
Agent

CANDIDATE RESPONSE:
I can help with your order status. Please check the current tracking information for the latest update on your order.

ESCALATION DECISION MADE BY THE SYSTEM:
False

ESCALATION REASON:
none


Score each response from 1 to 5 on:

1. helpfulness
   1 = does not help the customer
   3 = somewhat useful
   5 = directly useful and addresses the issue

2. intent_fit
   1 = clearly misunderstands the customer's issue
   3 = partially addresses it
   5 = directly addresses the customer's issue

3. grounding
   1 = unsupported or contradicts the historical evidence
   3 = partly consistent with evidence
   5 = clearly grounded in the historical evidence

4. factual_safety
   1 = invents facts, policies, actions, or guarantees
   3 = mostly safe but somewhat assumptive
   5 = makes no unsupported claims

5. escalation_appropriateness
   1 = escalation decision is clearly inappropriate
   3 = debatable
   5 = clearly appropriate

6. professionalism
   1 = poor/unprofessional
   3 = acceptable
   5 = clear, concise, professional support language

Also provide:

overall_pass:
true only if the response is reasonably helpful, safe, relevant,
and appropriate for the situation.

failure_reason:
A short explanation if overall_pass is false.
Use an empty string if the response passes.


Return ONLY valid JSON in exactly this structure:

{
  ""helpfulness"": 1,
  ""intent_fit"": 1,
  ""grounding"": 1,
  ""factual_safety"": 1,
  ""escalation_appropriateness"": 1,
  ""professionalism"": 1,
  ""overall_pass"": false,
  ""failure_reason"": ""short explanation""
}",,,,,,,,,pending,
2931329,Generic,@AmazonHelp Nope. Like I said they never even knocked. It was royal mail. I did get my usual post and heard the letter box so went and checked to see if there was anything about Amazon but nothing. Used prime to do online Christmas shopping so it would be delivered.,order_status_tracking,delivery_delay,0.2565862693618486,yes,False,none,I'm sorry you're experiencing this issue. Please provide the relevant order details so we can better understand the problem and determine the appropriate next steps.,fallback,"[{""customer_tweet_id"": 1246371, ""customer_text"": ""@115821 Very very fraud, \nOnline shopping &amp; online payment \nEven not received the product \n402-9266837-9705148\nPayment done online too"", ""amazon_reply"": ""@415450 Please don't provide your order details, we consider it to be personal information. Our page is visible to public.(2/2)^RI"", ""similarity"": 0.20268419039275853}, {""customer_tweet_id"": 1226571, ""customer_text"": ""@AmazonHelp I already did that. Got a revert on mail but not on call."", ""amazon_reply"": ""@404398 Please write back to the email you've received from our team, requesting for a call back and we'll get back to you. ^SQ"", ""similarity"": 0.1807316272268524}, {""customer_tweet_id"": 1302289, ""customer_text"": ""@AmazonHelp We have community mailboxes, I was given a key for a parcel box, indicating my parcel was delivered, but there was nothing in the box."", ""amazon_reply"": ""@340283 That is interesting! Have you tired contacting us via phone or chat? If so what options where you provided? ^LS"", ""similarity"": 0.1449602813291294}]","You are evaluating an AI customer-support response.

Do NOT assume that a response is good merely because it resembles a
historical response.

Evaluate whether the candidate response actually addresses the customer's
message and whether its claims are supported by the supplied historical
evidence.

CUSTOMER MESSAGE:
@AmazonHelp Nope. Like I said they never even knocked. It was royal mail. I did get my usual post and heard the letter box so went and checked to see if there was anything about Amazon but nothing. Used prime to do online Christmas shopping so it would be delivered.

HISTORICAL EVIDENCE:
Historical example 1
Similarity: 0.20268419039275853

Customer:
@115821 Very very fraud, 
Online shopping &amp; online payment 
Even not received the product 
402-9266837-9705148
Payment done online too

Amazon reply:
@415450 Please don't provide your order details, we consider it to be personal information. Our page is visible to public.(2/2)^RI

Historical example 2
Similarity: 0.1807316272268524

Customer:
@AmazonHelp I already did that. Got a revert on mail but not on call.

Amazon reply:
@404398 Please write back to the email you've received from our team, requesting for a call back and we'll get back to you. ^SQ

Historical example 3
Similarity: 0.1449602813291294

Customer:
@AmazonHelp We have community mailboxes, I was given a key for a parcel box, indicating my parcel was delivered, but there was nothing in the box.

Amazon reply:
@340283 That is interesting! Have you tired contacting us via phone or chat? If so what options where you provided? ^LS

CANDIDATE:
Generic

CANDIDATE RESPONSE:
I'm sorry you're experiencing this issue. Please provide the relevant order details so we can better understand the problem and determine the appropriate next steps.

ESCALATION DECISION MADE BY THE SYSTEM:
False

ESCALATION REASON:
none


Score each response from 1 to 5 on:

1. helpfulness
   1 = does not help the customer
   3 = somewhat useful
   5 = directly useful and addresses the issue

2. intent_fit
   1 = clearly misunderstands the customer's issue
   3 = partially addresses it
   5 = directly addresses the customer's issue

3. grounding
   1 = unsupported or contradicts the historical evidence
   3 = partly consistent with evidence
   5 = clearly grounded in the historical evidence

4. factual_safety
   1 = invents facts, policies, actions, or guarantees
   3 = mostly safe but somewhat assumptive
   5 = makes no unsupported claims

5. escalation_appropriateness
   1 = escalation decision is clearly inappropriate
   3 = debatable
   5 = clearly appropriate

6. professionalism
   1 = poor/unprofessional
   3 = acceptable
   5 = clear, concise, professional support language

Also provide:

overall_pass:
true only if the response is reasonably helpful, safe, relevant,
and appropriate for the situation.

failure_reason:
A short explanation if overall_pass is false.
Use an empty string if the response passes.


Return ONLY valid JSON in exactly this structure:

{
  ""helpfulness"": 1,
  ""intent_fit"": 1,
  ""grounding"": 1,
  ""factual_safety"": 1,
  ""escalation_appropriateness"": 1,
  ""professionalism"": 1,
  ""overall_pass"": false,
  ""failure_reason"": ""short explanation""
}",,,,,,,,,pending,
2931329,Retrieval,@AmazonHelp Nope. Like I said they never even knocked. It was royal mail. I did get my usual post and heard the letter box so went and checked to see if there was anything about Amazon but nothing. Used prime to do online Christmas shopping so it would be delivered.,order_status_tracking,delivery_delay,0.2565862693618486,yes,False,none,"@415450 Please don't provide your order details, we consider it to be personal information. Our page is visible to public.(2/2)^RI",fallback,"[{""customer_tweet_id"": 1246371, ""customer_text"": ""@115821 Very very fraud, \nOnline shopping &amp; online payment \nEven not received the product \n402-9266837-9705148\nPayment done online too"", ""amazon_reply"": ""@415450 Please don't provide your order details, we consider it to be personal information. Our page is visible to public.(2/2)^RI"", ""similarity"": 0.20268419039275853}, {""customer_tweet_id"": 1226571, ""customer_text"": ""@AmazonHelp I already did that. Got a revert on mail but not on call."", ""amazon_reply"": ""@404398 Please write back to the email you've received from our team, requesting for a call back and we'll get back to you. ^SQ"", ""similarity"": 0.1807316272268524}, {""customer_tweet_id"": 1302289, ""customer_text"": ""@AmazonHelp We have community mailboxes, I was given a key for a parcel box, indicating my parcel was delivered, but there was nothing in the box."", ""amazon_reply"": ""@340283 That is interesting! Have you tired contacting us via phone or chat? If so what options where you provided? ^LS"", ""similarity"": 0.1449602813291294}]","You are evaluating an AI customer-support response.

Do NOT assume that a response is good merely because it resembles a
historical response.

Evaluate whether the candidate response actually addresses the customer's
message and whether its claims are supported by the supplied historical
evidence.

CUSTOMER MESSAGE:
@AmazonHelp Nope. Like I said they never even knocked. It was royal mail. I did get my usual post and heard the letter box so went and checked to see if there was anything about Amazon but nothing. Used prime to do online Christmas shopping so it would be delivered.

HISTORICAL EVIDENCE:
Historical example 1
Similarity: 0.20268419039275853

Customer:
@115821 Very very fraud, 
Online shopping &amp; online payment 
Even not received the product 
402-9266837-9705148
Payment done online too

Amazon reply:
@415450 Please don't provide your order details, we consider it to be personal information. Our page is visible to public.(2/2)^RI

Historical example 2
Similarity: 0.1807316272268524

Customer:
@AmazonHelp I already did that. Got a revert on mail but not on call.

Amazon reply:
@404398 Please write back to the email you've received from our team, requesting for a call back and we'll get back to you. ^SQ

Historical example 3
Similarity: 0.1449602813291294

Customer:
@AmazonHelp We have community mailboxes, I was given a key for a parcel box, indicating my parcel was delivered, but there was nothing in the box.

Amazon reply:
@340283 That is interesting! Have you tired contacting us via phone or chat? If so what options where you provided? ^LS

CANDIDATE:
Retrieval

CANDIDATE RESPONSE:
@415450 Please don't provide your order details, we consider it to be personal information. Our page is visible to public.(2/2)^RI

ESCALATION DECISION MADE BY THE SYSTEM:
False

ESCALATION REASON:
none


Score each response from 1 to 5 on:

1. helpfulness
   1 = does not help the customer
   3 = somewhat useful
   5 = directly useful and addresses the issue

2. intent_fit
   1 = clearly misunderstands the customer's issue
   3 = partially addresses it
   5 = directly addresses the customer's issue

3. grounding
   1 = unsupported or contradicts the historical evidence
   3 = partly consistent with evidence
   5 = clearly grounded in the historical evidence

4. factual_safety
   1 = invents facts, policies, actions, or guarantees
   3 = mostly safe but somewhat assumptive
   5 = makes no unsupported claims

5. escalation_appropriateness
   1 = escalation decision is clearly inappropriate
   3 = debatable
   5 = clearly appropriate

6. professionalism
   1 = poor/unprofessional
   3 = acceptable
   5 = clear, concise, professional support language

Also provide:

overall_pass:
true only if the response is reasonably helpful, safe, relevant,
and appropriate for the situation.

failure_reason:
A short explanation if overall_pass is false.
Use an empty string if the response passes.


Return ONLY valid JSON in exactly this structure:

{
  ""helpfulness"": 1,
  ""intent_fit"": 1,
  ""grounding"": 1,
  ""factual_safety"": 1,
  ""escalation_appropriateness"": 1,
  ""professionalism"": 1,
  ""overall_pass"": false,
  ""failure_reason"": ""short explanation""
}",,,,,,,,,pending,
2931329,Agent,@AmazonHelp Nope. Like I said they never even knocked. It was royal mail. I did get my usual post and heard the letter box so went and checked to see if there was anything about Amazon but nothing. Used prime to do online Christmas shopping so it would be delivered.,order_status_tracking,delivery_delay,0.2565862693618486,yes,False,none,I'm sorry your package is delayed. Please check the current tracking status of your order for the latest delivery information.,fallback,"[{""customer_tweet_id"": 1246371, ""customer_text"": ""@115821 Very very fraud, \nOnline shopping &amp; online payment \nEven not received the product \n402-9266837-9705148\nPayment done online too"", ""amazon_reply"": ""@415450 Please don't provide your order details, we consider it to be personal information. Our page is visible to public.(2/2)^RI"", ""similarity"": 0.20268419039275853}, {""customer_tweet_id"": 1226571, ""customer_text"": ""@AmazonHelp I already did that. Got a revert on mail but not on call."", ""amazon_reply"": ""@404398 Please write back to the email you've received from our team, requesting for a call back and we'll get back to you. ^SQ"", ""similarity"": 0.1807316272268524}, {""customer_tweet_id"": 1302289, ""customer_text"": ""@AmazonHelp We have community mailboxes, I was given a key for a parcel box, indicating my parcel was delivered, but there was nothing in the box."", ""amazon_reply"": ""@340283 That is interesting! Have you tired contacting us via phone or chat? If so what options where you provided? ^LS"", ""similarity"": 0.1449602813291294}]","You are evaluating an AI customer-support response.

Do NOT assume that a response is good merely because it resembles a
historical response.

Evaluate whether the candidate response actually addresses the customer's
message and whether its claims are supported by the supplied historical
evidence.

CUSTOMER MESSAGE:
@AmazonHelp Nope. Like I said they never even knocked. It was royal mail. I did get my usual post and heard the letter box so went and checked to see if there was anything about Amazon but nothing. Used prime to do online Christmas shopping so it would be delivered.

HISTORICAL EVIDENCE:
Historical example 1
Similarity: 0.20268419039275853

Customer:
@115821 Very very fraud, 
Online shopping &amp; online payment 
Even not received the product 
402-9266837-9705148
Payment done online too

Amazon reply:
@415450 Please don't provide your order details, we consider it to be personal information. Our page is visible to public.(2/2)^RI

Historical example 2
Similarity: 0.1807316272268524

Customer:
@AmazonHelp I already did that. Got a revert on mail but not on call.

Amazon reply:
@404398 Please write back to the email you've received from our team, requesting for a call back and we'll get back to you. ^SQ

Historical example 3
Similarity: 0.1449602813291294

Customer:
@AmazonHelp We have community mailboxes, I was given a key for a parcel box, indicating my parcel was delivered, but there was nothing in the box.

Amazon reply:
@340283 That is interesting! Have you tired contacting us via phone or chat? If so what options where you provided? ^LS

CANDIDATE:
Agent

CANDIDATE RESPONSE:
I'm sorry your package is delayed. Please check the current tracking status of your order for the latest delivery information.

ESCALATION DECISION MADE BY THE SYSTEM:
False

ESCALATION REASON:
none


Score each response from 1 to 5 on:

1. helpfulness
   1 = does not help the customer
   3 = somewhat useful
   5 = directly useful and addresses the issue

2. intent_fit
   1 = clearly misunderstands the customer's issue
   3 = partially addresses it
   5 = directly addresses the customer's issue

3. grounding
   1 = unsupported or contradicts the historical evidence
   3 = partly consistent with evidence
   5 = clearly grounded in the historical evidence

4. factual_safety
   1 = invents facts, policies, actions, or guarantees
   3 = mostly safe but somewhat assumptive
   5 = makes no unsupported claims

5. escalation_appropriateness
   1 = escalation decision is clearly inappropriate
   3 = debatable
   5 = clearly appropriate

6. professionalism
   1 = poor/unprofessional
   3 = acceptable
   5 = clear, concise, professional support language

Also provide:

overall_pass:
true only if the response is reasonably helpful, safe, relevant,
and appropriate for the situation.

failure_reason:
A short explanation if overall_pass is false.
Use an empty string if the response passes.


Return ONLY valid JSON in exactly this structure:

{
  ""helpfulness"": 1,
  ""intent_fit"": 1,
  ""grounding"": 1,
  ""factual_safety"": 1,
  ""escalation_appropriateness"": 1,
  ""professionalism"": 1,
  ""overall_pass"": false,
  ""failure_reason"": ""short explanation""
}",,,,,,,,,pending,
1179698,Generic,Hey @115821 your delivery guy decided to leave the boxes for the entire building in our office.  Guess I'm the delivery guy now? https://t.co/zwSWiN8Nc8,order_status_tracking,delivery_delay,0.2506455611969437,yes,False,none,I'm sorry you're experiencing this issue. Please provide the relevant order details so we can better understand the problem and determine the appropriate next steps.,fallback,"[{""customer_tweet_id"": 991010, ""customer_text"": ""@AmazonHelp ur delivery guy didn't call me &amp; I received a message saying I was not contactable!! Every time u prove u don't care abt custmr"", ""amazon_reply"": ""@184637 Sorry to know that, please connect with us here: https://t.co/TdDksLo6Mf and we'll check this out for you. ^MS"", ""similarity"": 0.24823364328434006}, {""customer_tweet_id"": 2460278, ""customer_text"": ""Hey @115821 I'd appreciate it if you would cancel my order for me😅😅😅😅😅😅😅"", ""amazon_reply"": ""@704512 Thanks for reaching out to us! We don't have access to your account via Twitter. Please check here for returns/refunds: https://t.co/WYHOlCv0Ty ^MO"", ""similarity"": 0.18726201296359563}, {""customer_tweet_id"": 480488, ""customer_text"": ""Hey @115821, please explain why I am paying for Prime’s 2 day shipping when I am getting 5 day shipping #Amazon https://t.co/d2STAEeAnA"", ""amazon_reply"": ""@229189 Hello MJ, sorry you have not received your order. We'd like to assist! What was the delivery date provided in your order confirmation email? ^TE"", ""similarity"": 0.11109075412076637}]","You are evaluating an AI customer-support response.

Do NOT assume that a response is good merely because it resembles a
historical response.

Evaluate whether the candidate response actually addresses the customer's
message and whether its claims are supported by the supplied historical
evidence.

CUSTOMER MESSAGE:
Hey @115821 your delivery guy decided to leave the boxes for the entire building in our office.  Guess I'm the delivery guy now? https://t.co/zwSWiN8Nc8

HISTORICAL EVIDENCE:
Historical example 1
Similarity: 0.24823364328434006

Customer:
@AmazonHelp ur delivery guy didn't call me &amp; I received a message saying I was not contactable!! Every time u prove u don't care abt custmr

Amazon reply:
@184637 Sorry to know that, please connect with us here: https://t.co/TdDksLo6Mf and we'll check this out for you. ^MS

Historical example 2
Similarity: 0.18726201296359563

Customer:
Hey @115821 I'd appreciate it if you would cancel my order for me😅😅😅😅😅😅😅

Amazon reply:
@704512 Thanks for reaching out to us! We don't have access to your account via Twitter. Please check here for returns/refunds: https://t.co/WYHOlCv0Ty ^MO

Historical example 3
Similarity: 0.11109075412076637

Customer:
Hey @115821, please explain why I am paying for Prime’s 2 day shipping when I am getting 5 day shipping #Amazon https://t.co/d2STAEeAnA

Amazon reply:
@229189 Hello MJ, sorry you have not received your order. We'd like to assist! What was the delivery date provided in your order confirmation email? ^TE

CANDIDATE:
Generic

CANDIDATE RESPONSE:
I'm sorry you're experiencing this issue. Please provide the relevant order details so we can better understand the problem and determine the appropriate next steps.

ESCALATION DECISION MADE BY THE SYSTEM:
False

ESCALATION REASON:
none


Score each response from 1 to 5 on:

1. helpfulness
   1 = does not help the customer
   3 = somewhat useful
   5 = directly useful and addresses the issue

2. intent_fit
   1 = clearly misunderstands the customer's issue
   3 = partially addresses it
   5 = directly addresses the customer's issue

3. grounding
   1 = unsupported or contradicts the historical evidence
   3 = partly consistent with evidence
   5 = clearly grounded in the historical evidence

4. factual_safety
   1 = invents facts, policies, actions, or guarantees
   3 = mostly safe but somewhat assumptive
   5 = makes no unsupported claims

5. escalation_appropriateness
   1 = escalation decision is clearly inappropriate
   3 = debatable
   5 = clearly appropriate

6. professionalism
   1 = poor/unprofessional
   3 = acceptable
   5 = clear, concise, professional support language

Also provide:

overall_pass:
true only if the response is reasonably helpful, safe, relevant,
and appropriate for the situation.

failure_reason:
A short explanation if overall_pass is false.
Use an empty string if the response passes.


Return ONLY valid JSON in exactly this structure:

{
  ""helpfulness"": 1,
  ""intent_fit"": 1,
  ""grounding"": 1,
  ""factual_safety"": 1,
  ""escalation_appropriateness"": 1,
  ""professionalism"": 1,
  ""overall_pass"": false,
  ""failure_reason"": ""short explanation""
}",,,,,,,,,pending,
1179698,Retrieval,Hey @115821 your delivery guy decided to leave the boxes for the entire building in our office.  Guess I'm the delivery guy now? https://t.co/zwSWiN8Nc8,order_status_tracking,delivery_delay,0.2506455611969437,yes,False,none,"@184637 Sorry to know that, please connect with us here: https://t.co/TdDksLo6Mf and we'll check this out for you. ^MS",fallback,"[{""customer_tweet_id"": 991010, ""customer_text"": ""@AmazonHelp ur delivery guy didn't call me &amp; I received a message saying I was not contactable!! Every time u prove u don't care abt custmr"", ""amazon_reply"": ""@184637 Sorry to know that, please connect with us here: https://t.co/TdDksLo6Mf and we'll check this out for you. ^MS"", ""similarity"": 0.24823364328434006}, {""customer_tweet_id"": 2460278, ""customer_text"": ""Hey @115821 I'd appreciate it if you would cancel my order for me😅😅😅😅😅😅😅"", ""amazon_reply"": ""@704512 Thanks for reaching out to us! We don't have access to your account via Twitter. Please check here for returns/refunds: https://t.co/WYHOlCv0Ty ^MO"", ""similarity"": 0.18726201296359563}, {""customer_tweet_id"": 480488, ""customer_text"": ""Hey @115821, please explain why I am paying for Prime’s 2 day shipping when I am getting 5 day shipping #Amazon https://t.co/d2STAEeAnA"", ""amazon_reply"": ""@229189 Hello MJ, sorry you have not received your order. We'd like to assist! What was the delivery date provided in your order confirmation email? ^TE"", ""similarity"": 0.11109075412076637}]","You are evaluating an AI customer-support response.

Do NOT assume that a response is good merely because it resembles a
historical response.

Evaluate whether the candidate response actually addresses the customer's
message and whether its claims are supported by the supplied historical
evidence.

CUSTOMER MESSAGE:
Hey @115821 your delivery guy decided to leave the boxes for the entire building in our office.  Guess I'm the delivery guy now? https://t.co/zwSWiN8Nc8

HISTORICAL EVIDENCE:
Historical example 1
Similarity: 0.24823364328434006

Customer:
@AmazonHelp ur delivery guy didn't call me &amp; I received a message saying I was not contactable!! Every time u prove u don't care abt custmr

Amazon reply:
@184637 Sorry to know that, please connect with us here: https://t.co/TdDksLo6Mf and we'll check this out for you. ^MS

Historical example 2
Similarity: 0.18726201296359563

Customer:
Hey @115821 I'd appreciate it if you would cancel my order for me😅😅😅😅😅😅😅

Amazon reply:
@704512 Thanks for reaching out to us! We don't have access to your account via Twitter. Please check here for returns/refunds: https://t.co/WYHOlCv0Ty ^MO

Historical example 3
Similarity: 0.11109075412076637

Customer:
Hey @115821, please explain why I am paying for Prime’s 2 day shipping when I am getting 5 day shipping #Amazon https://t.co/d2STAEeAnA

Amazon reply:
@229189 Hello MJ, sorry you have not received your order. We'd like to assist! What was the delivery date provided in your order confirmation email? ^TE

CANDIDATE:
Retrieval

CANDIDATE RESPONSE:
@184637 Sorry to know that, please connect with us here: https://t.co/TdDksLo6Mf and we'll check this out for you. ^MS

ESCALATION DECISION MADE BY THE SYSTEM:
False

ESCALATION REASON:
none


Score each response from 1 to 5 on:

1. helpfulness
   1 = does not help the customer
   3 = somewhat useful
   5 = directly useful and addresses the issue

2. intent_fit
   1 = clearly misunderstands the customer's issue
   3 = partially addresses it
   5 = directly addresses the customer's issue

3. grounding
   1 = unsupported or contradicts the historical evidence
   3 = partly consistent with evidence
   5 = clearly grounded in the historical evidence

4. factual_safety
   1 = invents facts, policies, actions, or guarantees
   3 = mostly safe but somewhat assumptive
   5 = makes no unsupported claims

5. escalation_appropriateness
   1 = escalation decision is clearly inappropriate
   3 = debatable
   5 = clearly appropriate

6. professionalism
   1 = poor/unprofessional
   3 = acceptable
   5 = clear, concise, professional support language

Also provide:

overall_pass:
true only if the response is reasonably helpful, safe, relevant,
and appropriate for the situation.

failure_reason:
A short explanation if overall_pass is false.
Use an empty string if the response passes.


Return ONLY valid JSON in exactly this structure:

{
  ""helpfulness"": 1,
  ""intent_fit"": 1,
  ""grounding"": 1,
  ""factual_safety"": 1,
  ""escalation_appropriateness"": 1,
  ""professionalism"": 1,
  ""overall_pass"": false,
  ""failure_reason"": ""short explanation""
}",,,,,,,,,pending,
1179698,Agent,Hey @115821 your delivery guy decided to leave the boxes for the entire building in our office.  Guess I'm the delivery guy now? https://t.co/zwSWiN8Nc8,order_status_tracking,delivery_delay,0.2506455611969437,yes,False,none,I'm sorry your package is delayed. Please check the current tracking status of your order for the latest delivery information.,fallback,"[{""customer_tweet_id"": 991010, ""customer_text"": ""@AmazonHelp ur delivery guy didn't call me &amp; I received a message saying I was not contactable!! Every time u prove u don't care abt custmr"", ""amazon_reply"": ""@184637 Sorry to know that, please connect with us here: https://t.co/TdDksLo6Mf and we'll check this out for you. ^MS"", ""similarity"": 0.24823364328434006}, {""customer_tweet_id"": 2460278, ""customer_text"": ""Hey @115821 I'd appreciate it if you would cancel my order for me😅😅😅😅😅😅😅"", ""amazon_reply"": ""@704512 Thanks for reaching out to us! We don't have access to your account via Twitter. Please check here for returns/refunds: https://t.co/WYHOlCv0Ty ^MO"", ""similarity"": 0.18726201296359563}, {""customer_tweet_id"": 480488, ""customer_text"": ""Hey @115821, please explain why I am paying for Prime’s 2 day shipping when I am getting 5 day shipping #Amazon https://t.co/d2STAEeAnA"", ""amazon_reply"": ""@229189 Hello MJ, sorry you have not received your order. We'd like to assist! What was the delivery date provided in your order confirmation email? ^TE"", ""similarity"": 0.11109075412076637}]","You are evaluating an AI customer-support response.

Do NOT assume that a response is good merely because it resembles a
historical response.

Evaluate whether the candidate response actually addresses the customer's
message and whether its claims are supported by the supplied historical
evidence.

CUSTOMER MESSAGE:
Hey @115821 your delivery guy decided to leave the boxes for the entire building in our office.  Guess I'm the delivery guy now? https://t.co/zwSWiN8Nc8

HISTORICAL EVIDENCE:
Historical example 1
Similarity: 0.24823364328434006

Customer:
@AmazonHelp ur delivery guy didn't call me &amp; I received a message saying I was not contactable!! Every time u prove u don't care abt custmr

Amazon reply:
@184637 Sorry to know that, please connect with us here: https://t.co/TdDksLo6Mf and we'll check this out for you. ^MS

Historical example 2
Similarity: 0.18726201296359563

Customer:
Hey @115821 I'd appreciate it if you would cancel my order for me😅😅😅😅😅😅😅

Amazon reply:
@704512 Thanks for reaching out to us! We don't have access to your account via Twitter. Please check here for returns/refunds: https://t.co/WYHOlCv0Ty ^MO

Historical example 3
Similarity: 0.11109075412076637

Customer:
Hey @115821, please explain why I am paying for Prime’s 2 day shipping when I am getting 5 day shipping #Amazon https://t.co/d2STAEeAnA

Amazon reply:
@229189 Hello MJ, sorry you have not received your order. We'd like to assist! What was the delivery date provided in your order confirmation email? ^TE

CANDIDATE:
Agent

CANDIDATE RESPONSE:
I'm sorry your package is delayed. Please check the current tracking status of your order for the latest delivery information.

ESCALATION DECISION MADE BY THE SYSTEM:
False

ESCALATION REASON:
none


Score each response from 1 to 5 on:

1. helpfulness
   1 = does not help the customer
   3 = somewhat useful
   5 = directly useful and addresses the issue

2. intent_fit
   1 = clearly misunderstands the customer's issue
   3 = partially addresses it
   5 = directly addresses the customer's issue

3. grounding
   1 = unsupported or contradicts the historical evidence
   3 = partly consistent with evidence
   5 = clearly grounded in the historical evidence

4. factual_safety
   1 = invents facts, policies, actions, or guarantees
   3 = mostly safe but somewhat assumptive
   5 = makes no unsupported claims

5. escalation_appropriateness
   1 = escalation decision is clearly inappropriate
   3 = debatable
   5 = clearly appropriate

6. professionalism
   1 = poor/unprofessional
   3 = acceptable
   5 = clear, concise, professional support language

Also provide:

overall_pass:
true only if the response is reasonably helpful, safe, relevant,
and appropriate for the situation.

failure_reason:
A short explanation if overall_pass is false.
Use an empty string if the response passes.


Return ONLY valid JSON in exactly this structure:

{
  ""helpfulness"": 1,
  ""intent_fit"": 1,
  ""grounding"": 1,
  ""factual_safety"": 1,
  ""escalation_appropriateness"": 1,
  ""professionalism"": 1,
  ""overall_pass"": false,
  ""failure_reason"": ""short explanation""
}",,,,,,,,,pending,
1249443,Generic,@AmazonHelp Friday 10/27,other_general,other_general,0.1741254969751779,no,True,low_intent_confidence,I'm sorry you're experiencing this issue. Please provide the relevant order details so we can better understand the problem and determine the appropriate next steps.,fallback,"[{""customer_tweet_id"": 45525, ""customer_text"": ""@AmazonHelp Yep. Original estimate 27 October. New estimate 31 October. It's been 'in transit' since Friday...."", ""amazon_reply"": ""@126077 We'd like to take a closer look at the delivery with you. When you have a moment, contact us here: https://t.co/JzP7hlA23B ^RA"", ""similarity"": 0.2140903357863741}, {""customer_tweet_id"": 65899, ""customer_text"": ""@AmazonHelp Done"", ""amazon_reply"": ""@131073 Please write to us via DM with your concern and we'll be glad to assist you with this right away. ^BV"", ""similarity"": 0.1596268771582431}, {""customer_tweet_id"": 20449, ""customer_text"": ""@AmazonHelp I am already still awaiting since 12.10.2017 for your solution. But no any satisfied resolution provide from Amazon side."", ""amazon_reply"": ""@120469 Apologies for the ordeal Kaushal. Please share your details here: https://t.co/GIJyeYqKE0 and I'll get back to you. ^HN"", ""similarity"": 0.13619365851113366}]","You are evaluating an AI customer-support response.

Do NOT assume that a response is good merely because it resembles a
historical response.

Evaluate whether the candidate response actually addresses the customer's
message and whether its claims are supported by the supplied historical
evidence.

CUSTOMER MESSAGE:
@AmazonHelp Friday 10/27

HISTORICAL EVIDENCE:
Historical example 1
Similarity: 0.2140903357863741

Customer:
@AmazonHelp Yep. Original estimate 27 October. New estimate 31 October. It's been 'in transit' since Friday....

Amazon reply:
@126077 We'd like to take a closer look at the delivery with you. When you have a moment, contact us here: https://t.co/JzP7hlA23B ^RA

Historical example 2
Similarity: 0.1596268771582431

Customer:
@AmazonHelp Done

Amazon reply:
@131073 Please write to us via DM with your concern and we'll be glad to assist you with this right away. ^BV

Historical example 3
Similarity: 0.13619365851113366

Customer:
@AmazonHelp I am already still awaiting since 12.10.2017 for your solution. But no any satisfied resolution provide from Amazon side.

Amazon reply:
@120469 Apologies for the ordeal Kaushal. Please share your details here: https://t.co/GIJyeYqKE0 and I'll get back to you. ^HN

CANDIDATE:
Generic

CANDIDATE RESPONSE:
I'm sorry you're experiencing this issue. Please provide the relevant order details so we can better understand the problem and determine the appropriate next steps.

ESCALATION DECISION MADE BY THE SYSTEM:
True

ESCALATION REASON:
low_intent_confidence


Score each response from 1 to 5 on:

1. helpfulness
   1 = does not help the customer
   3 = somewhat useful
   5 = directly useful and addresses the issue

2. intent_fit
   1 = clearly misunderstands the customer's issue
   3 = partially addresses it
   5 = directly addresses the customer's issue

3. grounding
   1 = unsupported or contradicts the historical evidence
   3 = partly consistent with evidence
   5 = clearly grounded in the historical evidence

4. factual_safety
   1 = invents facts, policies, actions, or guarantees
   3 = mostly safe but somewhat assumptive
   5 = makes no unsupported claims

5. escalation_appropriateness
   1 = escalation decision is clearly inappropriate
   3 = debatable
   5 = clearly appropriate

6. professionalism
   1 = poor/unprofessional
   3 = acceptable
   5 = clear, concise, professional support language

Also provide:

overall_pass:
true only if the response is reasonably helpful, safe, relevant,
and appropriate for the situation.

failure_reason:
A short explanation if overall_pass is false.
Use an empty string if the response passes.


Return ONLY valid JSON in exactly this structure:

{
  ""helpfulness"": 1,
  ""intent_fit"": 1,
  ""grounding"": 1,
  ""factual_safety"": 1,
  ""escalation_appropriateness"": 1,
  ""professionalism"": 1,
  ""overall_pass"": false,
  ""failure_reason"": ""short explanation""
}",,,,,,,,,pending,
1249443,Retrieval,@AmazonHelp Friday 10/27,other_general,other_general,0.1741254969751779,no,True,low_intent_confidence,"@126077 We'd like to take a closer look at the delivery with you. When you have a moment, contact us here: https://t.co/JzP7hlA23B ^RA",fallback,"[{""customer_tweet_id"": 45525, ""customer_text"": ""@AmazonHelp Yep. Original estimate 27 October. New estimate 31 October. It's been 'in transit' since Friday...."", ""amazon_reply"": ""@126077 We'd like to take a closer look at the delivery with you. When you have a moment, contact us here: https://t.co/JzP7hlA23B ^RA"", ""similarity"": 0.2140903357863741}, {""customer_tweet_id"": 65899, ""customer_text"": ""@AmazonHelp Done"", ""amazon_reply"": ""@131073 Please write to us via DM with your concern and we'll be glad to assist you with this right away. ^BV"", ""similarity"": 0.1596268771582431}, {""customer_tweet_id"": 20449, ""customer_text"": ""@AmazonHelp I am already still awaiting since 12.10.2017 for your solution. But no any satisfied resolution provide from Amazon side."", ""amazon_reply"": ""@120469 Apologies for the ordeal Kaushal. Please share your details here: https://t.co/GIJyeYqKE0 and I'll get back to you. ^HN"", ""similarity"": 0.13619365851113366}]","You are evaluating an AI customer-support response.

Do NOT assume that a response is good merely because it resembles a
historical response.

Evaluate whether the candidate response actually addresses the customer's
message and whether its claims are supported by the supplied historical
evidence.

CUSTOMER MESSAGE:
@AmazonHelp Friday 10/27

HISTORICAL EVIDENCE:
Historical example 1
Similarity: 0.2140903357863741

Customer:
@AmazonHelp Yep. Original estimate 27 October. New estimate 31 October. It's been 'in transit' since Friday....

Amazon reply:
@126077 We'd like to take a closer look at the delivery with you. When you have a moment, contact us here: https://t.co/JzP7hlA23B ^RA

Historical example 2
Similarity: 0.1596268771582431

Customer:
@AmazonHelp Done

Amazon reply:
@131073 Please write to us via DM with your concern and we'll be glad to assist you with this right away. ^BV

Historical example 3
Similarity: 0.13619365851113366

Customer:
@AmazonHelp I am already still awaiting since 12.10.2017 for your solution. But no any satisfied resolution provide from Amazon side.

Amazon reply:
@120469 Apologies for the ordeal Kaushal. Please share your details here: https://t.co/GIJyeYqKE0 and I'll get back to you. ^HN

CANDIDATE:
Retrieval

CANDIDATE RESPONSE:
@126077 We'd like to take a closer look at the delivery with you. When you have a moment, contact us here: https://t.co/JzP7hlA23B ^RA

ESCALATION DECISION MADE BY THE SYSTEM:
True

ESCALATION REASON:
low_intent_confidence


Score each response from 1 to 5 on:

1. helpfulness
   1 = does not help the customer
   3 = somewhat useful
   5 = directly useful and addresses the issue

2. intent_fit
   1 = clearly misunderstands the customer's issue
   3 = partially addresses it
   5 = directly addresses the customer's issue

3. grounding
   1 = unsupported or contradicts the historical evidence
   3 = partly consistent with evidence
   5 = clearly grounded in the historical evidence

4. factual_safety
   1 = invents facts, policies, actions, or guarantees
   3 = mostly safe but somewhat assumptive
   5 = makes no unsupported claims

5. escalation_appropriateness
   1 = escalation decision is clearly inappropriate
   3 = debatable
   5 = clearly appropriate

6. professionalism
   1 = poor/unprofessional
   3 = acceptable
   5 = clear, concise, professional support language

Also provide:

overall_pass:
true only if the response is reasonably helpful, safe, relevant,
and appropriate for the situation.

failure_reason:
A short explanation if overall_pass is false.
Use an empty string if the response passes.


Return ONLY valid JSON in exactly this structure:

{
  ""helpfulness"": 1,
  ""intent_fit"": 1,
  ""grounding"": 1,
  ""factual_safety"": 1,
  ""escalation_appropriateness"": 1,
  ""professionalism"": 1,
  ""overall_pass"": false,
  ""failure_reason"": ""short explanation""
}",,,,,,,,,pending,
1249443,Agent,@AmazonHelp Friday 10/27,other_general,other_general,0.1741254969751779,no,True,low_intent_confidence,I'm sorry you're experiencing this issue. I've identified that this case should be reviewed by a human support agent. A support agent can review the order details and help with the next steps.,fallback,"[{""customer_tweet_id"": 45525, ""customer_text"": ""@AmazonHelp Yep. Original estimate 27 October. New estimate 31 October. It's been 'in transit' since Friday...."", ""amazon_reply"": ""@126077 We'd like to take a closer look at the delivery with you. When you have a moment, contact us here: https://t.co/JzP7hlA23B ^RA"", ""similarity"": 0.2140903357863741}, {""customer_tweet_id"": 65899, ""customer_text"": ""@AmazonHelp Done"", ""amazon_reply"": ""@131073 Please write to us via DM with your concern and we'll be glad to assist you with this right away. ^BV"", ""similarity"": 0.1596268771582431}, {""customer_tweet_id"": 20449, ""customer_text"": ""@AmazonHelp I am already still awaiting since 12.10.2017 for your solution. But no any satisfied resolution provide from Amazon side."", ""amazon_reply"": ""@120469 Apologies for the ordeal Kaushal. Please share your details here: https://t.co/GIJyeYqKE0 and I'll get back to you. ^HN"", ""similarity"": 0.13619365851113366}]","You are evaluating an AI customer-support response.

Do NOT assume that a response is good merely because it resembles a
historical response.

Evaluate whether the candidate response actually addresses the customer's
message and whether its claims are supported by the supplied historical
evidence.

CUSTOMER MESSAGE:
@AmazonHelp Friday 10/27

HISTORICAL EVIDENCE:
Historical example 1
Similarity: 0.2140903357863741

Customer:
@AmazonHelp Yep. Original estimate 27 October. New estimate 31 October. It's been 'in transit' since Friday....

Amazon reply:
@126077 We'd like to take a closer look at the delivery with you. When you have a moment, contact us here: https://t.co/JzP7hlA23B ^RA

Historical example 2
Similarity: 0.1596268771582431

Customer:
@AmazonHelp Done

Amazon reply:
@131073 Please write to us via DM with your concern and we'll be glad to assist you with this right away. ^BV

Historical example 3
Similarity: 0.13619365851113366

Customer:
@AmazonHelp I am already still awaiting since 12.10.2017 for your solution. But no any satisfied resolution provide from Amazon side.

Amazon reply:
@120469 Apologies for the ordeal Kaushal. Please share your details here: https://t.co/GIJyeYqKE0 and I'll get back to you. ^HN

CANDIDATE:
Agent

CANDIDATE RESPONSE:
I'm sorry you're experiencing this issue. I've identified that this case should be reviewed by a human support agent. A support agent can review the order details and help with the next steps.

ESCALATION DECISION MADE BY THE SYSTEM:
True

ESCALATION REASON:
low_intent_confidence


Score each response from 1 to 5 on:

1. helpfulness
   1 = does not help the customer
   3 = somewhat useful
   5 = directly useful and addresses the issue

2. intent_fit
   1 = clearly misunderstands the customer's issue
   3 = partially addresses it
   5 = directly addresses the customer's issue

3. grounding
   1 = unsupported or contradicts the historical evidence
   3 = partly consistent with evidence
   5 = clearly grounded in the historical evidence

4. factual_safety
   1 = invents facts, policies, actions, or guarantees
   3 = mostly safe but somewhat assumptive
   5 = makes no unsupported claims

5. escalation_appropriateness
   1 = escalation decision is clearly inappropriate
   3 = debatable
   5 = clearly appropriate

6. professionalism
   1 = poor/unprofessional
   3 = acceptable
   5 = clear, concise, professional support language

Also provide:

overall_pass:
true only if the response is reasonably helpful, safe, relevant,
and appropriate for the situation.

failure_reason:
A short explanation if overall_pass is false.
Use an empty string if the response passes.


Return ONLY valid JSON in exactly this structure:

{
  ""helpfulness"": 1,
  ""intent_fit"": 1,
  ""grounding"": 1,
  ""factual_safety"": 1,
  ""escalation_appropriateness"": 1,
  ""professionalism"": 1,
  ""overall_pass"": false,
  ""failure_reason"": ""short explanation""
}",,,,,,,,,pending,
2700856,Generic,Ordered something on @115821 prime for next day delivery yet it’s now coming in 1-2 days. What am I paying for exactly? 😐😐😐,delivery_delay,delivery_delay,0.426271759712385,yes,False,none,I'm sorry you're experiencing this issue. Please provide the relevant order details so we can better understand the problem and determine the appropriate next steps.,fallback,"[{""customer_tweet_id"": 480488, ""customer_text"": ""Hey @115821, please explain why I am paying for Prime’s 2 day shipping when I am getting 5 day shipping #Amazon https://t.co/d2STAEeAnA"", ""amazon_reply"": ""@229189 Hello MJ, sorry you have not received your order. We'd like to assist! What was the delivery date provided in your order confirmation email? ^TE"", ""similarity"": 0.2738396459243699}, {""customer_tweet_id"": 1234212, ""customer_text"": ""@115821 Why does \""same day delivery\"" constantly turn into next day delivery after I place the order? Commitment issues?"", ""amazon_reply"": ""@409483 Hi Clark. We'd like to help the best we can. Has the delivery date for your order changed? ^HC"", ""similarity"": 0.238926118128039}, {""customer_tweet_id"": 836451, ""customer_text"": ""@115830 I pre-ordered one in August and then I did next day delivery for the second, neither have arrived."", ""amazon_reply"": ""@319104 Is there any info showing on their tracking via this link? : https://t.co/aaDyEz1VgE ^RL"", ""similarity"": 0.1884666045142653}]","You are evaluating an AI customer-support response.

Do NOT assume that a response is good merely because it resembles a
historical response.

Evaluate whether the candidate response actually addresses the customer's
message and whether its claims are supported by the supplied historical
evidence.

CUSTOMER MESSAGE:
Ordered something on @115821 prime for next day delivery yet it’s now coming in 1-2 days. What am I paying for exactly? 😐😐😐

HISTORICAL EVIDENCE:
Historical example 1
Similarity: 0.2738396459243699

Customer:
Hey @115821, please explain why I am paying for Prime’s 2 day shipping when I am getting 5 day shipping #Amazon https://t.co/d2STAEeAnA

Amazon reply:
@229189 Hello MJ, sorry you have not received your order. We'd like to assist! What was the delivery date provided in your order confirmation email? ^TE

Historical example 2
Similarity: 0.238926118128039

Customer:
@115821 Why does ""same day delivery"" constantly turn into next day delivery after I place the order? Commitment issues?

Amazon reply:
@409483 Hi Clark. We'd like to help the best we can. Has the delivery date for your order changed? ^HC

Historical example 3
Similarity: 0.1884666045142653

Customer:
@115830 I pre-ordered one in August and then I did next day delivery for the second, neither have arrived.

Amazon reply:
@319104 Is there any info showing on their tracking via this link? : https://t.co/aaDyEz1VgE ^RL

CANDIDATE:
Generic

CANDIDATE RESPONSE:
I'm sorry you're experiencing this issue. Please provide the relevant order details so we can better understand the problem and determine the appropriate next steps.

ESCALATION DECISION MADE BY THE SYSTEM:
False

ESCALATION REASON:
none


Score each response from 1 to 5 on:

1. helpfulness
   1 = does not help the customer
   3 = somewhat useful
   5 = directly useful and addresses the issue

2. intent_fit
   1 = clearly misunderstands the customer's issue
   3 = partially addresses it
   5 = directly addresses the customer's issue

3. grounding
   1 = unsupported or contradicts the historical evidence
   3 = partly consistent with evidence
   5 = clearly grounded in the historical evidence

4. factual_safety
   1 = invents facts, policies, actions, or guarantees
   3 = mostly safe but somewhat assumptive
   5 = makes no unsupported claims

5. escalation_appropriateness
   1 = escalation decision is clearly inappropriate
   3 = debatable
   5 = clearly appropriate

6. professionalism
   1 = poor/unprofessional
   3 = acceptable
   5 = clear, concise, professional support language

Also provide:

overall_pass:
true only if the response is reasonably helpful, safe, relevant,
and appropriate for the situation.

failure_reason:
A short explanation if overall_pass is false.
Use an empty string if the response passes.


Return ONLY valid JSON in exactly this structure:

{
  ""helpfulness"": 1,
  ""intent_fit"": 1,
  ""grounding"": 1,
  ""factual_safety"": 1,
  ""escalation_appropriateness"": 1,
  ""professionalism"": 1,
  ""overall_pass"": false,
  ""failure_reason"": ""short explanation""
}",,,,,,,,,pending,
2700856,Retrieval,Ordered something on @115821 prime for next day delivery yet it’s now coming in 1-2 days. What am I paying for exactly? 😐😐😐,delivery_delay,delivery_delay,0.426271759712385,yes,False,none,"@229189 Hello MJ, sorry you have not received your order. We'd like to assist! What was the delivery date provided in your order confirmation email? ^TE",fallback,"[{""customer_tweet_id"": 480488, ""customer_text"": ""Hey @115821, please explain why I am paying for Prime’s 2 day shipping when I am getting 5 day shipping #Amazon https://t.co/d2STAEeAnA"", ""amazon_reply"": ""@229189 Hello MJ, sorry you have not received your order. We'd like to assist! What was the delivery date provided in your order confirmation email? ^TE"", ""similarity"": 0.2738396459243699}, {""customer_tweet_id"": 1234212, ""customer_text"": ""@115821 Why does \""same day delivery\"" constantly turn into next day delivery after I place the order? Commitment issues?"", ""amazon_reply"": ""@409483 Hi Clark. We'd like to help the best we can. Has the delivery date for your order changed? ^HC"", ""similarity"": 0.238926118128039}, {""customer_tweet_id"": 836451, ""customer_text"": ""@115830 I pre-ordered one in August and then I did next day delivery for the second, neither have arrived."", ""amazon_reply"": ""@319104 Is there any info showing on their tracking via this link? : https://t.co/aaDyEz1VgE ^RL"", ""similarity"": 0.1884666045142653}]","You are evaluating an AI customer-support response.

Do NOT assume that a response is good merely because it resembles a
historical response.

Evaluate whether the candidate response actually addresses the customer's
message and whether its claims are supported by the supplied historical
evidence.

CUSTOMER MESSAGE:
Ordered something on @115821 prime for next day delivery yet it’s now coming in 1-2 days. What am I paying for exactly? 😐😐😐

HISTORICAL EVIDENCE:
Historical example 1
Similarity: 0.2738396459243699

Customer:
Hey @115821, please explain why I am paying for Prime’s 2 day shipping when I am getting 5 day shipping #Amazon https://t.co/d2STAEeAnA

Amazon reply:
@229189 Hello MJ, sorry you have not received your order. We'd like to assist! What was the delivery date provided in your order confirmation email? ^TE

Historical example 2
Similarity: 0.238926118128039

Customer:
@115821 Why does ""same day delivery"" constantly turn into next day delivery after I place the order? Commitment issues?

Amazon reply:
@409483 Hi Clark. We'd like to help the best we can. Has the delivery date for your order changed? ^HC

Historical example 3
Similarity: 0.1884666045142653

Customer:
@115830 I pre-ordered one in August and then I did next day delivery for the second, neither have arrived.

Amazon reply:
@319104 Is there any info showing on their tracking via this link? : https://t.co/aaDyEz1VgE ^RL

CANDIDATE:
Retrieval

CANDIDATE RESPONSE:
@229189 Hello MJ, sorry you have not received your order. We'd like to assist! What was the delivery date provided in your order confirmation email? ^TE

ESCALATION DECISION MADE BY THE SYSTEM:
False

ESCALATION REASON:
none


Score each response from 1 to 5 on:

1. helpfulness
   1 = does not help the customer
   3 = somewhat useful
   5 = directly useful and addresses the issue

2. intent_fit
   1 = clearly misunderstands the customer's issue
   3 = partially addresses it
   5 = directly addresses the customer's issue

3. grounding
   1 = unsupported or contradicts the historical evidence
   3 = partly consistent with evidence
   5 = clearly grounded in the historical evidence

4. factual_safety
   1 = invents facts, policies, actions, or guarantees
   3 = mostly safe but somewhat assumptive
   5 = makes no unsupported claims

5. escalation_appropriateness
   1 = escalation decision is clearly inappropriate
   3 = debatable
   5 = clearly appropriate

6. professionalism
   1 = poor/unprofessional
   3 = acceptable
   5 = clear, concise, professional support language

Also provide:

overall_pass:
true only if the response is reasonably helpful, safe, relevant,
and appropriate for the situation.

failure_reason:
A short explanation if overall_pass is false.
Use an empty string if the response passes.


Return ONLY valid JSON in exactly this structure:

{
  ""helpfulness"": 1,
  ""intent_fit"": 1,
  ""grounding"": 1,
  ""factual_safety"": 1,
  ""escalation_appropriateness"": 1,
  ""professionalism"": 1,
  ""overall_pass"": false,
  ""failure_reason"": ""short explanation""
}",,,,,,,,,pending,
2700856,Agent,Ordered something on @115821 prime for next day delivery yet it’s now coming in 1-2 days. What am I paying for exactly? 😐😐😐,delivery_delay,delivery_delay,0.426271759712385,yes,False,none,I'm sorry your package is delayed. Please check the current tracking status of your order for the latest delivery information.,fallback,"[{""customer_tweet_id"": 480488, ""customer_text"": ""Hey @115821, please explain why I am paying for Prime’s 2 day shipping when I am getting 5 day shipping #Amazon https://t.co/d2STAEeAnA"", ""amazon_reply"": ""@229189 Hello MJ, sorry you have not received your order. We'd like to assist! What was the delivery date provided in your order confirmation email? ^TE"", ""similarity"": 0.2738396459243699}, {""customer_tweet_id"": 1234212, ""customer_text"": ""@115821 Why does \""same day delivery\"" constantly turn into next day delivery after I place the order? Commitment issues?"", ""amazon_reply"": ""@409483 Hi Clark. We'd like to help the best we can. Has the delivery date for your order changed? ^HC"", ""similarity"": 0.238926118128039}, {""customer_tweet_id"": 836451, ""customer_text"": ""@115830 I pre-ordered one in August and then I did next day delivery for the second, neither have arrived."", ""amazon_reply"": ""@319104 Is there any info showing on their tracking via this link? : https://t.co/aaDyEz1VgE ^RL"", ""similarity"": 0.1884666045142653}]","You are evaluating an AI customer-support response.

Do NOT assume that a response is good merely because it resembles a
historical response.

Evaluate whether the candidate response actually addresses the customer's
message and whether its claims are supported by the supplied historical
evidence.

CUSTOMER MESSAGE:
Ordered something on @115821 prime for next day delivery yet it’s now coming in 1-2 days. What am I paying for exactly? 😐😐😐

HISTORICAL EVIDENCE:
Historical example 1
Similarity: 0.2738396459243699

Customer:
Hey @115821, please explain why I am paying for Prime’s 2 day shipping when I am getting 5 day shipping #Amazon https://t.co/d2STAEeAnA

Amazon reply:
@229189 Hello MJ, sorry you have not received your order. We'd like to assist! What was the delivery date provided in your order confirmation email? ^TE

Historical example 2
Similarity: 0.238926118128039

Customer:
@115821 Why does ""same day delivery"" constantly turn into next day delivery after I place the order? Commitment issues?

Amazon reply:
@409483 Hi Clark. We'd like to help the best we can. Has the delivery date for your order changed? ^HC

Historical example 3
Similarity: 0.1884666045142653

Customer:
@115830 I pre-ordered one in August and then I did next day delivery for the second, neither have arrived.

Amazon reply:
@319104 Is there any info showing on their tracking via this link? : https://t.co/aaDyEz1VgE ^RL

CANDIDATE:
Agent

CANDIDATE RESPONSE:
I'm sorry your package is delayed. Please check the current tracking status of your order for the latest delivery information.

ESCALATION DECISION MADE BY THE SYSTEM:
False

ESCALATION REASON:
none


Score each response from 1 to 5 on:

1. helpfulness
   1 = does not help the customer
   3 = somewhat useful
   5 = directly useful and addresses the issue

2. intent_fit
   1 = clearly misunderstands the customer's issue
   3 = partially addresses it
   5 = directly addresses the customer's issue

3. grounding
   1 = unsupported or contradicts the historical evidence
   3 = partly consistent with evidence
   5 = clearly grounded in the historical evidence

4. factual_safety
   1 = invents facts, policies, actions, or guarantees
   3 = mostly safe but somewhat assumptive
   5 = makes no unsupported claims

5. escalation_appropriateness
   1 = escalation decision is clearly inappropriate
   3 = debatable
   5 = clearly appropriate

6. professionalism
   1 = poor/unprofessional
   3 = acceptable
   5 = clear, concise, professional support language

Also provide:

overall_pass:
true only if the response is reasonably helpful, safe, relevant,
and appropriate for the situation.

failure_reason:
A short explanation if overall_pass is false.
Use an empty string if the response passes.


Return ONLY valid JSON in exactly this structure:

{
  ""helpfulness"": 1,
  ""intent_fit"": 1,
  ""grounding"": 1,
  ""factual_safety"": 1,
  ""escalation_appropriateness"": 1,
  ""professionalism"": 1,
  ""overall_pass"": false,
  ""failure_reason"": ""short explanation""
}",,,,,,,,,pending,
230182,Generic,@AmazonHelp I just submitted the problem but if I do not hear anything by 1700 I am going to have to cancel my order and buy elsewhere sadly.Thank you.,other_general,order_status_tracking,0.2111238589883694,yes,False,none,I'm sorry you're experiencing this issue. Please provide the relevant order details so we can better understand the problem and determine the appropriate next steps.,fallback,"[{""customer_tweet_id"": 957539, ""customer_text"": ""@AmazonHelp I have submitted that."", ""amazon_reply"": ""@347201 Thank you for confirming. If you have shared your details, our team will get back to you soon. ^AG"", ""similarity"": 0.2638866930253032}, {""customer_tweet_id"": 2460278, ""customer_text"": ""Hey @115821 I'd appreciate it if you would cancel my order for me😅😅😅😅😅😅😅"", ""amazon_reply"": ""@704512 Thanks for reaching out to us! We don't have access to your account via Twitter. Please check here for returns/refunds: https://t.co/WYHOlCv0Ty ^MO"", ""similarity"": 0.23522387979968423}, {""customer_tweet_id"": 1278685, ""customer_text"": ""Uhhhh how can I cancel an order I placed??? @115821"", ""amazon_reply"": ""@182076 Hi! You can learn how to do this, here: https://t.co/YHgBUwzYag ^RL"", ""similarity"": 0.22839904675505363}]","You are evaluating an AI customer-support response.

Do NOT assume that a response is good merely because it resembles a
historical response.

Evaluate whether the candidate response actually addresses the customer's
message and whether its claims are supported by the supplied historical
evidence.

CUSTOMER MESSAGE:
@AmazonHelp I just submitted the problem but if I do not hear anything by 1700 I am going to have to cancel my order and buy elsewhere sadly.Thank you.

HISTORICAL EVIDENCE:
Historical example 1
Similarity: 0.2638866930253032

Customer:
@AmazonHelp I have submitted that.

Amazon reply:
@347201 Thank you for confirming. If you have shared your details, our team will get back to you soon. ^AG

Historical example 2
Similarity: 0.23522387979968423

Customer:
Hey @115821 I'd appreciate it if you would cancel my order for me😅😅😅😅😅😅😅

Amazon reply:
@704512 Thanks for reaching out to us! We don't have access to your account via Twitter. Please check here for returns/refunds: https://t.co/WYHOlCv0Ty ^MO

Historical example 3
Similarity: 0.22839904675505363

Customer:
Uhhhh how can I cancel an order I placed??? @115821

Amazon reply:
@182076 Hi! You can learn how to do this, here: https://t.co/YHgBUwzYag ^RL

CANDIDATE:
Generic

CANDIDATE RESPONSE:
I'm sorry you're experiencing this issue. Please provide the relevant order details so we can better understand the problem and determine the appropriate next steps.

ESCALATION DECISION MADE BY THE SYSTEM:
False

ESCALATION REASON:
none


Score each response from 1 to 5 on:

1. helpfulness
   1 = does not help the customer
   3 = somewhat useful
   5 = directly useful and addresses the issue

2. intent_fit
   1 = clearly misunderstands the customer's issue
   3 = partially addresses it
   5 = directly addresses the customer's issue

3. grounding
   1 = unsupported or contradicts the historical evidence
   3 = partly consistent with evidence
   5 = clearly grounded in the historical evidence

4. factual_safety
   1 = invents facts, policies, actions, or guarantees
   3 = mostly safe but somewhat assumptive
   5 = makes no unsupported claims

5. escalation_appropriateness
   1 = escalation decision is clearly inappropriate
   3 = debatable
   5 = clearly appropriate

6. professionalism
   1 = poor/unprofessional
   3 = acceptable
   5 = clear, concise, professional support language

Also provide:

overall_pass:
true only if the response is reasonably helpful, safe, relevant,
and appropriate for the situation.

failure_reason:
A short explanation if overall_pass is false.
Use an empty string if the response passes.


Return ONLY valid JSON in exactly this structure:

{
  ""helpfulness"": 1,
  ""intent_fit"": 1,
  ""grounding"": 1,
  ""factual_safety"": 1,
  ""escalation_appropriateness"": 1,
  ""professionalism"": 1,
  ""overall_pass"": false,
  ""failure_reason"": ""short explanation""
}",,,,,,,,,pending,
230182,Retrieval,@AmazonHelp I just submitted the problem but if I do not hear anything by 1700 I am going to have to cancel my order and buy elsewhere sadly.Thank you.,other_general,order_status_tracking,0.2111238589883694,yes,False,none,"@347201 Thank you for confirming. If you have shared your details, our team will get back to you soon. ^AG",fallback,"[{""customer_tweet_id"": 957539, ""customer_text"": ""@AmazonHelp I have submitted that."", ""amazon_reply"": ""@347201 Thank you for confirming. If you have shared your details, our team will get back to you soon. ^AG"", ""similarity"": 0.2638866930253032}, {""customer_tweet_id"": 2460278, ""customer_text"": ""Hey @115821 I'd appreciate it if you would cancel my order for me😅😅😅😅😅😅😅"", ""amazon_reply"": ""@704512 Thanks for reaching out to us! We don't have access to your account via Twitter. Please check here for returns/refunds: https://t.co/WYHOlCv0Ty ^MO"", ""similarity"": 0.23522387979968423}, {""customer_tweet_id"": 1278685, ""customer_text"": ""Uhhhh how can I cancel an order I placed??? @115821"", ""amazon_reply"": ""@182076 Hi! You can learn how to do this, here: https://t.co/YHgBUwzYag ^RL"", ""similarity"": 0.22839904675505363}]","You are evaluating an AI customer-support response.

Do NOT assume that a response is good merely because it resembles a
historical response.

Evaluate whether the candidate response actually addresses the customer's
message and whether its claims are supported by the supplied historical
evidence.

CUSTOMER MESSAGE:
@AmazonHelp I just submitted the problem but if I do not hear anything by 1700 I am going to have to cancel my order and buy elsewhere sadly.Thank you.

HISTORICAL EVIDENCE:
Historical example 1
Similarity: 0.2638866930253032

Customer:
@AmazonHelp I have submitted that.

Amazon reply:
@347201 Thank you for confirming. If you have shared your details, our team will get back to you soon. ^AG

Historical example 2
Similarity: 0.23522387979968423

Customer:
Hey @115821 I'd appreciate it if you would cancel my order for me😅😅😅😅😅😅😅

Amazon reply:
@704512 Thanks for reaching out to us! We don't have access to your account via Twitter. Please check here for returns/refunds: https://t.co/WYHOlCv0Ty ^MO

Historical example 3
Similarity: 0.22839904675505363

Customer:
Uhhhh how can I cancel an order I placed??? @115821

Amazon reply:
@182076 Hi! You can learn how to do this, here: https://t.co/YHgBUwzYag ^RL

CANDIDATE:
Retrieval

CANDIDATE RESPONSE:
@347201 Thank you for confirming. If you have shared your details, our team will get back to you soon. ^AG

ESCALATION DECISION MADE BY THE SYSTEM:
False

ESCALATION REASON:
none


Score each response from 1 to 5 on:

1. helpfulness
   1 = does not help the customer
   3 = somewhat useful
   5 = directly useful and addresses the issue

2. intent_fit
   1 = clearly misunderstands the customer's issue
   3 = partially addresses it
   5 = directly addresses the customer's issue

3. grounding
   1 = unsupported or contradicts the historical evidence
   3 = partly consistent with evidence
   5 = clearly grounded in the historical evidence

4. factual_safety
   1 = invents facts, policies, actions, or guarantees
   3 = mostly safe but somewhat assumptive
   5 = makes no unsupported claims

5. escalation_appropriateness
   1 = escalation decision is clearly inappropriate
   3 = debatable
   5 = clearly appropriate

6. professionalism
   1 = poor/unprofessional
   3 = acceptable
   5 = clear, concise, professional support language

Also provide:

overall_pass:
true only if the response is reasonably helpful, safe, relevant,
and appropriate for the situation.

failure_reason:
A short explanation if overall_pass is false.
Use an empty string if the response passes.


Return ONLY valid JSON in exactly this structure:

{
  ""helpfulness"": 1,
  ""intent_fit"": 1,
  ""grounding"": 1,
  ""factual_safety"": 1,
  ""escalation_appropriateness"": 1,
  ""professionalism"": 1,
  ""overall_pass"": false,
  ""failure_reason"": ""short explanation""
}",,,,,,,,,pending,
230182,Agent,@AmazonHelp I just submitted the problem but if I do not hear anything by 1700 I am going to have to cancel my order and buy elsewhere sadly.Thank you.,other_general,order_status_tracking,0.2111238589883694,yes,False,none,I can help with your order status. Please check the current tracking information for the latest update on your order.,fallback,"[{""customer_tweet_id"": 957539, ""customer_text"": ""@AmazonHelp I have submitted that."", ""amazon_reply"": ""@347201 Thank you for confirming. If you have shared your details, our team will get back to you soon. ^AG"", ""similarity"": 0.2638866930253032}, {""customer_tweet_id"": 2460278, ""customer_text"": ""Hey @115821 I'd appreciate it if you would cancel my order for me😅😅😅😅😅😅😅"", ""amazon_reply"": ""@704512 Thanks for reaching out to us! We don't have access to your account via Twitter. Please check here for returns/refunds: https://t.co/WYHOlCv0Ty ^MO"", ""similarity"": 0.23522387979968423}, {""customer_tweet_id"": 1278685, ""customer_text"": ""Uhhhh how can I cancel an order I placed??? @115821"", ""amazon_reply"": ""@182076 Hi! You can learn how to do this, here: https://t.co/YHgBUwzYag ^RL"", ""similarity"": 0.22839904675505363}]","You are evaluating an AI customer-support response.

Do NOT assume that a response is good merely because it resembles a
historical response.

Evaluate whether the candidate response actually addresses the customer's
message and whether its claims are supported by the supplied historical
evidence.

CUSTOMER MESSAGE:
@AmazonHelp I just submitted the problem but if I do not hear anything by 1700 I am going to have to cancel my order and buy elsewhere sadly.Thank you.

HISTORICAL EVIDENCE:
Historical example 1
Similarity: 0.2638866930253032

Customer:
@AmazonHelp I have submitted that.

Amazon reply:
@347201 Thank you for confirming. If you have shared your details, our team will get back to you soon. ^AG

Historical example 2
Similarity: 0.23522387979968423

Customer:
Hey @115821 I'd appreciate it if you would cancel my order for me😅😅😅😅😅😅😅

Amazon reply:
@704512 Thanks for reaching out to us! We don't have access to your account via Twitter. Please check here for returns/refunds: https://t.co/WYHOlCv0Ty ^MO

Historical example 3
Similarity: 0.22839904675505363

Customer:
Uhhhh how can I cancel an order I placed??? @115821

Amazon reply:
@182076 Hi! You can learn how to do this, here: https://t.co/YHgBUwzYag ^RL

CANDIDATE:
Agent

CANDIDATE RESPONSE:
I can help with your order status. Please check the current tracking information for the latest update on your order.

ESCALATION DECISION MADE BY THE SYSTEM:
False

ESCALATION REASON:
none


Score each response from 1 to 5 on:

1. helpfulness
   1 = does not help the customer
   3 = somewhat useful
   5 = directly useful and addresses the issue

2. intent_fit
   1 = clearly misunderstands the customer's issue
   3 = partially addresses it
   5 = directly addresses the customer's issue

3. grounding
   1 = unsupported or contradicts the historical evidence
   3 = partly consistent with evidence
   5 = clearly grounded in the historical evidence

4. factual_safety
   1 = invents facts, policies, actions, or guarantees
   3 = mostly safe but somewhat assumptive
   5 = makes no unsupported claims

5. escalation_appropriateness
   1 = escalation decision is clearly inappropriate
   3 = debatable
   5 = clearly appropriate

6. professionalism
   1 = poor/unprofessional
   3 = acceptable
   5 = clear, concise, professional support language

Also provide:

overall_pass:
true only if the response is reasonably helpful, safe, relevant,
and appropriate for the situation.

failure_reason:
A short explanation if overall_pass is false.
Use an empty string if the response passes.


Return ONLY valid JSON in exactly this structure:

{
  ""helpfulness"": 1,
  ""intent_fit"": 1,
  ""grounding"": 1,
  ""factual_safety"": 1,
  ""escalation_appropriateness"": 1,
  ""professionalism"": 1,
  ""overall_pass"": false,
  ""failure_reason"": ""short explanation""
}",,,,,,,,,pending,
819504,Generic,Also @AmazonHelp - @134825 ist schon a bissl nervig vong zustellservice - null benachrichtigung und jetzt kann ich keinens shop auswählen 😞,order_status_tracking,other_general,0.1806709561484255,yes,True,low_intent_confidence,I'm sorry you're experiencing this issue. Please provide the relevant order details so we can better understand the problem and determine the appropriate next steps.,fallback,"[{""customer_tweet_id"": 987778, ""customer_text"": ""@AmazonHelp Und ich antworte gerne nochmal: Leute, ich bin kein Idiot."", ""amazon_reply"": ""@194202 Dann melde dich bitte mal über diesen Link bei uns, dem Amazon.de Social Media Team: https://t.co/cUDnC8mjd7 ^AN"", ""similarity"": 0.2919259453211127}, {""customer_tweet_id"": 140929, ""customer_text"": ""Danke an @116316 !\nWeil ich dieses Jahr noch nicht über 100€ bestellt habe, darf ich das Handy für 250€ nicht per Lastschrift bezahlen!\n\nFind ich super!\n#Kundenservice\n#keinPrime"", ""amazon_reply"": ""@147798 Leider können wir diese Entscheidung nicht ändern. Gründe hierfür: https://t.co/kkXAbASVDr Tut mir leid. Lieber Gruß ^TG"", ""similarity"": 0.15831266904090607}, {""customer_tweet_id"": 1623922, ""customer_text"": ""@AmazonHelp @497410 Gut zu wissen, dass man solche Mails melden kann. Danke! Werde ich in Zukunft auch direkt machen."", ""amazon_reply"": ""@497411 Immer wieder gerne! ^DW"", ""similarity"": 0.15292491129476438}]","You are evaluating an AI customer-support response.

Do NOT assume that a response is good merely because it resembles a
historical response.

Evaluate whether the candidate response actually addresses the customer's
message and whether its claims are supported by the supplied historical
evidence.

CUSTOMER MESSAGE:
Also @AmazonHelp - @134825 ist schon a bissl nervig vong zustellservice - null benachrichtigung und jetzt kann ich keinens shop auswählen 😞

HISTORICAL EVIDENCE:
Historical example 1
Similarity: 0.2919259453211127

Customer:
@AmazonHelp Und ich antworte gerne nochmal: Leute, ich bin kein Idiot.

Amazon reply:
@194202 Dann melde dich bitte mal über diesen Link bei uns, dem Amazon.de Social Media Team: https://t.co/cUDnC8mjd7 ^AN

Historical example 2
Similarity: 0.15831266904090607

Customer:
Danke an @116316 !
Weil ich dieses Jahr noch nicht über 100€ bestellt habe, darf ich das Handy für 250€ nicht per Lastschrift bezahlen!

Find ich super!
#Kundenservice
#keinPrime

Amazon reply:
@147798 Leider können wir diese Entscheidung nicht ändern. Gründe hierfür: https://t.co/kkXAbASVDr Tut mir leid. Lieber Gruß ^TG

Historical example 3
Similarity: 0.15292491129476438

Customer:
@AmazonHelp @497410 Gut zu wissen, dass man solche Mails melden kann. Danke! Werde ich in Zukunft auch direkt machen.

Amazon reply:
@497411 Immer wieder gerne! ^DW

CANDIDATE:
Generic

CANDIDATE RESPONSE:
I'm sorry you're experiencing this issue. Please provide the relevant order details so we can better understand the problem and determine the appropriate next steps.

ESCALATION DECISION MADE BY THE SYSTEM:
True

ESCALATION REASON:
low_intent_confidence


Score each response from 1 to 5 on:

1. helpfulness
   1 = does not help the customer
   3 = somewhat useful
   5 = directly useful and addresses the issue

2. intent_fit
   1 = clearly misunderstands the customer's issue
   3 = partially addresses it
   5 = directly addresses the customer's issue

3. grounding
   1 = unsupported or contradicts the historical evidence
   3 = partly consistent with evidence
   5 = clearly grounded in the historical evidence

4. factual_safety
   1 = invents facts, policies, actions, or guarantees
   3 = mostly safe but somewhat assumptive
   5 = makes no unsupported claims

5. escalation_appropriateness
   1 = escalation decision is clearly inappropriate
   3 = debatable
   5 = clearly appropriate

6. professionalism
   1 = poor/unprofessional
   3 = acceptable
   5 = clear, concise, professional support language

Also provide:

overall_pass:
true only if the response is reasonably helpful, safe, relevant,
and appropriate for the situation.

failure_reason:
A short explanation if overall_pass is false.
Use an empty string if the response passes.


Return ONLY valid JSON in exactly this structure:

{
  ""helpfulness"": 1,
  ""intent_fit"": 1,
  ""grounding"": 1,
  ""factual_safety"": 1,
  ""escalation_appropriateness"": 1,
  ""professionalism"": 1,
  ""overall_pass"": false,
  ""failure_reason"": ""short explanation""
}",,,,,,,,,pending,
819504,Retrieval,Also @AmazonHelp - @134825 ist schon a bissl nervig vong zustellservice - null benachrichtigung und jetzt kann ich keinens shop auswählen 😞,order_status_tracking,other_general,0.1806709561484255,yes,True,low_intent_confidence,"@194202 Dann melde dich bitte mal über diesen Link bei uns, dem Amazon.de Social Media Team: https://t.co/cUDnC8mjd7 ^AN",fallback,"[{""customer_tweet_id"": 987778, ""customer_text"": ""@AmazonHelp Und ich antworte gerne nochmal: Leute, ich bin kein Idiot."", ""amazon_reply"": ""@194202 Dann melde dich bitte mal über diesen Link bei uns, dem Amazon.de Social Media Team: https://t.co/cUDnC8mjd7 ^AN"", ""similarity"": 0.2919259453211127}, {""customer_tweet_id"": 140929, ""customer_text"": ""Danke an @116316 !\nWeil ich dieses Jahr noch nicht über 100€ bestellt habe, darf ich das Handy für 250€ nicht per Lastschrift bezahlen!\n\nFind ich super!\n#Kundenservice\n#keinPrime"", ""amazon_reply"": ""@147798 Leider können wir diese Entscheidung nicht ändern. Gründe hierfür: https://t.co/kkXAbASVDr Tut mir leid. Lieber Gruß ^TG"", ""similarity"": 0.15831266904090607}, {""customer_tweet_id"": 1623922, ""customer_text"": ""@AmazonHelp @497410 Gut zu wissen, dass man solche Mails melden kann. Danke! Werde ich in Zukunft auch direkt machen."", ""amazon_reply"": ""@497411 Immer wieder gerne! ^DW"", ""similarity"": 0.15292491129476438}]","You are evaluating an AI customer-support response.

Do NOT assume that a response is good merely because it resembles a
historical response.

Evaluate whether the candidate response actually addresses the customer's
message and whether its claims are supported by the supplied historical
evidence.

CUSTOMER MESSAGE:
Also @AmazonHelp - @134825 ist schon a bissl nervig vong zustellservice - null benachrichtigung und jetzt kann ich keinens shop auswählen 😞

HISTORICAL EVIDENCE:
Historical example 1
Similarity: 0.2919259453211127

Customer:
@AmazonHelp Und ich antworte gerne nochmal: Leute, ich bin kein Idiot.

Amazon reply:
@194202 Dann melde dich bitte mal über diesen Link bei uns, dem Amazon.de Social Media Team: https://t.co/cUDnC8mjd7 ^AN

Historical example 2
Similarity: 0.15831266904090607

Customer:
Danke an @116316 !
Weil ich dieses Jahr noch nicht über 100€ bestellt habe, darf ich das Handy für 250€ nicht per Lastschrift bezahlen!

Find ich super!
#Kundenservice
#keinPrime

Amazon reply:
@147798 Leider können wir diese Entscheidung nicht ändern. Gründe hierfür: https://t.co/kkXAbASVDr Tut mir leid. Lieber Gruß ^TG

Historical example 3
Similarity: 0.15292491129476438

Customer:
@AmazonHelp @497410 Gut zu wissen, dass man solche Mails melden kann. Danke! Werde ich in Zukunft auch direkt machen.

Amazon reply:
@497411 Immer wieder gerne! ^DW

CANDIDATE:
Retrieval

CANDIDATE RESPONSE:
@194202 Dann melde dich bitte mal über diesen Link bei uns, dem Amazon.de Social Media Team: https://t.co/cUDnC8mjd7 ^AN

ESCALATION DECISION MADE BY THE SYSTEM:
True

ESCALATION REASON:
low_intent_confidence


Score each response from 1 to 5 on:

1. helpfulness
   1 = does not help the customer
   3 = somewhat useful
   5 = directly useful and addresses the issue

2. intent_fit
   1 = clearly misunderstands the customer's issue
   3 = partially addresses it
   5 = directly addresses the customer's issue

3. grounding
   1 = unsupported or contradicts the historical evidence
   3 = partly consistent with evidence
   5 = clearly grounded in the historical evidence

4. factual_safety
   1 = invents facts, policies, actions, or guarantees
   3 = mostly safe but somewhat assumptive
   5 = makes no unsupported claims

5. escalation_appropriateness
   1 = escalation decision is clearly inappropriate
   3 = debatable
   5 = clearly appropriate

6. professionalism
   1 = poor/unprofessional
   3 = acceptable
   5 = clear, concise, professional support language

Also provide:

overall_pass:
true only if the response is reasonably helpful, safe, relevant,
and appropriate for the situation.

failure_reason:
A short explanation if overall_pass is false.
Use an empty string if the response passes.


Return ONLY valid JSON in exactly this structure:

{
  ""helpfulness"": 1,
  ""intent_fit"": 1,
  ""grounding"": 1,
  ""factual_safety"": 1,
  ""escalation_appropriateness"": 1,
  ""professionalism"": 1,
  ""overall_pass"": false,
  ""failure_reason"": ""short explanation""
}",,,,,,,,,pending,
819504,Agent,Also @AmazonHelp - @134825 ist schon a bissl nervig vong zustellservice - null benachrichtigung und jetzt kann ich keinens shop auswählen 😞,order_status_tracking,other_general,0.1806709561484255,yes,True,low_intent_confidence,I'm sorry you're experiencing this issue. I've identified that this case should be reviewed by a human support agent. A support agent can review the order details and help with the next steps.,fallback,"[{""customer_tweet_id"": 987778, ""customer_text"": ""@AmazonHelp Und ich antworte gerne nochmal: Leute, ich bin kein Idiot."", ""amazon_reply"": ""@194202 Dann melde dich bitte mal über diesen Link bei uns, dem Amazon.de Social Media Team: https://t.co/cUDnC8mjd7 ^AN"", ""similarity"": 0.2919259453211127}, {""customer_tweet_id"": 140929, ""customer_text"": ""Danke an @116316 !\nWeil ich dieses Jahr noch nicht über 100€ bestellt habe, darf ich das Handy für 250€ nicht per Lastschrift bezahlen!\n\nFind ich super!\n#Kundenservice\n#keinPrime"", ""amazon_reply"": ""@147798 Leider können wir diese Entscheidung nicht ändern. Gründe hierfür: https://t.co/kkXAbASVDr Tut mir leid. Lieber Gruß ^TG"", ""similarity"": 0.15831266904090607}, {""customer_tweet_id"": 1623922, ""customer_text"": ""@AmazonHelp @497410 Gut zu wissen, dass man solche Mails melden kann. Danke! Werde ich in Zukunft auch direkt machen."", ""amazon_reply"": ""@497411 Immer wieder gerne! ^DW"", ""similarity"": 0.15292491129476438}]","You are evaluating an AI customer-support response.

Do NOT assume that a response is good merely because it resembles a
historical response.

Evaluate whether the candidate response actually addresses the customer's
message and whether its claims are supported by the supplied historical
evidence.

CUSTOMER MESSAGE:
Also @AmazonHelp - @134825 ist schon a bissl nervig vong zustellservice - null benachrichtigung und jetzt kann ich keinens shop auswählen 😞

HISTORICAL EVIDENCE:
Historical example 1
Similarity: 0.2919259453211127

Customer:
@AmazonHelp Und ich antworte gerne nochmal: Leute, ich bin kein Idiot.

Amazon reply:
@194202 Dann melde dich bitte mal über diesen Link bei uns, dem Amazon.de Social Media Team: https://t.co/cUDnC8mjd7 ^AN

Historical example 2
Similarity: 0.15831266904090607

Customer:
Danke an @116316 !
Weil ich dieses Jahr noch nicht über 100€ bestellt habe, darf ich das Handy für 250€ nicht per Lastschrift bezahlen!

Find ich super!
#Kundenservice
#keinPrime

Amazon reply:
@147798 Leider können wir diese Entscheidung nicht ändern. Gründe hierfür: https://t.co/kkXAbASVDr Tut mir leid. Lieber Gruß ^TG

Historical example 3
Similarity: 0.15292491129476438

Customer:
@AmazonHelp @497410 Gut zu wissen, dass man solche Mails melden kann. Danke! Werde ich in Zukunft auch direkt machen.

Amazon reply:
@497411 Immer wieder gerne! ^DW

CANDIDATE:
Agent

CANDIDATE RESPONSE:
I'm sorry you're experiencing this issue. I've identified that this case should be reviewed by a human support agent. A support agent can review the order details and help with the next steps.

ESCALATION DECISION MADE BY THE SYSTEM:
True

ESCALATION REASON:
low_intent_confidence


Score each response from 1 to 5 on:

1. helpfulness
   1 = does not help the customer
   3 = somewhat useful
   5 = directly useful and addresses the issue

2. intent_fit
   1 = clearly misunderstands the customer's issue
   3 = partially addresses it
   5 = directly addresses the customer's issue

3. grounding
   1 = unsupported or contradicts the historical evidence
   3 = partly consistent with evidence
   5 = clearly grounded in the historical evidence

4. factual_safety
   1 = invents facts, policies, actions, or guarantees
   3 = mostly safe but somewhat assumptive
   5 = makes no unsupported claims

5. escalation_appropriateness
   1 = escalation decision is clearly inappropriate
   3 = debatable
   5 = clearly appropriate

6. professionalism
   1 = poor/unprofessional
   3 = acceptable
   5 = clear, concise, professional support language

Also provide:

overall_pass:
true only if the response is reasonably helpful, safe, relevant,
and appropriate for the situation.

failure_reason:
A short explanation if overall_pass is false.
Use an empty string if the response passes.


Return ONLY valid JSON in exactly this structure:

{
  ""helpfulness"": 1,
  ""intent_fit"": 1,
  ""grounding"": 1,
  ""factual_safety"": 1,
  ""escalation_appropriateness"": 1,
  ""professionalism"": 1,
  ""overall_pass"": false,
  ""failure_reason"": ""short explanation""
}",,,,,,,,,pending,
2836887,Generic,"@115830 @AmazonHelp lost order and call to speak to your 'escalation team'. Spoken to in a disgusting, condescending manner and you put the phone down on me after I asked the operator to clarify what steps I need to take next. Disgusting customer service.",missing_package,other_general,0.2158866271560751,yes,False,none,I'm sorry you're experiencing this issue. Please provide the relevant order details so we can better understand the problem and determine the appropriate next steps.,fallback,"[{""customer_tweet_id"": 765713, ""customer_text"": ""@AmazonHelp No, I find your customer service menu on the app very confusing and can't work out how to send an email. I keep ending up on a chat with a robot that wants me to give it my phone number when I can't speak on the phone right now."", ""amazon_reply"": ""@303000 You can send us an e-mail via our website if you go to the following link:  https://t.co/JzP7hlA23B ^KI"", ""similarity"": 0.19463658328541517}, {""customer_tweet_id"": 530044, ""customer_text"": ""@AmazonHelp please get the live chat and call centre people some training. Absolutely disgusting service."", ""amazon_reply"": ""@242744 I apologize for the experience you had. We want to help. Without giving us any personal/account info, can you give us a little insight on the issue you are facing? ^BA"", ""similarity"": 0.19073980813640512}, {""customer_tweet_id"": 611196, ""customer_text"": ""@115821 @115830  @AmazonHelp As a student with a dying laptop I ordered a new Dell inspirion off of your site believing in your good customer service. Instead what has happened is that I firstly received duracell batteries, and when asked for a replacement then received..."", ""amazon_reply"": ""@265290 Sorry to hear about this issue. Have you contacted us here:  https://t.co/JzP7hlA23B to see what options we have available?^MI"", ""similarity"": 0.17091380054530755}]","You are evaluating an AI customer-support response.

Do NOT assume that a response is good merely because it resembles a
historical response.

Evaluate whether the candidate response actually addresses the customer's
message and whether its claims are supported by the supplied historical
evidence.

CUSTOMER MESSAGE:
@115830 @AmazonHelp lost order and call to speak to your 'escalation team'. Spoken to in a disgusting, condescending manner and you put the phone down on me after I asked the operator to clarify what steps I need to take next. Disgusting customer service.

HISTORICAL EVIDENCE:
Historical example 1
Similarity: 0.19463658328541517

Customer:
@AmazonHelp No, I find your customer service menu on the app very confusing and can't work out how to send an email. I keep ending up on a chat with a robot that wants me to give it my phone number when I can't speak on the phone right now.

Amazon reply:
@303000 You can send us an e-mail via our website if you go to the following link:  https://t.co/JzP7hlA23B ^KI

Historical example 2
Similarity: 0.19073980813640512

Customer:
@AmazonHelp please get the live chat and call centre people some training. Absolutely disgusting service.

Amazon reply:
@242744 I apologize for the experience you had. We want to help. Without giving us any personal/account info, can you give us a little insight on the issue you are facing? ^BA

Historical example 3
Similarity: 0.17091380054530755

Customer:
@115821 @115830  @AmazonHelp As a student with a dying laptop I ordered a new Dell inspirion off of your site believing in your good customer service. Instead what has happened is that I firstly received duracell batteries, and when asked for a replacement then received...

Amazon reply:
@265290 Sorry to hear about this issue. Have you contacted us here:  https://t.co/JzP7hlA23B to see what options we have available?^MI

CANDIDATE:
Generic

CANDIDATE RESPONSE:
I'm sorry you're experiencing this issue. Please provide the relevant order details so we can better understand the problem and determine the appropriate next steps.

ESCALATION DECISION MADE BY THE SYSTEM:
False

ESCALATION REASON:
none


Score each response from 1 to 5 on:

1. helpfulness
   1 = does not help the customer
   3 = somewhat useful
   5 = directly useful and addresses the issue

2. intent_fit
   1 = clearly misunderstands the customer's issue
   3 = partially addresses it
   5 = directly addresses the customer's issue

3. grounding
   1 = unsupported or contradicts the historical evidence
   3 = partly consistent with evidence
   5 = clearly grounded in the historical evidence

4. factual_safety
   1 = invents facts, policies, actions, or guarantees
   3 = mostly safe but somewhat assumptive
   5 = makes no unsupported claims

5. escalation_appropriateness
   1 = escalation decision is clearly inappropriate
   3 = debatable
   5 = clearly appropriate

6. professionalism
   1 = poor/unprofessional
   3 = acceptable
   5 = clear, concise, professional support language

Also provide:

overall_pass:
true only if the response is reasonably helpful, safe, relevant,
and appropriate for the situation.

failure_reason:
A short explanation if overall_pass is false.
Use an empty string if the response passes.


Return ONLY valid JSON in exactly this structure:

{
  ""helpfulness"": 1,
  ""intent_fit"": 1,
  ""grounding"": 1,
  ""factual_safety"": 1,
  ""escalation_appropriateness"": 1,
  ""professionalism"": 1,
  ""overall_pass"": false,
  ""failure_reason"": ""short explanation""
}",,,,,,,,,pending,
2836887,Retrieval,"@115830 @AmazonHelp lost order and call to speak to your 'escalation team'. Spoken to in a disgusting, condescending manner and you put the phone down on me after I asked the operator to clarify what steps I need to take next. Disgusting customer service.",missing_package,other_general,0.2158866271560751,yes,False,none,@303000 You can send us an e-mail via our website if you go to the following link:  https://t.co/JzP7hlA23B ^KI,fallback,"[{""customer_tweet_id"": 765713, ""customer_text"": ""@AmazonHelp No, I find your customer service menu on the app very confusing and can't work out how to send an email. I keep ending up on a chat with a robot that wants me to give it my phone number when I can't speak on the phone right now."", ""amazon_reply"": ""@303000 You can send us an e-mail via our website if you go to the following link:  https://t.co/JzP7hlA23B ^KI"", ""similarity"": 0.19463658328541517}, {""customer_tweet_id"": 530044, ""customer_text"": ""@AmazonHelp please get the live chat and call centre people some training. Absolutely disgusting service."", ""amazon_reply"": ""@242744 I apologize for the experience you had. We want to help. Without giving us any personal/account info, can you give us a little insight on the issue you are facing? ^BA"", ""similarity"": 0.19073980813640512}, {""customer_tweet_id"": 611196, ""customer_text"": ""@115821 @115830  @AmazonHelp As a student with a dying laptop I ordered a new Dell inspirion off of your site believing in your good customer service. Instead what has happened is that I firstly received duracell batteries, and when asked for a replacement then received..."", ""amazon_reply"": ""@265290 Sorry to hear about this issue. Have you contacted us here:  https://t.co/JzP7hlA23B to see what options we have available?^MI"", ""similarity"": 0.17091380054530755}]","You are evaluating an AI customer-support response.

Do NOT assume that a response is good merely because it resembles a
historical response.

Evaluate whether the candidate response actually addresses the customer's
message and whether its claims are supported by the supplied historical
evidence.

CUSTOMER MESSAGE:
@115830 @AmazonHelp lost order and call to speak to your 'escalation team'. Spoken to in a disgusting, condescending manner and you put the phone down on me after I asked the operator to clarify what steps I need to take next. Disgusting customer service.

HISTORICAL EVIDENCE:
Historical example 1
Similarity: 0.19463658328541517

Customer:
@AmazonHelp No, I find your customer service menu on the app very confusing and can't work out how to send an email. I keep ending up on a chat with a robot that wants me to give it my phone number when I can't speak on the phone right now.

Amazon reply:
@303000 You can send us an e-mail via our website if you go to the following link:  https://t.co/JzP7hlA23B ^KI

Historical example 2
Similarity: 0.19073980813640512

Customer:
@AmazonHelp please get the live chat and call centre people some training. Absolutely disgusting service.

Amazon reply:
@242744 I apologize for the experience you had. We want to help. Without giving us any personal/account info, can you give us a little insight on the issue you are facing? ^BA

Historical example 3
Similarity: 0.17091380054530755

Customer:
@115821 @115830  @AmazonHelp As a student with a dying laptop I ordered a new Dell inspirion off of your site believing in your good customer service. Instead what has happened is that I firstly received duracell batteries, and when asked for a replacement then received...

Amazon reply:
@265290 Sorry to hear about this issue. Have you contacted us here:  https://t.co/JzP7hlA23B to see what options we have available?^MI

CANDIDATE:
Retrieval

CANDIDATE RESPONSE:
@303000 You can send us an e-mail via our website if you go to the following link:  https://t.co/JzP7hlA23B ^KI

ESCALATION DECISION MADE BY THE SYSTEM:
False

ESCALATION REASON:
none


Score each response from 1 to 5 on:

1. helpfulness
   1 = does not help the customer
   3 = somewhat useful
   5 = directly useful and addresses the issue

2. intent_fit
   1 = clearly misunderstands the customer's issue
   3 = partially addresses it
   5 = directly addresses the customer's issue

3. grounding
   1 = unsupported or contradicts the historical evidence
   3 = partly consistent with evidence
   5 = clearly grounded in the historical evidence

4. factual_safety
   1 = invents facts, policies, actions, or guarantees
   3 = mostly safe but somewhat assumptive
   5 = makes no unsupported claims

5. escalation_appropriateness
   1 = escalation decision is clearly inappropriate
   3 = debatable
   5 = clearly appropriate

6. professionalism
   1 = poor/unprofessional
   3 = acceptable
   5 = clear, concise, professional support language

Also provide:

overall_pass:
true only if the response is reasonably helpful, safe, relevant,
and appropriate for the situation.

failure_reason:
A short explanation if overall_pass is false.
Use an empty string if the response passes.


Return ONLY valid JSON in exactly this structure:

{
  ""helpfulness"": 1,
  ""intent_fit"": 1,
  ""grounding"": 1,
  ""factual_safety"": 1,
  ""escalation_appropriateness"": 1,
  ""professionalism"": 1,
  ""overall_pass"": false,
  ""failure_reason"": ""short explanation""
}",,,,,,,,,pending,
2836887,Agent,"@115830 @AmazonHelp lost order and call to speak to your 'escalation team'. Spoken to in a disgusting, condescending manner and you put the phone down on me after I asked the operator to clarify what steps I need to take next. Disgusting customer service.",missing_package,other_general,0.2158866271560751,yes,False,none,I'm sorry you're experiencing this issue. Please provide the relevant order details so we can better understand the problem and determine the appropriate next steps.,fallback,"[{""customer_tweet_id"": 765713, ""customer_text"": ""@AmazonHelp No, I find your customer service menu on the app very confusing and can't work out how to send an email. I keep ending up on a chat with a robot that wants me to give it my phone number when I can't speak on the phone right now."", ""amazon_reply"": ""@303000 You can send us an e-mail via our website if you go to the following link:  https://t.co/JzP7hlA23B ^KI"", ""similarity"": 0.19463658328541517}, {""customer_tweet_id"": 530044, ""customer_text"": ""@AmazonHelp please get the live chat and call centre people some training. Absolutely disgusting service."", ""amazon_reply"": ""@242744 I apologize for the experience you had. We want to help. Without giving us any personal/account info, can you give us a little insight on the issue you are facing? ^BA"", ""similarity"": 0.19073980813640512}, {""customer_tweet_id"": 611196, ""customer_text"": ""@115821 @115830  @AmazonHelp As a student with a dying laptop I ordered a new Dell inspirion off of your site believing in your good customer service. Instead what has happened is that I firstly received duracell batteries, and when asked for a replacement then received..."", ""amazon_reply"": ""@265290 Sorry to hear about this issue. Have you contacted us here:  https://t.co/JzP7hlA23B to see what options we have available?^MI"", ""similarity"": 0.17091380054530755}]","You are evaluating an AI customer-support response.

Do NOT assume that a response is good merely because it resembles a
historical response.

Evaluate whether the candidate response actually addresses the customer's
message and whether its claims are supported by the supplied historical
evidence.

CUSTOMER MESSAGE:
@115830 @AmazonHelp lost order and call to speak to your 'escalation team'. Spoken to in a disgusting, condescending manner and you put the phone down on me after I asked the operator to clarify what steps I need to take next. Disgusting customer service.

HISTORICAL EVIDENCE:
Historical example 1
Similarity: 0.19463658328541517

Customer:
@AmazonHelp No, I find your customer service menu on the app very confusing and can't work out how to send an email. I keep ending up on a chat with a robot that wants me to give it my phone number when I can't speak on the phone right now.

Amazon reply:
@303000 You can send us an e-mail via our website if you go to the following link:  https://t.co/JzP7hlA23B ^KI

Historical example 2
Similarity: 0.19073980813640512

Customer:
@AmazonHelp please get the live chat and call centre people some training. Absolutely disgusting service.

Amazon reply:
@242744 I apologize for the experience you had. We want to help. Without giving us any personal/account info, can you give us a little insight on the issue you are facing? ^BA

Historical example 3
Similarity: 0.17091380054530755

Customer:
@115821 @115830  @AmazonHelp As a student with a dying laptop I ordered a new Dell inspirion off of your site believing in your good customer service. Instead what has happened is that I firstly received duracell batteries, and when asked for a replacement then received...

Amazon reply:
@265290 Sorry to hear about this issue. Have you contacted us here:  https://t.co/JzP7hlA23B to see what options we have available?^MI

CANDIDATE:
Agent

CANDIDATE RESPONSE:
I'm sorry you're experiencing this issue. Please provide the relevant order details so we can better understand the problem and determine the appropriate next steps.

ESCALATION DECISION MADE BY THE SYSTEM:
False

ESCALATION REASON:
none


Score each response from 1 to 5 on:

1. helpfulness
   1 = does not help the customer
   3 = somewhat useful
   5 = directly useful and addresses the issue

2. intent_fit
   1 = clearly misunderstands the customer's issue
   3 = partially addresses it
   5 = directly addresses the customer's issue

3. grounding
   1 = unsupported or contradicts the historical evidence
   3 = partly consistent with evidence
   5 = clearly grounded in the historical evidence

4. factual_safety
   1 = invents facts, policies, actions, or guarantees
   3 = mostly safe but somewhat assumptive
   5 = makes no unsupported claims

5. escalation_appropriateness
   1 = escalation decision is clearly inappropriate
   3 = debatable
   5 = clearly appropriate

6. professionalism
   1 = poor/unprofessional
   3 = acceptable
   5 = clear, concise, professional support language

Also provide:

overall_pass:
true only if the response is reasonably helpful, safe, relevant,
and appropriate for the situation.

failure_reason:
A short explanation if overall_pass is false.
Use an empty string if the response passes.


Return ONLY valid JSON in exactly this structure:

{
  ""helpfulness"": 1,
  ""intent_fit"": 1,
  ""grounding"": 1,
  ""factual_safety"": 1,
  ""escalation_appropriateness"": 1,
  ""professionalism"": 1,
  ""overall_pass"": false,
  ""failure_reason"": ""short explanation""
}",,,,,,,,,pending,
1406573,Generic,MY ONE DAY DELIVERY NEVER SHOWED UP @115830 YOU HAVE RUINED HALLOWEEN FOR ME. I HOPE YOURE PROUD OF YOURSELF. https://t.co/3HWapltxiw,delivery_delay,delivery_delay,0.2329729674406165,yes,False,none,I'm sorry you're experiencing this issue. Please provide the relevant order details so we can better understand the problem and determine the appropriate next steps.,fallback,"[{""customer_tweet_id"": 1234212, ""customer_text"": ""@115821 Why does \""same day delivery\"" constantly turn into next day delivery after I place the order? Commitment issues?"", ""amazon_reply"": ""@409483 Hi Clark. We'd like to help the best we can. Has the delivery date for your order changed? ^HC"", ""similarity"": 0.33496311717146154}, {""customer_tweet_id"": 836451, ""customer_text"": ""@115830 I pre-ordered one in August and then I did next day delivery for the second, neither have arrived."", ""amazon_reply"": ""@319104 Is there any info showing on their tracking via this link? : https://t.co/aaDyEz1VgE ^RL"", ""similarity"": 0.2673872565107404}, {""customer_tweet_id"": 550499, ""customer_text"": ""@115830 not looking good as a prime customer next day delivery still no sign so why do i pay for this service ?"", ""amazon_reply"": ""@248244 I am sorry for your disappointment with this order! It is never our intention! Have we missed a delivery date quoted in your confirmation email? You can check here:  https://t.co/aaDyEz1VgE Let us know Karl, we are here to help! ^DJ"", ""similarity"": 0.26570292827867553}]","You are evaluating an AI customer-support response.

Do NOT assume that a response is good merely because it resembles a
historical response.

Evaluate whether the candidate response actually addresses the customer's
message and whether its claims are supported by the supplied historical
evidence.

CUSTOMER MESSAGE:
MY ONE DAY DELIVERY NEVER SHOWED UP @115830 YOU HAVE RUINED HALLOWEEN FOR ME. I HOPE YOURE PROUD OF YOURSELF. https://t.co/3HWapltxiw

HISTORICAL EVIDENCE:
Historical example 1
Similarity: 0.33496311717146154

Customer:
@115821 Why does ""same day delivery"" constantly turn into next day delivery after I place the order? Commitment issues?

Amazon reply:
@409483 Hi Clark. We'd like to help the best we can. Has the delivery date for your order changed? ^HC

Historical example 2
Similarity: 0.2673872565107404

Customer:
@115830 I pre-ordered one in August and then I did next day delivery for the second, neither have arrived.

Amazon reply:
@319104 Is there any info showing on their tracking via this link? : https://t.co/aaDyEz1VgE ^RL

Historical example 3
Similarity: 0.26570292827867553

Customer:
@115830 not looking good as a prime customer next day delivery still no sign so why do i pay for this service ?

Amazon reply:
@248244 I am sorry for your disappointment with this order! It is never our intention! Have we missed a delivery date quoted in your confirmation email? You can check here:  https://t.co/aaDyEz1VgE Let us know Karl, we are here to help! ^DJ

CANDIDATE:
Generic

CANDIDATE RESPONSE:
I'm sorry you're experiencing this issue. Please provide the relevant order details so we can better understand the problem and determine the appropriate next steps.

ESCALATION DECISION MADE BY THE SYSTEM:
False

ESCALATION REASON:
none


Score each response from 1 to 5 on:

1. helpfulness
   1 = does not help the customer
   3 = somewhat useful
   5 = directly useful and addresses the issue

2. intent_fit
   1 = clearly misunderstands the customer's issue
   3 = partially addresses it
   5 = directly addresses the customer's issue

3. grounding
   1 = unsupported or contradicts the historical evidence
   3 = partly consistent with evidence
   5 = clearly grounded in the historical evidence

4. factual_safety
   1 = invents facts, policies, actions, or guarantees
   3 = mostly safe but somewhat assumptive
   5 = makes no unsupported claims

5. escalation_appropriateness
   1 = escalation decision is clearly inappropriate
   3 = debatable
   5 = clearly appropriate

6. professionalism
   1 = poor/unprofessional
   3 = acceptable
   5 = clear, concise, professional support language

Also provide:

overall_pass:
true only if the response is reasonably helpful, safe, relevant,
and appropriate for the situation.

failure_reason:
A short explanation if overall_pass is false.
Use an empty string if the response passes.


Return ONLY valid JSON in exactly this structure:

{
  ""helpfulness"": 1,
  ""intent_fit"": 1,
  ""grounding"": 1,
  ""factual_safety"": 1,
  ""escalation_appropriateness"": 1,
  ""professionalism"": 1,
  ""overall_pass"": false,
  ""failure_reason"": ""short explanation""
}",,,,,,,,,pending,
1406573,Retrieval,MY ONE DAY DELIVERY NEVER SHOWED UP @115830 YOU HAVE RUINED HALLOWEEN FOR ME. I HOPE YOURE PROUD OF YOURSELF. https://t.co/3HWapltxiw,delivery_delay,delivery_delay,0.2329729674406165,yes,False,none,@409483 Hi Clark. We'd like to help the best we can. Has the delivery date for your order changed? ^HC,fallback,"[{""customer_tweet_id"": 1234212, ""customer_text"": ""@115821 Why does \""same day delivery\"" constantly turn into next day delivery after I place the order? Commitment issues?"", ""amazon_reply"": ""@409483 Hi Clark. We'd like to help the best we can. Has the delivery date for your order changed? ^HC"", ""similarity"": 0.33496311717146154}, {""customer_tweet_id"": 836451, ""customer_text"": ""@115830 I pre-ordered one in August and then I did next day delivery for the second, neither have arrived."", ""amazon_reply"": ""@319104 Is there any info showing on their tracking via this link? : https://t.co/aaDyEz1VgE ^RL"", ""similarity"": 0.2673872565107404}, {""customer_tweet_id"": 550499, ""customer_text"": ""@115830 not looking good as a prime customer next day delivery still no sign so why do i pay for this service ?"", ""amazon_reply"": ""@248244 I am sorry for your disappointment with this order! It is never our intention! Have we missed a delivery date quoted in your confirmation email? You can check here:  https://t.co/aaDyEz1VgE Let us know Karl, we are here to help! ^DJ"", ""similarity"": 0.26570292827867553}]","You are evaluating an AI customer-support response.

Do NOT assume that a response is good merely because it resembles a
historical response.

Evaluate whether the candidate response actually addresses the customer's
message and whether its claims are supported by the supplied historical
evidence.

CUSTOMER MESSAGE:
MY ONE DAY DELIVERY NEVER SHOWED UP @115830 YOU HAVE RUINED HALLOWEEN FOR ME. I HOPE YOURE PROUD OF YOURSELF. https://t.co/3HWapltxiw

HISTORICAL EVIDENCE:
Historical example 1
Similarity: 0.33496311717146154

Customer:
@115821 Why does ""same day delivery"" constantly turn into next day delivery after I place the order? Commitment issues?

Amazon reply:
@409483 Hi Clark. We'd like to help the best we can. Has the delivery date for your order changed? ^HC

Historical example 2
Similarity: 0.2673872565107404

Customer:
@115830 I pre-ordered one in August and then I did next day delivery for the second, neither have arrived.

Amazon reply:
@319104 Is there any info showing on their tracking via this link? : https://t.co/aaDyEz1VgE ^RL

Historical example 3
Similarity: 0.26570292827867553

Customer:
@115830 not looking good as a prime customer next day delivery still no sign so why do i pay for this service ?

Amazon reply:
@248244 I am sorry for your disappointment with this order! It is never our intention! Have we missed a delivery date quoted in your confirmation email? You can check here:  https://t.co/aaDyEz1VgE Let us know Karl, we are here to help! ^DJ

CANDIDATE:
Retrieval

CANDIDATE RESPONSE:
@409483 Hi Clark. We'd like to help the best we can. Has the delivery date for your order changed? ^HC

ESCALATION DECISION MADE BY THE SYSTEM:
False

ESCALATION REASON:
none


Score each response from 1 to 5 on:

1. helpfulness
   1 = does not help the customer
   3 = somewhat useful
   5 = directly useful and addresses the issue

2. intent_fit
   1 = clearly misunderstands the customer's issue
   3 = partially addresses it
   5 = directly addresses the customer's issue

3. grounding
   1 = unsupported or contradicts the historical evidence
   3 = partly consistent with evidence
   5 = clearly grounded in the historical evidence

4. factual_safety
   1 = invents facts, policies, actions, or guarantees
   3 = mostly safe but somewhat assumptive
   5 = makes no unsupported claims

5. escalation_appropriateness
   1 = escalation decision is clearly inappropriate
   3 = debatable
   5 = clearly appropriate

6. professionalism
   1 = poor/unprofessional
   3 = acceptable
   5 = clear, concise, professional support language

Also provide:

overall_pass:
true only if the response is reasonably helpful, safe, relevant,
and appropriate for the situation.

failure_reason:
A short explanation if overall_pass is false.
Use an empty string if the response passes.


Return ONLY valid JSON in exactly this structure:

{
  ""helpfulness"": 1,
  ""intent_fit"": 1,
  ""grounding"": 1,
  ""factual_safety"": 1,
  ""escalation_appropriateness"": 1,
  ""professionalism"": 1,
  ""overall_pass"": false,
  ""failure_reason"": ""short explanation""
}",,,,,,,,,pending,
1406573,Agent,MY ONE DAY DELIVERY NEVER SHOWED UP @115830 YOU HAVE RUINED HALLOWEEN FOR ME. I HOPE YOURE PROUD OF YOURSELF. https://t.co/3HWapltxiw,delivery_delay,delivery_delay,0.2329729674406165,yes,False,none,I'm sorry your package is delayed. Please check the current tracking status of your order for the latest delivery information.,fallback,"[{""customer_tweet_id"": 1234212, ""customer_text"": ""@115821 Why does \""same day delivery\"" constantly turn into next day delivery after I place the order? Commitment issues?"", ""amazon_reply"": ""@409483 Hi Clark. We'd like to help the best we can. Has the delivery date for your order changed? ^HC"", ""similarity"": 0.33496311717146154}, {""customer_tweet_id"": 836451, ""customer_text"": ""@115830 I pre-ordered one in August and then I did next day delivery for the second, neither have arrived."", ""amazon_reply"": ""@319104 Is there any info showing on their tracking via this link? : https://t.co/aaDyEz1VgE ^RL"", ""similarity"": 0.2673872565107404}, {""customer_tweet_id"": 550499, ""customer_text"": ""@115830 not looking good as a prime customer next day delivery still no sign so why do i pay for this service ?"", ""amazon_reply"": ""@248244 I am sorry for your disappointment with this order! It is never our intention! Have we missed a delivery date quoted in your confirmation email? You can check here:  https://t.co/aaDyEz1VgE Let us know Karl, we are here to help! ^DJ"", ""similarity"": 0.26570292827867553}]","You are evaluating an AI customer-support response.

Do NOT assume that a response is good merely because it resembles a
historical response.

Evaluate whether the candidate response actually addresses the customer's
message and whether its claims are supported by the supplied historical
evidence.

CUSTOMER MESSAGE:
MY ONE DAY DELIVERY NEVER SHOWED UP @115830 YOU HAVE RUINED HALLOWEEN FOR ME. I HOPE YOURE PROUD OF YOURSELF. https://t.co/3HWapltxiw

HISTORICAL EVIDENCE:
Historical example 1
Similarity: 0.33496311717146154

Customer:
@115821 Why does ""same day delivery"" constantly turn into next day delivery after I place the order? Commitment issues?

Amazon reply:
@409483 Hi Clark. We'd like to help the best we can. Has the delivery date for your order changed? ^HC

Historical example 2
Similarity: 0.2673872565107404

Customer:
@115830 I pre-ordered one in August and then I did next day delivery for the second, neither have arrived.

Amazon reply:
@319104 Is there any info showing on their tracking via this link? : https://t.co/aaDyEz1VgE ^RL

Historical example 3
Similarity: 0.26570292827867553

Customer:
@115830 not looking good as a prime customer next day delivery still no sign so why do i pay for this service ?

Amazon reply:
@248244 I am sorry for your disappointment with this order! It is never our intention! Have we missed a delivery date quoted in your confirmation email? You can check here:  https://t.co/aaDyEz1VgE Let us know Karl, we are here to help! ^DJ

CANDIDATE:
Agent

CANDIDATE RESPONSE:
I'm sorry your package is delayed. Please check the current tracking status of your order for the latest delivery information.

ESCALATION DECISION MADE BY THE SYSTEM:
False

ESCALATION REASON:
none


Score each response from 1 to 5 on:

1. helpfulness
   1 = does not help the customer
   3 = somewhat useful
   5 = directly useful and addresses the issue

2. intent_fit
   1 = clearly misunderstands the customer's issue
   3 = partially addresses it
   5 = directly addresses the customer's issue

3. grounding
   1 = unsupported or contradicts the historical evidence
   3 = partly consistent with evidence
   5 = clearly grounded in the historical evidence

4. factual_safety
   1 = invents facts, policies, actions, or guarantees
   3 = mostly safe but somewhat assumptive
   5 = makes no unsupported claims

5. escalation_appropriateness
   1 = escalation decision is clearly inappropriate
   3 = debatable
   5 = clearly appropriate

6. professionalism
   1 = poor/unprofessional
   3 = acceptable
   5 = clear, concise, professional support language

Also provide:

overall_pass:
true only if the response is reasonably helpful, safe, relevant,
and appropriate for the situation.

failure_reason:
A short explanation if overall_pass is false.
Use an empty string if the response passes.


Return ONLY valid JSON in exactly this structure:

{
  ""helpfulness"": 1,
  ""intent_fit"": 1,
  ""grounding"": 1,
  ""factual_safety"": 1,
  ""escalation_appropriateness"": 1,
  ""professionalism"": 1,
  ""overall_pass"": false,
  ""failure_reason"": ""short explanation""
}",,,,,,,,,pending,
2318469,Generic,@115821 why do my orders disappear when an item goes out of stock but I don’t get a notification about it so I can order something else?,account_access,order_status_tracking,0.177212408746519,yes,True,low_intent_confidence,I'm sorry you're experiencing this issue. Please provide the relevant order details so we can better understand the problem and determine the appropriate next steps.,fallback,"[{""customer_tweet_id"": 1760384, ""customer_text"": ""@AmazonHelp Sure. I ordered a lot of 24 of an item, and I keep being sent 1 of the item."", ""amazon_reply"": ""@529830 Thanks for confirming! Since this requires account access, please contact here: https://t.co/233GuUIPkP for a full review. ^TM"", ""similarity"": 0.20088675280913695}, {""customer_tweet_id"": 172241, ""customer_text"": ""@AmazonHelp Time delivering it just so they can meet an empty house every day then give me a refund when it goes undelivered"", ""amazon_reply"": ""@156250 I'm truly sorry for the inconvenience. This is not the experience we want you to have! We'd like to help if we can. Please reach out to us here so we can share options with you: https://t.co/hApLpMlfHN ^MO"", ""similarity"": 0.12089574338869748}, {""customer_tweet_id"": 2460278, ""customer_text"": ""Hey @115821 I'd appreciate it if you would cancel my order for me😅😅😅😅😅😅😅"", ""amazon_reply"": ""@704512 Thanks for reaching out to us! We don't have access to your account via Twitter. Please check here for returns/refunds: https://t.co/WYHOlCv0Ty ^MO"", ""similarity"": 0.1154045993275047}]","You are evaluating an AI customer-support response.

Do NOT assume that a response is good merely because it resembles a
historical response.

Evaluate whether the candidate response actually addresses the customer's
message and whether its claims are supported by the supplied historical
evidence.

CUSTOMER MESSAGE:
@115821 why do my orders disappear when an item goes out of stock but I don’t get a notification about it so I can order something else?

HISTORICAL EVIDENCE:
Historical example 1
Similarity: 0.20088675280913695

Customer:
@AmazonHelp Sure. I ordered a lot of 24 of an item, and I keep being sent 1 of the item.

Amazon reply:
@529830 Thanks for confirming! Since this requires account access, please contact here: https://t.co/233GuUIPkP for a full review. ^TM

Historical example 2
Similarity: 0.12089574338869748

Customer:
@AmazonHelp Time delivering it just so they can meet an empty house every day then give me a refund when it goes undelivered

Amazon reply:
@156250 I'm truly sorry for the inconvenience. This is not the experience we want you to have! We'd like to help if we can. Please reach out to us here so we can share options with you: https://t.co/hApLpMlfHN ^MO

Historical example 3
Similarity: 0.1154045993275047

Customer:
Hey @115821 I'd appreciate it if you would cancel my order for me😅😅😅😅😅😅😅

Amazon reply:
@704512 Thanks for reaching out to us! We don't have access to your account via Twitter. Please check here for returns/refunds: https://t.co/WYHOlCv0Ty ^MO

CANDIDATE:
Generic

CANDIDATE RESPONSE:
I'm sorry you're experiencing this issue. Please provide the relevant order details so we can better understand the problem and determine the appropriate next steps.

ESCALATION DECISION MADE BY THE SYSTEM:
True

ESCALATION REASON:
low_intent_confidence


Score each response from 1 to 5 on:

1. helpfulness
   1 = does not help the customer
   3 = somewhat useful
   5 = directly useful and addresses the issue

2. intent_fit
   1 = clearly misunderstands the customer's issue
   3 = partially addresses it
   5 = directly addresses the customer's issue

3. grounding
   1 = unsupported or contradicts the historical evidence
   3 = partly consistent with evidence
   5 = clearly grounded in the historical evidence

4. factual_safety
   1 = invents facts, policies, actions, or guarantees
   3 = mostly safe but somewhat assumptive
   5 = makes no unsupported claims

5. escalation_appropriateness
   1 = escalation decision is clearly inappropriate
   3 = debatable
   5 = clearly appropriate

6. professionalism
   1 = poor/unprofessional
   3 = acceptable
   5 = clear, concise, professional support language

Also provide:

overall_pass:
true only if the response is reasonably helpful, safe, relevant,
and appropriate for the situation.

failure_reason:
A short explanation if overall_pass is false.
Use an empty string if the response passes.


Return ONLY valid JSON in exactly this structure:

{
  ""helpfulness"": 1,
  ""intent_fit"": 1,
  ""grounding"": 1,
  ""factual_safety"": 1,
  ""escalation_appropriateness"": 1,
  ""professionalism"": 1,
  ""overall_pass"": false,
  ""failure_reason"": ""short explanation""
}",,,,,,,,,pending,
2318469,Retrieval,@115821 why do my orders disappear when an item goes out of stock but I don’t get a notification about it so I can order something else?,account_access,order_status_tracking,0.177212408746519,yes,True,low_intent_confidence,"@529830 Thanks for confirming! Since this requires account access, please contact here: https://t.co/233GuUIPkP for a full review. ^TM",fallback,"[{""customer_tweet_id"": 1760384, ""customer_text"": ""@AmazonHelp Sure. I ordered a lot of 24 of an item, and I keep being sent 1 of the item."", ""amazon_reply"": ""@529830 Thanks for confirming! Since this requires account access, please contact here: https://t.co/233GuUIPkP for a full review. ^TM"", ""similarity"": 0.20088675280913695}, {""customer_tweet_id"": 172241, ""customer_text"": ""@AmazonHelp Time delivering it just so they can meet an empty house every day then give me a refund when it goes undelivered"", ""amazon_reply"": ""@156250 I'm truly sorry for the inconvenience. This is not the experience we want you to have! We'd like to help if we can. Please reach out to us here so we can share options with you: https://t.co/hApLpMlfHN ^MO"", ""similarity"": 0.12089574338869748}, {""customer_tweet_id"": 2460278, ""customer_text"": ""Hey @115821 I'd appreciate it if you would cancel my order for me😅😅😅😅😅😅😅"", ""amazon_reply"": ""@704512 Thanks for reaching out to us! We don't have access to your account via Twitter. Please check here for returns/refunds: https://t.co/WYHOlCv0Ty ^MO"", ""similarity"": 0.1154045993275047}]","You are evaluating an AI customer-support response.

Do NOT assume that a response is good merely because it resembles a
historical response.

Evaluate whether the candidate response actually addresses the customer's
message and whether its claims are supported by the supplied historical
evidence.

CUSTOMER MESSAGE:
@115821 why do my orders disappear when an item goes out of stock but I don’t get a notification about it so I can order something else?

HISTORICAL EVIDENCE:
Historical example 1
Similarity: 0.20088675280913695

Customer:
@AmazonHelp Sure. I ordered a lot of 24 of an item, and I keep being sent 1 of the item.

Amazon reply:
@529830 Thanks for confirming! Since this requires account access, please contact here: https://t.co/233GuUIPkP for a full review. ^TM

Historical example 2
Similarity: 0.12089574338869748

Customer:
@AmazonHelp Time delivering it just so they can meet an empty house every day then give me a refund when it goes undelivered

Amazon reply:
@156250 I'm truly sorry for the inconvenience. This is not the experience we want you to have! We'd like to help if we can. Please reach out to us here so we can share options with you: https://t.co/hApLpMlfHN ^MO

Historical example 3
Similarity: 0.1154045993275047

Customer:
Hey @115821 I'd appreciate it if you would cancel my order for me😅😅😅😅😅😅😅

Amazon reply:
@704512 Thanks for reaching out to us! We don't have access to your account via Twitter. Please check here for returns/refunds: https://t.co/WYHOlCv0Ty ^MO

CANDIDATE:
Retrieval

CANDIDATE RESPONSE:
@529830 Thanks for confirming! Since this requires account access, please contact here: https://t.co/233GuUIPkP for a full review. ^TM

ESCALATION DECISION MADE BY THE SYSTEM:
True

ESCALATION REASON:
low_intent_confidence


Score each response from 1 to 5 on:

1. helpfulness
   1 = does not help the customer
   3 = somewhat useful
   5 = directly useful and addresses the issue

2. intent_fit
   1 = clearly misunderstands the customer's issue
   3 = partially addresses it
   5 = directly addresses the customer's issue

3. grounding
   1 = unsupported or contradicts the historical evidence
   3 = partly consistent with evidence
   5 = clearly grounded in the historical evidence

4. factual_safety
   1 = invents facts, policies, actions, or guarantees
   3 = mostly safe but somewhat assumptive
   5 = makes no unsupported claims

5. escalation_appropriateness
   1 = escalation decision is clearly inappropriate
   3 = debatable
   5 = clearly appropriate

6. professionalism
   1 = poor/unprofessional
   3 = acceptable
   5 = clear, concise, professional support language

Also provide:

overall_pass:
true only if the response is reasonably helpful, safe, relevant,
and appropriate for the situation.

failure_reason:
A short explanation if overall_pass is false.
Use an empty string if the response passes.


Return ONLY valid JSON in exactly this structure:

{
  ""helpfulness"": 1,
  ""intent_fit"": 1,
  ""grounding"": 1,
  ""factual_safety"": 1,
  ""escalation_appropriateness"": 1,
  ""professionalism"": 1,
  ""overall_pass"": false,
  ""failure_reason"": ""short explanation""
}",,,,,,,,,pending,
2318469,Agent,@115821 why do my orders disappear when an item goes out of stock but I don’t get a notification about it so I can order something else?,account_access,order_status_tracking,0.177212408746519,yes,True,low_intent_confidence,I'm sorry you're experiencing this issue. I've identified that this case should be reviewed by a human support agent. A support agent can review the order details and help with the next steps.,fallback,"[{""customer_tweet_id"": 1760384, ""customer_text"": ""@AmazonHelp Sure. I ordered a lot of 24 of an item, and I keep being sent 1 of the item."", ""amazon_reply"": ""@529830 Thanks for confirming! Since this requires account access, please contact here: https://t.co/233GuUIPkP for a full review. ^TM"", ""similarity"": 0.20088675280913695}, {""customer_tweet_id"": 172241, ""customer_text"": ""@AmazonHelp Time delivering it just so they can meet an empty house every day then give me a refund when it goes undelivered"", ""amazon_reply"": ""@156250 I'm truly sorry for the inconvenience. This is not the experience we want you to have! We'd like to help if we can. Please reach out to us here so we can share options with you: https://t.co/hApLpMlfHN ^MO"", ""similarity"": 0.12089574338869748}, {""customer_tweet_id"": 2460278, ""customer_text"": ""Hey @115821 I'd appreciate it if you would cancel my order for me😅😅😅😅😅😅😅"", ""amazon_reply"": ""@704512 Thanks for reaching out to us! We don't have access to your account via Twitter. Please check here for returns/refunds: https://t.co/WYHOlCv0Ty ^MO"", ""similarity"": 0.1154045993275047}]","You are evaluating an AI customer-support response.

Do NOT assume that a response is good merely because it resembles a
historical response.

Evaluate whether the candidate response actually addresses the customer's
message and whether its claims are supported by the supplied historical
evidence.

CUSTOMER MESSAGE:
@115821 why do my orders disappear when an item goes out of stock but I don’t get a notification about it so I can order something else?

HISTORICAL EVIDENCE:
Historical example 1
Similarity: 0.20088675280913695

Customer:
@AmazonHelp Sure. I ordered a lot of 24 of an item, and I keep being sent 1 of the item.

Amazon reply:
@529830 Thanks for confirming! Since this requires account access, please contact here: https://t.co/233GuUIPkP for a full review. ^TM

Historical example 2
Similarity: 0.12089574338869748

Customer:
@AmazonHelp Time delivering it just so they can meet an empty house every day then give me a refund when it goes undelivered

Amazon reply:
@156250 I'm truly sorry for the inconvenience. This is not the experience we want you to have! We'd like to help if we can. Please reach out to us here so we can share options with you: https://t.co/hApLpMlfHN ^MO

Historical example 3
Similarity: 0.1154045993275047

Customer:
Hey @115821 I'd appreciate it if you would cancel my order for me😅😅😅😅😅😅😅

Amazon reply:
@704512 Thanks for reaching out to us! We don't have access to your account via Twitter. Please check here for returns/refunds: https://t.co/WYHOlCv0Ty ^MO

CANDIDATE:
Agent

CANDIDATE RESPONSE:
I'm sorry you're experiencing this issue. I've identified that this case should be reviewed by a human support agent. A support agent can review the order details and help with the next steps.

ESCALATION DECISION MADE BY THE SYSTEM:
True

ESCALATION REASON:
low_intent_confidence


Score each response from 1 to 5 on:

1. helpfulness
   1 = does not help the customer
   3 = somewhat useful
   5 = directly useful and addresses the issue

2. intent_fit
   1 = clearly misunderstands the customer's issue
   3 = partially addresses it
   5 = directly addresses the customer's issue

3. grounding
   1 = unsupported or contradicts the historical evidence
   3 = partly consistent with evidence
   5 = clearly grounded in the historical evidence

4. factual_safety
   1 = invents facts, policies, actions, or guarantees
   3 = mostly safe but somewhat assumptive
   5 = makes no unsupported claims

5. escalation_appropriateness
   1 = escalation decision is clearly inappropriate
   3 = debatable
   5 = clearly appropriate

6. professionalism
   1 = poor/unprofessional
   3 = acceptable
   5 = clear, concise, professional support language

Also provide:

overall_pass:
true only if the response is reasonably helpful, safe, relevant,
and appropriate for the situation.

failure_reason:
A short explanation if overall_pass is false.
Use an empty string if the response passes.


Return ONLY valid JSON in exactly this structure:

{
  ""helpfulness"": 1,
  ""intent_fit"": 1,
  ""grounding"": 1,
  ""factual_safety"": 1,
  ""escalation_appropriateness"": 1,
  ""professionalism"": 1,
  ""overall_pass"": false,
  ""failure_reason"": ""short explanation""
}",,,,,,,,,pending,
366498,Generic,@AmazonHelp I’d like to undo an accidental cancellation of an order @ can’t find the option. Could you do it if I tell you the order # ?,return_replacement,order_status_tracking,0.1720598085853459,no,True,low_intent_confidence,I'm sorry you're experiencing this issue. Please provide the relevant order details so we can better understand the problem and determine the appropriate next steps.,fallback,"[{""customer_tweet_id"": 1173873, ""customer_text"": ""@AmazonHelp Please cancel my Order# 402-2908878-9776322\nIt's not yet shipped by Seller..have also placed a cancellation request with Seller"", ""amazon_reply"": ""@396102 Please don't provide your order details, we consider it personal info. Our Twitter page is visible to public. ^NR 2/2"", ""similarity"": 0.16602888794044168}, {""customer_tweet_id"": 2279713, ""customer_text"": ""@115850  Waiting for refund for order # : ORDER # 408-6560878-8566768 . Its been 3 months."", ""amazon_reply"": ""@662766 Apologies for the trouble. Have you reported this to our support team? If not, kindly report it here: https://t.co/rS49hgaADF. Please don't provide your order details, we consider it to be personal information. Our page is visible to the public. ^MO"", ""similarity"": 0.1621763893455105}, {""customer_tweet_id"": 439253, ""customer_text"": ""@AmazonHelp I'm wrongly buying a washing machine on offer period I place my order cancellation on the same time but till date I'm not received my money."", ""amazon_reply"": ""@219321 I understand your query is regarding refund, request you to contact us here https://t.co/rS49hgaADF and we'll assist you. ^VH"", ""similarity"": 0.15229893223878962}]","You are evaluating an AI customer-support response.

Do NOT assume that a response is good merely because it resembles a
historical response.

Evaluate whether the candidate response actually addresses the customer's
message and whether its claims are supported by the supplied historical
evidence.

CUSTOMER MESSAGE:
@AmazonHelp I’d like to undo an accidental cancellation of an order @ can’t find the option. Could you do it if I tell you the order # ?

HISTORICAL EVIDENCE:
Historical example 1
Similarity: 0.16602888794044168

Customer:
@AmazonHelp Please cancel my Order# 402-2908878-9776322
It's not yet shipped by Seller..have also placed a cancellation request with Seller

Amazon reply:
@396102 Please don't provide your order details, we consider it personal info. Our Twitter page is visible to public. ^NR 2/2

Historical example 2
Similarity: 0.1621763893455105

Customer:
@115850  Waiting for refund for order # : ORDER # 408-6560878-8566768 . Its been 3 months.

Amazon reply:
@662766 Apologies for the trouble. Have you reported this to our support team? If not, kindly report it here: https://t.co/rS49hgaADF. Please don't provide your order details, we consider it to be personal information. Our page is visible to the public. ^MO

Historical example 3
Similarity: 0.15229893223878962

Customer:
@AmazonHelp I'm wrongly buying a washing machine on offer period I place my order cancellation on the same time but till date I'm not received my money.

Amazon reply:
@219321 I understand your query is regarding refund, request you to contact us here https://t.co/rS49hgaADF and we'll assist you. ^VH

CANDIDATE:
Generic

CANDIDATE RESPONSE:
I'm sorry you're experiencing this issue. Please provide the relevant order details so we can better understand the problem and determine the appropriate next steps.

ESCALATION DECISION MADE BY THE SYSTEM:
True

ESCALATION REASON:
low_intent_confidence


Score each response from 1 to 5 on:

1. helpfulness
   1 = does not help the customer
   3 = somewhat useful
   5 = directly useful and addresses the issue

2. intent_fit
   1 = clearly misunderstands the customer's issue
   3 = partially addresses it
   5 = directly addresses the customer's issue

3. grounding
   1 = unsupported or contradicts the historical evidence
   3 = partly consistent with evidence
   5 = clearly grounded in the historical evidence

4. factual_safety
   1 = invents facts, policies, actions, or guarantees
   3 = mostly safe but somewhat assumptive
   5 = makes no unsupported claims

5. escalation_appropriateness
   1 = escalation decision is clearly inappropriate
   3 = debatable
   5 = clearly appropriate

6. professionalism
   1 = poor/unprofessional
   3 = acceptable
   5 = clear, concise, professional support language

Also provide:

overall_pass:
true only if the response is reasonably helpful, safe, relevant,
and appropriate for the situation.

failure_reason:
A short explanation if overall_pass is false.
Use an empty string if the response passes.


Return ONLY valid JSON in exactly this structure:

{
  ""helpfulness"": 1,
  ""intent_fit"": 1,
  ""grounding"": 1,
  ""factual_safety"": 1,
  ""escalation_appropriateness"": 1,
  ""professionalism"": 1,
  ""overall_pass"": false,
  ""failure_reason"": ""short explanation""
}",,,,,,,,,pending,
366498,Retrieval,@AmazonHelp I’d like to undo an accidental cancellation of an order @ can’t find the option. Could you do it if I tell you the order # ?,return_replacement,order_status_tracking,0.1720598085853459,no,True,low_intent_confidence,"@396102 Please don't provide your order details, we consider it personal info. Our Twitter page is visible to public. ^NR 2/2",fallback,"[{""customer_tweet_id"": 1173873, ""customer_text"": ""@AmazonHelp Please cancel my Order# 402-2908878-9776322\nIt's not yet shipped by Seller..have also placed a cancellation request with Seller"", ""amazon_reply"": ""@396102 Please don't provide your order details, we consider it personal info. Our Twitter page is visible to public. ^NR 2/2"", ""similarity"": 0.16602888794044168}, {""customer_tweet_id"": 2279713, ""customer_text"": ""@115850  Waiting for refund for order # : ORDER # 408-6560878-8566768 . Its been 3 months."", ""amazon_reply"": ""@662766 Apologies for the trouble. Have you reported this to our support team? If not, kindly report it here: https://t.co/rS49hgaADF. Please don't provide your order details, we consider it to be personal information. Our page is visible to the public. ^MO"", ""similarity"": 0.1621763893455105}, {""customer_tweet_id"": 439253, ""customer_text"": ""@AmazonHelp I'm wrongly buying a washing machine on offer period I place my order cancellation on the same time but till date I'm not received my money."", ""amazon_reply"": ""@219321 I understand your query is regarding refund, request you to contact us here https://t.co/rS49hgaADF and we'll assist you. ^VH"", ""similarity"": 0.15229893223878962}]","You are evaluating an AI customer-support response.

Do NOT assume that a response is good merely because it resembles a
historical response.

Evaluate whether the candidate response actually addresses the customer's
message and whether its claims are supported by the supplied historical
evidence.

CUSTOMER MESSAGE:
@AmazonHelp I’d like to undo an accidental cancellation of an order @ can’t find the option. Could you do it if I tell you the order # ?

HISTORICAL EVIDENCE:
Historical example 1
Similarity: 0.16602888794044168

Customer:
@AmazonHelp Please cancel my Order# 402-2908878-9776322
It's not yet shipped by Seller..have also placed a cancellation request with Seller

Amazon reply:
@396102 Please don't provide your order details, we consider it personal info. Our Twitter page is visible to public. ^NR 2/2

Historical example 2
Similarity: 0.1621763893455105

Customer:
@115850  Waiting for refund for order # : ORDER # 408-6560878-8566768 . Its been 3 months.

Amazon reply:
@662766 Apologies for the trouble. Have you reported this to our support team? If not, kindly report it here: https://t.co/rS49hgaADF. Please don't provide your order details, we consider it to be personal information. Our page is visible to the public. ^MO

Historical example 3
Similarity: 0.15229893223878962

Customer:
@AmazonHelp I'm wrongly buying a washing machine on offer period I place my order cancellation on the same time but till date I'm not received my money.

Amazon reply:
@219321 I understand your query is regarding refund, request you to contact us here https://t.co/rS49hgaADF and we'll assist you. ^VH

CANDIDATE:
Retrieval

CANDIDATE RESPONSE:
@396102 Please don't provide your order details, we consider it personal info. Our Twitter page is visible to public. ^NR 2/2

ESCALATION DECISION MADE BY THE SYSTEM:
True

ESCALATION REASON:
low_intent_confidence


Score each response from 1 to 5 on:

1. helpfulness
   1 = does not help the customer
   3 = somewhat useful
   5 = directly useful and addresses the issue

2. intent_fit
   1 = clearly misunderstands the customer's issue
   3 = partially addresses it
   5 = directly addresses the customer's issue

3. grounding
   1 = unsupported or contradicts the historical evidence
   3 = partly consistent with evidence
   5 = clearly grounded in the historical evidence

4. factual_safety
   1 = invents facts, policies, actions, or guarantees
   3 = mostly safe but somewhat assumptive
   5 = makes no unsupported claims

5. escalation_appropriateness
   1 = escalation decision is clearly inappropriate
   3 = debatable
   5 = clearly appropriate

6. professionalism
   1 = poor/unprofessional
   3 = acceptable
   5 = clear, concise, professional support language

Also provide:

overall_pass:
true only if the response is reasonably helpful, safe, relevant,
and appropriate for the situation.

failure_reason:
A short explanation if overall_pass is false.
Use an empty string if the response passes.


Return ONLY valid JSON in exactly this structure:

{
  ""helpfulness"": 1,
  ""intent_fit"": 1,
  ""grounding"": 1,
  ""factual_safety"": 1,
  ""escalation_appropriateness"": 1,
  ""professionalism"": 1,
  ""overall_pass"": false,
  ""failure_reason"": ""short explanation""
}",,,,,,,,,pending,
366498,Agent,@AmazonHelp I’d like to undo an accidental cancellation of an order @ can’t find the option. Could you do it if I tell you the order # ?,return_replacement,order_status_tracking,0.1720598085853459,no,True,low_intent_confidence,I'm sorry you're experiencing this issue. I've identified that this case should be reviewed by a human support agent. A support agent can review the order details and help with the next steps.,fallback,"[{""customer_tweet_id"": 1173873, ""customer_text"": ""@AmazonHelp Please cancel my Order# 402-2908878-9776322\nIt's not yet shipped by Seller..have also placed a cancellation request with Seller"", ""amazon_reply"": ""@396102 Please don't provide your order details, we consider it personal info. Our Twitter page is visible to public. ^NR 2/2"", ""similarity"": 0.16602888794044168}, {""customer_tweet_id"": 2279713, ""customer_text"": ""@115850  Waiting for refund for order # : ORDER # 408-6560878-8566768 . Its been 3 months."", ""amazon_reply"": ""@662766 Apologies for the trouble. Have you reported this to our support team? If not, kindly report it here: https://t.co/rS49hgaADF. Please don't provide your order details, we consider it to be personal information. Our page is visible to the public. ^MO"", ""similarity"": 0.1621763893455105}, {""customer_tweet_id"": 439253, ""customer_text"": ""@AmazonHelp I'm wrongly buying a washing machine on offer period I place my order cancellation on the same time but till date I'm not received my money."", ""amazon_reply"": ""@219321 I understand your query is regarding refund, request you to contact us here https://t.co/rS49hgaADF and we'll assist you. ^VH"", ""similarity"": 0.15229893223878962}]","You are evaluating an AI customer-support response.

Do NOT assume that a response is good merely because it resembles a
historical response.

Evaluate whether the candidate response actually addresses the customer's
message and whether its claims are supported by the supplied historical
evidence.

CUSTOMER MESSAGE:
@AmazonHelp I’d like to undo an accidental cancellation of an order @ can’t find the option. Could you do it if I tell you the order # ?

HISTORICAL EVIDENCE:
Historical example 1
Similarity: 0.16602888794044168

Customer:
@AmazonHelp Please cancel my Order# 402-2908878-9776322
It's not yet shipped by Seller..have also placed a cancellation request with Seller

Amazon reply:
@396102 Please don't provide your order details, we consider it personal info. Our Twitter page is visible to public. ^NR 2/2

Historical example 2
Similarity: 0.1621763893455105

Customer:
@115850  Waiting for refund for order # : ORDER # 408-6560878-8566768 . Its been 3 months.

Amazon reply:
@662766 Apologies for the trouble. Have you reported this to our support team? If not, kindly report it here: https://t.co/rS49hgaADF. Please don't provide your order details, we consider it to be personal information. Our page is visible to the public. ^MO

Historical example 3
Similarity: 0.15229893223878962

Customer:
@AmazonHelp I'm wrongly buying a washing machine on offer period I place my order cancellation on the same time but till date I'm not received my money.

Amazon reply:
@219321 I understand your query is regarding refund, request you to contact us here https://t.co/rS49hgaADF and we'll assist you. ^VH

CANDIDATE:
Agent

CANDIDATE RESPONSE:
I'm sorry you're experiencing this issue. I've identified that this case should be reviewed by a human support agent. A support agent can review the order details and help with the next steps.

ESCALATION DECISION MADE BY THE SYSTEM:
True

ESCALATION REASON:
low_intent_confidence


Score each response from 1 to 5 on:

1. helpfulness
   1 = does not help the customer
   3 = somewhat useful
   5 = directly useful and addresses the issue

2. intent_fit
   1 = clearly misunderstands the customer's issue
   3 = partially addresses it
   5 = directly addresses the customer's issue

3. grounding
   1 = unsupported or contradicts the historical evidence
   3 = partly consistent with evidence
   5 = clearly grounded in the historical evidence

4. factual_safety
   1 = invents facts, policies, actions, or guarantees
   3 = mostly safe but somewhat assumptive
   5 = makes no unsupported claims

5. escalation_appropriateness
   1 = escalation decision is clearly inappropriate
   3 = debatable
   5 = clearly appropriate

6. professionalism
   1 = poor/unprofessional
   3 = acceptable
   5 = clear, concise, professional support language

Also provide:

overall_pass:
true only if the response is reasonably helpful, safe, relevant,
and appropriate for the situation.

failure_reason:
A short explanation if overall_pass is false.
Use an empty string if the response passes.


Return ONLY valid JSON in exactly this structure:

{
  ""helpfulness"": 1,
  ""intent_fit"": 1,
  ""grounding"": 1,
  ""factual_safety"": 1,
  ""escalation_appropriateness"": 1,
  ""professionalism"": 1,
  ""overall_pass"": false,
  ""failure_reason"": ""short explanation""
}",,,,,,,,,pending,
2212038,Generic,"Hi @115821, your delivery service sucks.  Can you give Prime members a @115817 delivery option? At least they know what they are doing.",order_status_tracking,delivery_delay,0.3459127534918009,yes,False,none,I'm sorry you're experiencing this issue. Please provide the relevant order details so we can better understand the problem and determine the appropriate next steps.,fallback,"[{""customer_tweet_id"": 1405313, ""customer_text"": ""@AmazonHelp What is the differnece between prime reading and unlimited? Which one is free for prime members without additional services? 1/2"", ""amazon_reply"": ""@172901 Kindle Unlimited is an extra subscription that gives you access to a large catalog of Kindle titles: https://t.co/KI1R1WQ6RC ^TH"", ""similarity"": 0.22489326276336227}, {""customer_tweet_id"": 939517, ""customer_text"": ""@AmazonHelp @115817 But they didnt. Somehow @115821 system shows it as if it was picked up."", ""amazon_reply"": ""@342711 Thanks for the info. We'd like a second chance to look into this. Please contact us here: https://t.co/EKXRLsnxJu ^GG"", ""similarity"": 0.14642084945839148}, {""customer_tweet_id"": 2504828, ""customer_text"": ""Hi @115830. Thanks for my Prime delivery today. Who pays for a replacement letterbox please? https://t.co/tLLnGGpdrW"", ""amazon_reply"": ""@714306 I'm so sorry about the damage to your letterbox, Dave! Can you reach out to us via phone here so that we can look into this with you?  https://t.co/JzP7hlA23B ^GS"", ""similarity"": 0.13179882534121137}]","You are evaluating an AI customer-support response.

Do NOT assume that a response is good merely because it resembles a
historical response.

Evaluate whether the candidate response actually addresses the customer's
message and whether its claims are supported by the supplied historical
evidence.

CUSTOMER MESSAGE:
Hi @115821, your delivery service sucks.  Can you give Prime members a @115817 delivery option? At least they know what they are doing.

HISTORICAL EVIDENCE:
Historical example 1
Similarity: 0.22489326276336227

Customer:
@AmazonHelp What is the differnece between prime reading and unlimited? Which one is free for prime members without additional services? 1/2

Amazon reply:
@172901 Kindle Unlimited is an extra subscription that gives you access to a large catalog of Kindle titles: https://t.co/KI1R1WQ6RC ^TH

Historical example 2
Similarity: 0.14642084945839148

Customer:
@AmazonHelp @115817 But they didnt. Somehow @115821 system shows it as if it was picked up.

Amazon reply:
@342711 Thanks for the info. We'd like a second chance to look into this. Please contact us here: https://t.co/EKXRLsnxJu ^GG

Historical example 3
Similarity: 0.13179882534121137

Customer:
Hi @115830. Thanks for my Prime delivery today. Who pays for a replacement letterbox please? https://t.co/tLLnGGpdrW

Amazon reply:
@714306 I'm so sorry about the damage to your letterbox, Dave! Can you reach out to us via phone here so that we can look into this with you?  https://t.co/JzP7hlA23B ^GS

CANDIDATE:
Generic

CANDIDATE RESPONSE:
I'm sorry you're experiencing this issue. Please provide the relevant order details so we can better understand the problem and determine the appropriate next steps.

ESCALATION DECISION MADE BY THE SYSTEM:
False

ESCALATION REASON:
none


Score each response from 1 to 5 on:

1. helpfulness
   1 = does not help the customer
   3 = somewhat useful
   5 = directly useful and addresses the issue

2. intent_fit
   1 = clearly misunderstands the customer's issue
   3 = partially addresses it
   5 = directly addresses the customer's issue

3. grounding
   1 = unsupported or contradicts the historical evidence
   3 = partly consistent with evidence
   5 = clearly grounded in the historical evidence

4. factual_safety
   1 = invents facts, policies, actions, or guarantees
   3 = mostly safe but somewhat assumptive
   5 = makes no unsupported claims

5. escalation_appropriateness
   1 = escalation decision is clearly inappropriate
   3 = debatable
   5 = clearly appropriate

6. professionalism
   1 = poor/unprofessional
   3 = acceptable
   5 = clear, concise, professional support language

Also provide:

overall_pass:
true only if the response is reasonably helpful, safe, relevant,
and appropriate for the situation.

failure_reason:
A short explanation if overall_pass is false.
Use an empty string if the response passes.


Return ONLY valid JSON in exactly this structure:

{
  ""helpfulness"": 1,
  ""intent_fit"": 1,
  ""grounding"": 1,
  ""factual_safety"": 1,
  ""escalation_appropriateness"": 1,
  ""professionalism"": 1,
  ""overall_pass"": false,
  ""failure_reason"": ""short explanation""
}",,,,,,,,,pending,
2212038,Retrieval,"Hi @115821, your delivery service sucks.  Can you give Prime members a @115817 delivery option? At least they know what they are doing.",order_status_tracking,delivery_delay,0.3459127534918009,yes,False,none,@172901 Kindle Unlimited is an extra subscription that gives you access to a large catalog of Kindle titles: https://t.co/KI1R1WQ6RC ^TH,fallback,"[{""customer_tweet_id"": 1405313, ""customer_text"": ""@AmazonHelp What is the differnece between prime reading and unlimited? Which one is free for prime members without additional services? 1/2"", ""amazon_reply"": ""@172901 Kindle Unlimited is an extra subscription that gives you access to a large catalog of Kindle titles: https://t.co/KI1R1WQ6RC ^TH"", ""similarity"": 0.22489326276336227}, {""customer_tweet_id"": 939517, ""customer_text"": ""@AmazonHelp @115817 But they didnt. Somehow @115821 system shows it as if it was picked up."", ""amazon_reply"": ""@342711 Thanks for the info. We'd like a second chance to look into this. Please contact us here: https://t.co/EKXRLsnxJu ^GG"", ""similarity"": 0.14642084945839148}, {""customer_tweet_id"": 2504828, ""customer_text"": ""Hi @115830. Thanks for my Prime delivery today. Who pays for a replacement letterbox please? https://t.co/tLLnGGpdrW"", ""amazon_reply"": ""@714306 I'm so sorry about the damage to your letterbox, Dave! Can you reach out to us via phone here so that we can look into this with you?  https://t.co/JzP7hlA23B ^GS"", ""similarity"": 0.13179882534121137}]","You are evaluating an AI customer-support response.

Do NOT assume that a response is good merely because it resembles a
historical response.

Evaluate whether the candidate response actually addresses the customer's
message and whether its claims are supported by the supplied historical
evidence.

CUSTOMER MESSAGE:
Hi @115821, your delivery service sucks.  Can you give Prime members a @115817 delivery option? At least they know what they are doing.

HISTORICAL EVIDENCE:
Historical example 1
Similarity: 0.22489326276336227

Customer:
@AmazonHelp What is the differnece between prime reading and unlimited? Which one is free for prime members without additional services? 1/2

Amazon reply:
@172901 Kindle Unlimited is an extra subscription that gives you access to a large catalog of Kindle titles: https://t.co/KI1R1WQ6RC ^TH

Historical example 2
Similarity: 0.14642084945839148

Customer:
@AmazonHelp @115817 But they didnt. Somehow @115821 system shows it as if it was picked up.

Amazon reply:
@342711 Thanks for the info. We'd like a second chance to look into this. Please contact us here: https://t.co/EKXRLsnxJu ^GG

Historical example 3
Similarity: 0.13179882534121137

Customer:
Hi @115830. Thanks for my Prime delivery today. Who pays for a replacement letterbox please? https://t.co/tLLnGGpdrW

Amazon reply:
@714306 I'm so sorry about the damage to your letterbox, Dave! Can you reach out to us via phone here so that we can look into this with you?  https://t.co/JzP7hlA23B ^GS

CANDIDATE:
Retrieval

CANDIDATE RESPONSE:
@172901 Kindle Unlimited is an extra subscription that gives you access to a large catalog of Kindle titles: https://t.co/KI1R1WQ6RC ^TH

ESCALATION DECISION MADE BY THE SYSTEM:
False

ESCALATION REASON:
none


Score each response from 1 to 5 on:

1. helpfulness
   1 = does not help the customer
   3 = somewhat useful
   5 = directly useful and addresses the issue

2. intent_fit
   1 = clearly misunderstands the customer's issue
   3 = partially addresses it
   5 = directly addresses the customer's issue

3. grounding
   1 = unsupported or contradicts the historical evidence
   3 = partly consistent with evidence
   5 = clearly grounded in the historical evidence

4. factual_safety
   1 = invents facts, policies, actions, or guarantees
   3 = mostly safe but somewhat assumptive
   5 = makes no unsupported claims

5. escalation_appropriateness
   1 = escalation decision is clearly inappropriate
   3 = debatable
   5 = clearly appropriate

6. professionalism
   1 = poor/unprofessional
   3 = acceptable
   5 = clear, concise, professional support language

Also provide:

overall_pass:
true only if the response is reasonably helpful, safe, relevant,
and appropriate for the situation.

failure_reason:
A short explanation if overall_pass is false.
Use an empty string if the response passes.


Return ONLY valid JSON in exactly this structure:

{
  ""helpfulness"": 1,
  ""intent_fit"": 1,
  ""grounding"": 1,
  ""factual_safety"": 1,
  ""escalation_appropriateness"": 1,
  ""professionalism"": 1,
  ""overall_pass"": false,
  ""failure_reason"": ""short explanation""
}",,,,,,,,,pending,
2212038,Agent,"Hi @115821, your delivery service sucks.  Can you give Prime members a @115817 delivery option? At least they know what they are doing.",order_status_tracking,delivery_delay,0.3459127534918009,yes,False,none,I'm sorry your package is delayed. Please check the current tracking status of your order for the latest delivery information.,fallback,"[{""customer_tweet_id"": 1405313, ""customer_text"": ""@AmazonHelp What is the differnece between prime reading and unlimited? Which one is free for prime members without additional services? 1/2"", ""amazon_reply"": ""@172901 Kindle Unlimited is an extra subscription that gives you access to a large catalog of Kindle titles: https://t.co/KI1R1WQ6RC ^TH"", ""similarity"": 0.22489326276336227}, {""customer_tweet_id"": 939517, ""customer_text"": ""@AmazonHelp @115817 But they didnt. Somehow @115821 system shows it as if it was picked up."", ""amazon_reply"": ""@342711 Thanks for the info. We'd like a second chance to look into this. Please contact us here: https://t.co/EKXRLsnxJu ^GG"", ""similarity"": 0.14642084945839148}, {""customer_tweet_id"": 2504828, ""customer_text"": ""Hi @115830. Thanks for my Prime delivery today. Who pays for a replacement letterbox please? https://t.co/tLLnGGpdrW"", ""amazon_reply"": ""@714306 I'm so sorry about the damage to your letterbox, Dave! Can you reach out to us via phone here so that we can look into this with you?  https://t.co/JzP7hlA23B ^GS"", ""similarity"": 0.13179882534121137}]","You are evaluating an AI customer-support response.

Do NOT assume that a response is good merely because it resembles a
historical response.

Evaluate whether the candidate response actually addresses the customer's
message and whether its claims are supported by the supplied historical
evidence.

CUSTOMER MESSAGE:
Hi @115821, your delivery service sucks.  Can you give Prime members a @115817 delivery option? At least they know what they are doing.

HISTORICAL EVIDENCE:
Historical example 1
Similarity: 0.22489326276336227

Customer:
@AmazonHelp What is the differnece between prime reading and unlimited? Which one is free for prime members without additional services? 1/2

Amazon reply:
@172901 Kindle Unlimited is an extra subscription that gives you access to a large catalog of Kindle titles: https://t.co/KI1R1WQ6RC ^TH

Historical example 2
Similarity: 0.14642084945839148

Customer:
@AmazonHelp @115817 But they didnt. Somehow @115821 system shows it as if it was picked up.

Amazon reply:
@342711 Thanks for the info. We'd like a second chance to look into this. Please contact us here: https://t.co/EKXRLsnxJu ^GG

Historical example 3
Similarity: 0.13179882534121137

Customer:
Hi @115830. Thanks for my Prime delivery today. Who pays for a replacement letterbox please? https://t.co/tLLnGGpdrW

Amazon reply:
@714306 I'm so sorry about the damage to your letterbox, Dave! Can you reach out to us via phone here so that we can look into this with you?  https://t.co/JzP7hlA23B ^GS

CANDIDATE:
Agent

CANDIDATE RESPONSE:
I'm sorry your package is delayed. Please check the current tracking status of your order for the latest delivery information.

ESCALATION DECISION MADE BY THE SYSTEM:
False

ESCALATION REASON:
none


Score each response from 1 to 5 on:

1. helpfulness
   1 = does not help the customer
   3 = somewhat useful
   5 = directly useful and addresses the issue

2. intent_fit
   1 = clearly misunderstands the customer's issue
   3 = partially addresses it
   5 = directly addresses the customer's issue

3. grounding
   1 = unsupported or contradicts the historical evidence
   3 = partly consistent with evidence
   5 = clearly grounded in the historical evidence

4. factual_safety
   1 = invents facts, policies, actions, or guarantees
   3 = mostly safe but somewhat assumptive
   5 = makes no unsupported claims

5. escalation_appropriateness
   1 = escalation decision is clearly inappropriate
   3 = debatable
   5 = clearly appropriate

6. professionalism
   1 = poor/unprofessional
   3 = acceptable
   5 = clear, concise, professional support language

Also provide:

overall_pass:
true only if the response is reasonably helpful, safe, relevant,
and appropriate for the situation.

failure_reason:
A short explanation if overall_pass is false.
Use an empty string if the response passes.


Return ONLY valid JSON in exactly this structure:

{
  ""helpfulness"": 1,
  ""intent_fit"": 1,
  ""grounding"": 1,
  ""factual_safety"": 1,
  ""escalation_appropriateness"": 1,
  ""professionalism"": 1,
  ""overall_pass"": false,
  ""failure_reason"": ""short explanation""
}",,,,,,,,,pending,
2824653,Generic,"@AmazonHelp @115850 Order ID- 405-1654839-4490746 picked up with wrong tracking details, please help! https://t.co/gWBZBPV96L",order_status_tracking,order_status_tracking,0.92,yes,False,none,I'm sorry you're experiencing this issue. Please provide the relevant order details so we can better understand the problem and determine the appropriate next steps.,fallback,"[{""customer_tweet_id"": 179931, ""customer_text"": ""@115850 order id 406-0875156-9923538 i cancelled it as its taking forever to come nd you guys ask for pick up from home date.. #shitamazon"", ""amazon_reply"": ""@158355 I'm sorry for the inconvenience. We'd like to look into it and work on it. (1/3)^AP"", ""similarity"": 0.19664941246599882}, {""customer_tweet_id"": 1891371, ""customer_text"": ""@115850 my orders 405-3303122-0102700 and 405-2724334-8547546 hasn't been delivered even though it has reached the destination."", ""amazon_reply"": ""@564005 We ship the products to meet the estimates, could you please tell us if we've missed the estimated delivery date? 1/2^HN"", ""similarity"": 0.1298552442891271}, {""customer_tweet_id"": 745083, ""customer_text"": ""@AmazonHelp @115850 U r as competent as ur customer service on ph."", ""amazon_reply"": ""@298115 We'd like to help, Amit. As requested earlier, please send us your details through the link shared earlier. ^MA"", ""similarity"": 0.12054223345198478}]","You are evaluating an AI customer-support response.

Do NOT assume that a response is good merely because it resembles a
historical response.

Evaluate whether the candidate response actually addresses the customer's
message and whether its claims are supported by the supplied historical
evidence.

CUSTOMER MESSAGE:
@AmazonHelp @115850 Order ID- 405-1654839-4490746 picked up with wrong tracking details, please help! https://t.co/gWBZBPV96L

HISTORICAL EVIDENCE:
Historical example 1
Similarity: 0.19664941246599882

Customer:
@115850 order id 406-0875156-9923538 i cancelled it as its taking forever to come nd you guys ask for pick up from home date.. #shitamazon

Amazon reply:
@158355 I'm sorry for the inconvenience. We'd like to look into it and work on it. (1/3)^AP

Historical example 2
Similarity: 0.1298552442891271

Customer:
@115850 my orders 405-3303122-0102700 and 405-2724334-8547546 hasn't been delivered even though it has reached the destination.

Amazon reply:
@564005 We ship the products to meet the estimates, could you please tell us if we've missed the estimated delivery date? 1/2^HN

Historical example 3
Similarity: 0.12054223345198478

Customer:
@AmazonHelp @115850 U r as competent as ur customer service on ph.

Amazon reply:
@298115 We'd like to help, Amit. As requested earlier, please send us your details through the link shared earlier. ^MA

CANDIDATE:
Generic

CANDIDATE RESPONSE:
I'm sorry you're experiencing this issue. Please provide the relevant order details so we can better understand the problem and determine the appropriate next steps.

ESCALATION DECISION MADE BY THE SYSTEM:
False

ESCALATION REASON:
none


Score each response from 1 to 5 on:

1. helpfulness
   1 = does not help the customer
   3 = somewhat useful
   5 = directly useful and addresses the issue

2. intent_fit
   1 = clearly misunderstands the customer's issue
   3 = partially addresses it
   5 = directly addresses the customer's issue

3. grounding
   1 = unsupported or contradicts the historical evidence
   3 = partly consistent with evidence
   5 = clearly grounded in the historical evidence

4. factual_safety
   1 = invents facts, policies, actions, or guarantees
   3 = mostly safe but somewhat assumptive
   5 = makes no unsupported claims

5. escalation_appropriateness
   1 = escalation decision is clearly inappropriate
   3 = debatable
   5 = clearly appropriate

6. professionalism
   1 = poor/unprofessional
   3 = acceptable
   5 = clear, concise, professional support language

Also provide:

overall_pass:
true only if the response is reasonably helpful, safe, relevant,
and appropriate for the situation.

failure_reason:
A short explanation if overall_pass is false.
Use an empty string if the response passes.


Return ONLY valid JSON in exactly this structure:

{
  ""helpfulness"": 1,
  ""intent_fit"": 1,
  ""grounding"": 1,
  ""factual_safety"": 1,
  ""escalation_appropriateness"": 1,
  ""professionalism"": 1,
  ""overall_pass"": false,
  ""failure_reason"": ""short explanation""
}",,,,,,,,,pending,
2824653,Retrieval,"@AmazonHelp @115850 Order ID- 405-1654839-4490746 picked up with wrong tracking details, please help! https://t.co/gWBZBPV96L",order_status_tracking,order_status_tracking,0.92,yes,False,none,@158355 I'm sorry for the inconvenience. We'd like to look into it and work on it. (1/3)^AP,fallback,"[{""customer_tweet_id"": 179931, ""customer_text"": ""@115850 order id 406-0875156-9923538 i cancelled it as its taking forever to come nd you guys ask for pick up from home date.. #shitamazon"", ""amazon_reply"": ""@158355 I'm sorry for the inconvenience. We'd like to look into it and work on it. (1/3)^AP"", ""similarity"": 0.19664941246599882}, {""customer_tweet_id"": 1891371, ""customer_text"": ""@115850 my orders 405-3303122-0102700 and 405-2724334-8547546 hasn't been delivered even though it has reached the destination."", ""amazon_reply"": ""@564005 We ship the products to meet the estimates, could you please tell us if we've missed the estimated delivery date? 1/2^HN"", ""similarity"": 0.1298552442891271}, {""customer_tweet_id"": 745083, ""customer_text"": ""@AmazonHelp @115850 U r as competent as ur customer service on ph."", ""amazon_reply"": ""@298115 We'd like to help, Amit. As requested earlier, please send us your details through the link shared earlier. ^MA"", ""similarity"": 0.12054223345198478}]","You are evaluating an AI customer-support response.

Do NOT assume that a response is good merely because it resembles a
historical response.

Evaluate whether the candidate response actually addresses the customer's
message and whether its claims are supported by the supplied historical
evidence.

CUSTOMER MESSAGE:
@AmazonHelp @115850 Order ID- 405-1654839-4490746 picked up with wrong tracking details, please help! https://t.co/gWBZBPV96L

HISTORICAL EVIDENCE:
Historical example 1
Similarity: 0.19664941246599882

Customer:
@115850 order id 406-0875156-9923538 i cancelled it as its taking forever to come nd you guys ask for pick up from home date.. #shitamazon

Amazon reply:
@158355 I'm sorry for the inconvenience. We'd like to look into it and work on it. (1/3)^AP

Historical example 2
Similarity: 0.1298552442891271

Customer:
@115850 my orders 405-3303122-0102700 and 405-2724334-8547546 hasn't been delivered even though it has reached the destination.

Amazon reply:
@564005 We ship the products to meet the estimates, could you please tell us if we've missed the estimated delivery date? 1/2^HN

Historical example 3
Similarity: 0.12054223345198478

Customer:
@AmazonHelp @115850 U r as competent as ur customer service on ph.

Amazon reply:
@298115 We'd like to help, Amit. As requested earlier, please send us your details through the link shared earlier. ^MA

CANDIDATE:
Retrieval

CANDIDATE RESPONSE:
@158355 I'm sorry for the inconvenience. We'd like to look into it and work on it. (1/3)^AP

ESCALATION DECISION MADE BY THE SYSTEM:
False

ESCALATION REASON:
none


Score each response from 1 to 5 on:

1. helpfulness
   1 = does not help the customer
   3 = somewhat useful
   5 = directly useful and addresses the issue

2. intent_fit
   1 = clearly misunderstands the customer's issue
   3 = partially addresses it
   5 = directly addresses the customer's issue

3. grounding
   1 = unsupported or contradicts the historical evidence
   3 = partly consistent with evidence
   5 = clearly grounded in the historical evidence

4. factual_safety
   1 = invents facts, policies, actions, or guarantees
   3 = mostly safe but somewhat assumptive
   5 = makes no unsupported claims

5. escalation_appropriateness
   1 = escalation decision is clearly inappropriate
   3 = debatable
   5 = clearly appropriate

6. professionalism
   1 = poor/unprofessional
   3 = acceptable
   5 = clear, concise, professional support language

Also provide:

overall_pass:
true only if the response is reasonably helpful, safe, relevant,
and appropriate for the situation.

failure_reason:
A short explanation if overall_pass is false.
Use an empty string if the response passes.


Return ONLY valid JSON in exactly this structure:

{
  ""helpfulness"": 1,
  ""intent_fit"": 1,
  ""grounding"": 1,
  ""factual_safety"": 1,
  ""escalation_appropriateness"": 1,
  ""professionalism"": 1,
  ""overall_pass"": false,
  ""failure_reason"": ""short explanation""
}",,,,,,,,,pending,
2824653,Agent,"@AmazonHelp @115850 Order ID- 405-1654839-4490746 picked up with wrong tracking details, please help! https://t.co/gWBZBPV96L",order_status_tracking,order_status_tracking,0.92,yes,False,none,I can help with your order status. Please check the current tracking information for the latest update on your order.,fallback,"[{""customer_tweet_id"": 179931, ""customer_text"": ""@115850 order id 406-0875156-9923538 i cancelled it as its taking forever to come nd you guys ask for pick up from home date.. #shitamazon"", ""amazon_reply"": ""@158355 I'm sorry for the inconvenience. We'd like to look into it and work on it. (1/3)^AP"", ""similarity"": 0.19664941246599882}, {""customer_tweet_id"": 1891371, ""customer_text"": ""@115850 my orders 405-3303122-0102700 and 405-2724334-8547546 hasn't been delivered even though it has reached the destination."", ""amazon_reply"": ""@564005 We ship the products to meet the estimates, could you please tell us if we've missed the estimated delivery date? 1/2^HN"", ""similarity"": 0.1298552442891271}, {""customer_tweet_id"": 745083, ""customer_text"": ""@AmazonHelp @115850 U r as competent as ur customer service on ph."", ""amazon_reply"": ""@298115 We'd like to help, Amit. As requested earlier, please send us your details through the link shared earlier. ^MA"", ""similarity"": 0.12054223345198478}]","You are evaluating an AI customer-support response.

Do NOT assume that a response is good merely because it resembles a
historical response.

Evaluate whether the candidate response actually addresses the customer's
message and whether its claims are supported by the supplied historical
evidence.

CUSTOMER MESSAGE:
@AmazonHelp @115850 Order ID- 405-1654839-4490746 picked up with wrong tracking details, please help! https://t.co/gWBZBPV96L

HISTORICAL EVIDENCE:
Historical example 1
Similarity: 0.19664941246599882

Customer:
@115850 order id 406-0875156-9923538 i cancelled it as its taking forever to come nd you guys ask for pick up from home date.. #shitamazon

Amazon reply:
@158355 I'm sorry for the inconvenience. We'd like to look into it and work on it. (1/3)^AP

Historical example 2
Similarity: 0.1298552442891271

Customer:
@115850 my orders 405-3303122-0102700 and 405-2724334-8547546 hasn't been delivered even though it has reached the destination.

Amazon reply:
@564005 We ship the products to meet the estimates, could you please tell us if we've missed the estimated delivery date? 1/2^HN

Historical example 3
Similarity: 0.12054223345198478

Customer:
@AmazonHelp @115850 U r as competent as ur customer service on ph.

Amazon reply:
@298115 We'd like to help, Amit. As requested earlier, please send us your details through the link shared earlier. ^MA

CANDIDATE:
Agent

CANDIDATE RESPONSE:
I can help with your order status. Please check the current tracking information for the latest update on your order.

ESCALATION DECISION MADE BY THE SYSTEM:
False

ESCALATION REASON:
none


Score each response from 1 to 5 on:

1. helpfulness
   1 = does not help the customer
   3 = somewhat useful
   5 = directly useful and addresses the issue

2. intent_fit
   1 = clearly misunderstands the customer's issue
   3 = partially addresses it
   5 = directly addresses the customer's issue

3. grounding
   1 = unsupported or contradicts the historical evidence
   3 = partly consistent with evidence
   5 = clearly grounded in the historical evidence

4. factual_safety
   1 = invents facts, policies, actions, or guarantees
   3 = mostly safe but somewhat assumptive
   5 = makes no unsupported claims

5. escalation_appropriateness
   1 = escalation decision is clearly inappropriate
   3 = debatable
   5 = clearly appropriate

6. professionalism
   1 = poor/unprofessional
   3 = acceptable
   5 = clear, concise, professional support language

Also provide:

overall_pass:
true only if the response is reasonably helpful, safe, relevant,
and appropriate for the situation.

failure_reason:
A short explanation if overall_pass is false.
Use an empty string if the response passes.


Return ONLY valid JSON in exactly this structure:

{
  ""helpfulness"": 1,
  ""intent_fit"": 1,
  ""grounding"": 1,
  ""factual_safety"": 1,
  ""escalation_appropriateness"": 1,
  ""professionalism"": 1,
  ""overall_pass"": false,
  ""failure_reason"": ""short explanation""
}",,,,,,,,,pending,
